transaction_id,date,product_id,customer_id,quantity,unit_price,discount_pct,net_revenue,unit_cost,total_cost
T000001,2024-01-01,P015,C025,4,520,0.0,2080.0,350,1400
T000002,2024-01-01,P013,C021,7,2900,0.0,20300.0,2100,14700
T000003,2024-01-01,P010,C006,3,380,12.0,1003.2,260,780
T000004,2024-01-01,P010,C011,6,380,0.0,2280.0,260,1560
T000005,2024-01-01,P020,C032,3,3100,8.0,8556.0,2200,6600
T000006,2024-01-01,P002,C015,5,900,0.0,4500.0,650,3250
T000007,2024-01-01,P004,C036,8,340,0.0,2720.0,220,1760
T000008,2024-01-01,P014,C025,1,260,8.0,239.2,180,180
T000009,2024-01-01,P011,C024,2,2600,5.0,4940.0,1800,3600
T000010,2024-01-02,P012,C027,3,5200,8.0,14352.0,3800,11400
T000011,2024-01-02,P017,C017,3,420,0.0,1260.0,340,1020
T000012,2024-01-02,P010,C001,4,380,8.0,1398.4,260,1040
T000013,2024-01-02,P019,C006,5,230,0.0,1150.0,150,750
T000014,2024-01-02,P016,C021,13,2100,0.0,27300.0,1400,18200
T000015,2024-01-02,P018,C020,2,78,5.0,148.2,62,124
T000016,2024-01-02,P006,C009,4,82,8.0,301.76,55,220
T000017,2024-01-02,P003,C012,6,1250,0.0,7500.0,900,5400
T000018,2024-01-02,P010,C030,6,380,5.0,2166.0,260,1560
T000019,2024-01-02,P002,C011,6,900,5.0,5130.0,650,3900
T000020,2024-01-03,P018,C024,4,78,8.0,287.04,62,248
T000021,2024-01-03,P004,C034,9,340,12.0,2692.8,220,1980
T000022,2024-01-03,P009,C022,2,600,0.0,1200.0,420,840
T000023,2024-01-03,P007,C015,9,1850,0.0,16650.0,1200,10800
T000024,2024-01-03,P002,C007,4,900,0.0,3600.0,650,2600
T000025,2024-01-03,P020,C007,6,3100,0.0,18600.0,2200,13200
T000026,2024-01-04,P020,C013,15,3100,0.0,46500.0,2200,33000
T000027,2024-01-04,P011,C004,13,2600,0.0,33800.0,1800,23400
T000028,2024-01-04,P017,C024,7,420,0.0,2940.0,340,2380
T000029,2024-01-04,P007,C034,4,1850,0.0,7400.0,1200,4800
T000030,2024-01-04,P016,C029,7,2100,0.0,14700.0,1400,9800
T000031,2024-01-04,P016,C018,2,2100,0.0,4200.0,1400,2800
T000032,2024-01-04,P015,C011,9,520,10.0,4212.0,350,3150
T000033,2024-01-04,P009,C022,3,600,0.0,1800.0,420,1260
T000034,2024-01-04,P006,C025,12,82,8.0,905.28,55,660
T000035,2024-01-04,P011,C009,4,2600,0.0,10400.0,1800,7200
T000036,2024-01-04,P008,C015,5,6200,0.0,31000.0,4200,21000
T000037,2024-01-04,P010,C004,16,380,10.0,5472.0,260,4160
T000038,2024-01-04,P006,C023,3,82,5.0,233.7,55,165
T000039,2024-01-04,P018,C010,2,78,5.0,148.2,62,124
T000040,2024-01-05,P018,C038,1,78,0.0,78.0,62,62
T000041,2024-01-05,P011,C008,15,2600,12.0,34320.0,1800,27000
T000042,2024-01-05,P011,C003,6,2600,12.0,13728.0,1800,10800
T000043,2024-01-05,P002,C032,1,900,8.0,828.0,650,650
T000044,2024-01-05,P013,C033,3,2900,0.0,8700.0,2100,6300
T000045,2024-01-05,P003,C040,5,1250,12.0,5500.0,900,4500
T000046,2024-01-05,P007,C028,2,1850,12.0,3256.0,1200,2400
T000047,2024-01-05,P004,C016,25,340,,7820.0,220,5500
T000048,2024-01-05,P012,C016,2,5200,0.0,10400.0,3800,7600
T000049,2024-01-05,P006,C008,1,82,0.0,82.0,55,55
T000050,2024-01-05,P010,C031,1,380,12.0,334.4,260,260
T000051,2024-01-05,P009,C036,1,600,8.0,552.0,420,420
T000052,2024-01-05,P020,C040,3,3100,8.0,8556.0,2200,6600
T000053,2024-01-06,P012,C008,9,5200,5.0,44460.0,3800,34200
T000054,2024-01-06,P016,C027,3,2100,8.0,5796.0,1400,4200
T000055,2024-01-06,P012,C010,15,5200,5.0,74100.0,3800,57000
T000056,2024-01-06,P005,C010,6,48,10.0,259.2,32,192
T000057,2024-01-06,P016,C019,5,2100,0.0,10500.0,1400,7000
T000058,2024-01-06,P001,C011,8,3200,0.0,25600.0,2400,19200
T000059,2024-01-06,P011,C001,11,2600,8.0,26312.0,1800,19800
T000060,2024-01-06,P011,C037,1,2600,0.0,2600.0,1800,1800
T000061,2024-01-06,P013,C006,3,2900,5.0,8265.0,2100,6300
T000062,2024-01-06,P005,C002,2,48,10.0,86.4,32,64
T000063,2024-01-07,P004,C037,7,340,10.0,2142.0,220,1540
T000064,2024-01-07,P003,C013,9,1250,8.0,10350.0,900,8100
T000065,2024-01-07,P001,C023,10,3200,10.0,28800.0,2400,24000
T000066,2024-01-07,P010,C022,2,380,0.0,760.0,260,520
T000067,2024-01-07,P002,C004,6,900,5.0,5130.0,650,3900
T000068,2024-01-07,P020,C020,13,3100,0.0,40300.0,2200,28600
T000069,2024-01-07,P015,C030,5,520,0.0,2600.0,350,1750
T000070,2024-01-07,P003,C008,9,1250,12.0,9900.0,900,8100
T000071,2024-01-07,P013,C025,20,2900,0.0,58000.0,2100,42000
T000072,2024-01-07,P012,C019,3,5200,8.0,14352.0,3800,11400
T000073,2024-01-07,P011,C032,1,2600,12.0,2288.0,1800,1800
T000074,2024-01-08,P006,C010,5,82,0.0,410.0,55,275
T000075,2024-01-08,P020,C031,4,3100,10.0,11160.0,2200,8800
T000076,2024-01-08,P016,C001,7,2100,12.0,12936.0,1400,9800
T000077,2024-01-08,P011,C023,8,2600,12.0,18304.0,1800,14400
T000078,2024-01-08,P019,C027,1,230,0.0,230.0,150,150
T000079,2024-01-08,P020,C010,3,3100,10.0,8370.0,2200,6600
T000080,2024-01-08,P013,C023,4,2900,10.0,10440.0,2100,8400
T000081,2024-01-08,P014,C032,12,260,0.0,3120.0,180,2160
T000082,2024-01-08,P016,C031,1,2100,0.0,2100.0,1400,1400
T000083,2024-01-08,P020,C005,8,3100,10.0,22320.0,2200,17600
T000084,2024-01-08,P015,C019,1,520,0.0,520.0,350,350
T000085,2024-01-08,P017,C022,1,420,0.0,420.0,340,340
T000086,2024-01-09,P002,C013,6,900,5.0,5130.0,650,3900
T000087,2024-01-09,P006,C007,5,82,0.0,410.0,55,275
T000088,2024-01-09,P007,C002,6,1850,0.0,11100.0,1200,7200
T000089,2024-01-09,P017,C010,2,420,12.0,739.2,340,680
T000090,2024-01-09,P020,C019,3,3100,0.0,9300.0,2200,6600
T000091,2024-01-09,P001,C005,10,3200,0.0,32000.0,2400,24000
T000092,2024-01-09,P007,C040,3,1850,8.0,5106.0,1200,3600
T000093,2024-01-09,P004,C035,3,340,0.0,1020.0,220,660
T000094,2024-01-09,P015,C029,23,520,8.0,11003.2,350,8050
T000095,2024-01-09,P015,C001,5,520,10.0,2340.0,350,1750
T000096,2024-01-09,P010,C002,2,380,5.0,722.0,260,520
T000097,2024-01-09,P010,C024,8,380,10.0,2736.0,260,2080
T000098,2024-01-09,P007,C014,6,1850,0.0,11100.0,1200,7200
T000099,2024-01-10,P005,C023,21,48,0.0,1008.0,32,672
T000100,2024-01-10,P019,C005,1,230,8.0,211.6,150,150
T000101,2024-01-10,P016,C014,4,2100,10.0,7560.0,1400,5600
T000102,2024-01-10,P011,C028,2,2600,0.0,5200.0,1800,3600
T000103,2024-01-10,P008,C021,2,6200,10.0,11160.0,4200,8400
T000104,2024-01-10,P020,C017,12,3100,0.0,37200.0,2200,26400
T000105,2024-01-10,P020,C039,5,3100,5.0,14725.0,2200,11000
T000106,2024-01-11,P006,C025,10,82,5.0,779.0,55,550
T000107,2024-01-11,P008,C025,1,6200,10.0,5580.0,4200,4200
T000108,2024-01-11,P005,C001,4,48,8.0,176.64,32,128
T000109,2024-01-11,P010,C034,2,380,12.0,668.8,260,520
T000110,2024-01-11,P001,C017,7,3200,10.0,20160.0,2400,16800
T000111,2024-01-12,P012,C017,8,5200,8.0,38272.0,3800,30400
T000112,2024-01-12,P019,C007,5,230,5.0,1092.5,150,750
T000113,2024-01-12,P007,C026,6,1850,5.0,10545.0,1200,7200
T000114,2024-01-12,P020,C009,12,3100,12.0,32736.0,2200,26400
T000115,2024-01-12,P017,C010,6,420,0.0,2520.0,340,2040
T000116,2024-01-12,P003,C001,1,1250,10.0,1125.0,900,900
T000117,2024-01-12,P005,C008,1,48,12.0,42.24,32,32
T000118,2024-01-12,P012,C036,1,5200,12.0,4576.0,3800,3800
T000119,2024-01-12,P005,C014,1,48,5.0,45.6,32,32
T000120,2024-01-12,P014,C008,8,260,5.0,1976.0,180,1440
T000121,2024-01-12,P018,C019,7,78,8.0,502.32,62,434
T000122,2024-01-12,P015,C010,2,520,5.0,988.0,350,700
T000123,2024-01-13,P011,C007,1,2600,0.0,2600.0,1800,1800
T000124,2024-01-13,P014,C033,8,260,10.0,1872.0,180,1440
T000125,2024-01-13,P006,C026,12,82,5.0,934.8,55,660
T000126,2024-01-13,P010,C014,2,380,5.0,722.0,260,520
T000127,2024-01-14,P009,C021,7,600,0.0,4200.0,420,2940
T000128,2024-01-14,P001,C034,5,3200,12.0,14080.0,2400,12000
T000129,2024-01-14,P013,C006,7,2900,10.0,18270.0,2100,14700
T000130,2024-01-14,P009,C021,5,600,8.0,2760.0,420,2100
T000131,2024-01-14,P010,C007,4,380,0.0,1520.0,260,1040
T000132,2024-01-14,P007,C011,6,1850,0.0,11100.0,1200,7200
T000133,2024-01-14,P016,C038,11,2100,12.0,20328.0,1400,15400
T000134,2024-01-14,P014,C036,2,260,10.0,468.0,180,360
T000135,2024-01-14,P006,C034,1,82,12.0,72.16,55,55
T000136,2024-01-14,P020,C025,6,3100,5.0,17670.0,2200,13200
T000137,2024-01-14,P013,C021,8,2900,0.0,23200.0,2100,16800
T000138,2024-01-14,P008,C024,6,6200,0.0,37200.0,4200,25200
T000139,2024-01-15,P006,C003,1,82,0.0,82.0,55,55
T000140,2024-01-15,P011,C036,2,2600,0.0,5200.0,1800,3600
T000141,2024-01-15,P017,C004,10,420,10.0,3780.0,340,3400
T000142,2024-01-15,P014,C006,10,260,0.0,2600.0,180,1800
T000143,2024-01-15,P009,C002,7,600,0.0,4200.0,420,2940
T000144,2024-01-15,P001,C002,8,3200,0.0,25600.0,2400,19200
T000145,2024-01-15,P003,C013,4,1250,0.0,5000.0,900,3600
T000146,2024-01-15,P016,C002,3,2100,5.0,5985.0,1400,4200
T000147,2024-01-15,P015,C030,10,520,12.0,4576.0,350,3500
T000148,2024-01-15,P017,C002,13,420,8.0,5023.2,340,4420
T000149,2024-01-15,P009,C032,1,600,12.0,528.0,420,420
T000150,2024-01-15,P011,C031,7,2600,0.0,18200.0,1800,12600
T000151,2024-01-15,P007,C016,-1,1850,10.0,8325.0,1200,6000
T000152,2024-01-15,P005,C025,1,48,0.0,48.0,32,32
T000153,2024-01-16,P008,C034,2,6200,0.0,12400.0,4200,8400
T000154,2024-01-16,P019,C007,10,230,5.0,2185.0,150,1500
T000155,2024-01-16,P001,C011,7,3200,0.0,22400.0,2400,16800
T000156,2024-01-16,P006,C025,8,82,0.0,656.0,55,440
T000157,2024-01-16,P001,C038,1,3200,8.0,2944.0,2400,2400
T000158,2024-01-16,P015,C034,14,520,10.0,6552.0,350,4900
T000159,2024-01-17,P002,C025,15,900,0.0,13500.0,650,9750
T000160,2024-01-17,P011,C027,5,2600,12.0,11440.0,1800,9000
T000161,2024-01-17,P006,C031,4,82,5.0,311.6,55,220
T000162,2024-01-17,P011,C004,6,2600,0.0,15600.0,1800,10800
T000163,2024-01-17,P013,C005,9,2900,10.0,23490.0,2100,18900
T000164,2024-01-17,P012,C001,2,5200,0.0,10400.0,3800,7600
T000165,2024-01-17,P019,C008,6,230,10.0,1242.0,150,900
T000166,2024-01-17,P019,C024,1,230,10.0,207.0,150,150
T000167,2024-01-17,P011,C009,4,2600,0.0,10400.0,1800,7200
T000168,2024-01-18,P016,C039,6,2100,12.0,11088.0,1400,8400
T000169,2024-01-18,P004,C018,1,340,8.0,312.8,220,220
T000170,2024-01-18,P012,C016,11,5200,5.0,54340.0,3800,41800
T000171,2024-01-18,P004,C018,13,340,10.0,3978.0,220,2860
T000172,2024-01-18,P001,C006,2,3200,12.0,5632.0,2400,4800
T000173,2024-01-18,P014,C032,16,260,0.0,4160.0,180,2880
T000174,2024-01-18,P010,C037,15,380,0.0,5700.0,260,3900
T000175,2024-01-18,P012,C006,6,5200,5.0,29640.0,3800,22800
T000176,2024-01-19,P002,C040,2,900,8.0,1656.0,650,1300
T000177,2024-01-19,P010,C021,5,380,5.0,1805.0,260,1300
T000178,2024-01-19,P003,C016,3,1250,0.0,3750.0,900,2700
T000179,2024-01-19,P001,C033,6,3200,0.0,19200.0,2400,14400
T000180,2024-01-19,P013,C029,1,2900,8.0,2668.0,2100,2100
T000181,2024-01-19,P009,C007,4,600,0.0,2400.0,420,1680
T000182,2024-01-19,P018,C040,9,78,12.0,617.76,62,558
T000183,2024-01-19,P004,C013,1,340,12.0,299.2,220,220
T000184,2024-01-20,P014,C006,2,260,10.0,468.0,180,360
T000185,2024-01-20,P009,C004,1,600,0.0,600.0,420,420
T000186,2024-01-20,P001,C040,14,3200,10.0,40320.0,2400,33600
T000187,2024-01-20,P014,C028,4,260,0.0,1040.0,180,720
T000188,2024-01-20,P004,C002,2,340,10.0,612.0,220,440
T000189,2024-01-20,P003,C033,2,1250,0.0,2500.0,900,1800
T000190,2024-01-20,P014,C037,2,260,12.0,457.6,180,360
T000191,2024-01-21,P012,C013,6,5200,10.0,28080.0,3800,22800
T000192,2024-01-21,P003,C024,7,1250,0.0,8750.0,900,6300
T000193,2024-01-21,P006,C020,9,82,0.0,738.0,55,495
T000194,2024-01-21,P005,C038,7,48,0.0,336.0,32,224
T000195,2024-01-21,P013,C035,3,2900,10.0,7830.0,2100,6300
T000196,2024-01-21,P015,C034,6,520,10.0,2808.0,350,2100
T000197,2024-01-21,P001,C033,2,3200,0.0,6400.0,2400,4800
T000198,2024-01-21,P017,C028,4,420,8.0,1545.6,340,1360
T000199,2024-01-21,P020,C008,5,3100,0.0,15500.0,2200,11000
T000200,2024-01-21,P018,C028,1,78,0.0,78.0,62,62
T000201,2024-01-21,P017,C004,9,420,5.0,3591.0,340,3060
T000202,2024-01-22,P008,C024,6,6200,5.0,35340.0,4200,25200
T000203,2024-01-22,P003,C029,3,1250,0.0,3750.0,900,2700
T000204,2024-01-22,P019,C035,15,230,12.0,3036.0,150,2250
T000205,2024-01-22,P014,C009,6,260,8.0,1435.2,180,1080
T000206,2024-01-22,P001,C011,8,3200,12.0,22528.0,2400,19200
T000207,2024-01-22,P020,C015,3,3100,0.0,9300.0,2200,6600
T000208,2024-01-22,P009,C007,8,600,0.0,4800.0,420,3360
T000209,2024-01-22,P013,C033,6,2900,10.0,15660.0,2100,12600
T000210,2024-01-22,P002,C001,1,900,10.0,810.0,650,650
T000211,2024-01-22,P018,C013,5,78,10.0,351.0,62,310
T000212,2024-01-22,P013,C012,6,2900,0.0,17400.0,2100,12600
T000213,2024-01-22,P001,C006,7,3200,10.0,20160.0,2400,16800
T000214,2024-01-22,P006,C014,5,82,8.0,377.2,55,275
T000215,2024-01-22,P013,C031,11,2900,5.0,30305.0,2100,23100
T000216,2024-01-23,P006,C010,2,82,0.0,164.0,55,110
T000217,2024-01-23,P017,C002,2,420,0.0,840.0,340,680
T000218,2024-01-23,P012,C015,5,5200,10.0,23400.0,3800,19000
T000219,2024-01-23,P011,C003,13,2600,8.0,31096.0,1800,23400
T000220,2024-01-23,P014,C001,6,260,0.0,1560.0,180,1080
T000221,2024-01-23,P007,C009,3,1850,5.0,5272.5,1200,3600
T000222,2024-01-23,P016,C020,1,2100,0.0,2100.0,1400,1400
T000223,2024-01-23,P016,C002,4,2100,8.0,7728.0,1400,5600
T000224,2024-01-23,P016,C025,1,2100,0.0,2100.0,1400,1400
T000225,2024-01-23,P005,C031,12,48,12.0,506.88,32,384
T000226,2024-01-24,P004,C023,4,340,0.0,1360.0,220,880
T000227,2024-01-24,P001,C021,8,3200,0.0,25600.0,2400,19200
T000228,2024-01-24,P001,C006,4,3200,12.0,11264.0,2400,9600
T000229,2024-01-24,P003,C005,9,1250,0.0,11250.0,900,8100
T000230,2024-01-24,P011,C030,7,2600,0.0,18200.0,1800,12600
T000231,2024-01-24,P007,C035,8,1850,12.0,13024.0,1200,9600
T000232,2024-01-24,P010,C028,9,380,0.0,3420.0,260,2340
T000233,2024-01-24,P015,C029,1,520,0.0,520.0,350,350
T000234,2024-01-25,P013,C029,2,2900,0.0,5800.0,2100,4200
T000235,2024-01-25,P019,C038,4,230,0.0,920.0,150,600
T000236,2024-01-25,P006,C029,1,82,0.0,82.0,55,55
T000237,2024-01-25,P003,C011,2,1250,0.0,2500.0,900,1800
T000238,2024-01-25,P020,C033,5,3100,10.0,13950.0,2200,11000
T000239,2024-01-26,P001,C037,10,3200,0.0,32000.0,2400,24000
T000240,2024-01-26,P001,C029,6,3200,12.0,16896.0,2400,14400
T000241,2024-01-26,P003,C013,5,1250,12.0,5500.0,900,4500
T000242,2024-01-26,P004,C015,1,340,12.0,299.2,220,220
T000243,2024-01-26,P007,C021,4,1850,0.0,7400.0,1200,4800
T000244,2024-01-26,P005,C004,21,48,5.0,957.6,32,672
T000245,2024-01-26,P001,C017,3,3200,0.0,9600.0,2400,7200
T000246,2024-01-26,P006,C007,2,82,0.0,164.0,55,110
T000247,2024-01-27,P015,C013,3,520,10.0,1404.0,350,1050
T000248,2024-01-27,P006,C030,13,82,12.0,938.08,55,715
T000249,2024-01-27,P002,C039,8,900,5.0,6840.0,650,5200
T000250,2024-01-27,P011,C037,2,2600,0.0,5200.0,1800,3600
T000251,2024-01-27,P007,C009,1,1850,5.0,1757.5,1200,1200
T000252,2024-01-27,P019,C029,2,230,0.0,460.0,150,300
T000253,2024-01-27,P017,C021,2,420,0.0,840.0,340,680
T000254,2024-01-27,P020,C036,3,3100,8.0,8556.0,2200,6600
T000255,2024-01-27,P013,C026,1,2900,0.0,2900.0,2100,2100
T000256,2024-01-28,P006,C011,7,82,12.0,505.12,55,385
T000257,2024-01-28,P006,C032,1,82,5.0,77.9,55,55
T000258,2024-01-28,P018,C001,5,78,12.0,343.2,62,310
T000259,2024-01-28,P015,C015,5,520,0.0,2600.0,350,1750
T000260,2024-01-28,P014,C028,11,260,0.0,2860.0,180,1980
T000261,2024-01-28,P003,C017,3,1250,10.0,3375.0,900,2700
T000262,2024-01-28,P003,C021,1,1250,12.0,1100.0,900,900
T000263,2024-01-28,P017,C014,9,420,0.0,3780.0,340,3060
T000264,2024-01-28,P005,C031,2,48,8.0,88.32,32,64
T000265,2024-01-29,P017,C006,4,420,12.0,1478.4,340,1360
T000266,2024-01-29,P002,C024,7,900,8.0,5796.0,650,4550
T000267,2024-01-29,P011,C018,3,2600,12.0,6864.0,1800,5400
T000268,2024-01-29,P004,C034,3,340,0.0,1020.0,220,660
T000269,2024-01-29,P018,C010,4,78,0.0,312.0,62,248
T000270,2024-01-29,P001,C023,8,3200,5.0,24320.0,2400,19200
T000271,2024-01-29,P003,C013,1,1250,12.0,1100.0,900,900
T000272,2024-01-30,P008,C001,8,6200,10.0,44640.0,4200,33600
T000273,2024-01-30,P005,C020,2,48,12.0,84.48,32,64
T000274,2024-01-30,P003,C002,1,1250,0.0,1250.0,900,900
T000275,2024-01-30,P017,C004,6,420,10.0,2268.0,340,2040
T000276,2024-01-30,P009,C024,6,600,0.0,3600.0,420,2520
T000277,2024-01-30,P001,C019,2,3200,0.0,6400.0,2400,4800
T000278,2024-01-30,P013,C036,5,2900,8.0,13340.0,2100,10500
T000279,2024-01-30,P013,C002,1,2900,8.0,2668.0,2100,2100
T000280,2024-01-30,P014,C038,1,260,0.0,260.0,180,180
T000281,2024-01-30,P007,C008,6,1850,0.0,11100.0,1200,7200
T000282,2024-01-30,P018,C031,24,78,8.0,1722.24,62,1488
T000283,2024-01-30,P010,C033,6,380,0.0,2280.0,260,1560
T000284,2024-01-30,P006,C011,20,82,12.0,1443.2,55,1100
T000285,2024-01-31,P018,C033,7,78,0.0,546.0,62,434
T000286,2024-01-31,P008,C015,4,6200,5.0,23560.0,4200,16800
T000287,2024-01-31,P007,C007,1,1850,10.0,1665.0,1200,1200
T000288,2024-01-31,P015,C002,1,520,0.0,520.0,350,350
T000289,2024-01-31,P009,C006,9,600,0.0,5400.0,420,3780
T000290,2024-01-31,P005,C010,1,48,10.0,43.2,32,32
T000291,2024-01-31,P015,C038,7,520,12.0,3203.2,350,2450
T000292,2024-02-01,P009,C036,2,600,10.0,1080.0,420,840
T000293,2024-02-01,P002,C008,3,900,12.0,2376.0,650,1950
T000294,2024-02-01,P013,C038,7,2900,12.0,17864.0,2100,14700
T000295,2024-02-01,P012,C006,1,5200,5.0,4940.0,3800,3800
T000296,2024-02-01,P018,C019,3,78,0.0,234.0,62,186
T000297,2024-02-01,P019,C033,6,230,8.0,1269.6,150,900
T000298,2024-02-01,P015,C034,3,520,0.0,1560.0,350,1050
T000299,2024-02-01,P017,C035,11,420,0.0,4620.0,340,3740
T000300,2024-02-02,P014,C013,8,260,10.0,1872.0,180,1440
T000301,2024-02-02,P019,C040,2,230,5.0,437.0,150,300
T000302,2024-02-02,P016,C038,3,2100,5.0,5985.0,1400,4200
T000303,2024-02-02,P020,C025,10,3100,12.0,27280.0,2200,22000
T000304,2024-02-02,P019,C017,12,230,8.0,2539.2,150,1800
T000305,2024-02-02,P008,C003,20,6200,5.0,117800.0,4200,84000
T000306,2024-02-02,P006,C033,3,82,5.0,233.7,55,165
T000307,2024-02-02,P001,C004,3,3200,5.0,9120.0,2400,7200
T000308,2024-02-02,P006,C016,5,82,10.0,369.0,55,275
T000309,2024-02-02,P016,C016,9,2100,8.0,17388.0,1400,12600
T000310,2024-02-02,P004,C029,9,340,0.0,3060.0,220,1980
T000311,2024-02-03,P009,C010,3,600,0.0,1800.0,420,1260
T000312,2024-02-03,P010,C023,5,380,5.0,1805.0,260,1300
T000313,2024-02-03,P010,C038,2,380,10.0,684.0,260,520
T000314,2024-02-03,P003,C023,5,1250,0.0,6250.0,900,4500
T000315,2024-02-03,P003,C031,2,1250,0.0,2500.0,900,1800
T000316,2024-02-03,P011,C022,6,2600,5.0,14820.0,1800,10800
T000317,2024-02-03,P017,C025,1,420,0.0,420.0,340,340
T000318,2024-02-03,P017,C003,6,420,0.0,2520.0,340,2040
T000319,2024-02-03,P001,C005,1,3200,0.0,3200.0,2400,2400
T000320,2024-02-03,P006,C027,5,82,0.0,410.0,55,275
T000321,2024-02-04,P020,C031,1,3100,5.0,2945.0,2200,2200
T000322,2024-02-04,P020,C026,9,3100,5.0,26505.0,2200,19800
T000323,2024-02-04,P012,C029,2,5200,0.0,10400.0,3800,7600
T000324,2024-02-04,P017,C032,13,420,12.0,4804.8,340,4420
T000325,2024-02-04,P017,C017,5,420,10.0,1890.0,340,1700
T000326,2024-02-04,P019,C008,1,230,12.0,202.4,150,150
T000327,2024-02-04,P010,C015,6,380,10.0,2052.0,260,1560
T000328,2024-02-04,P019,C011,3,230,12.0,607.2,150,450
T000329,2024-02-04,P005,C034,2,48,0.0,96.0,32,64
T000330,2024-02-04,P014,C024,3,260,0.0,780.0,180,540
T000331,2024-02-04,P009,C026,1,600,12.0,528.0,420,420
T000332,2024-02-04,P014,C038,5,260,12.0,1144.0,180,900
T000333,2024-02-04,P016,C005,5,2100,8.0,9660.0,1400,7000
T000334,2024-02-04,P020,C030,1,3100,0.0,3100.0,2200,2200
T000335,2024-02-05,P009,C019,4,600,10.0,2160.0,420,1680
T000336,2024-02-05,P003,C001,1,1250,0.0,1250.0,900,900
T000337,2024-02-05,P017,C020,2,420,5.0,798.0,340,680
T000338,2024-02-06,P008,C018,12,6200,0.0,74400.0,4200,50400
T000339,2024-02-06,P001,C008,4,3200,8.0,11776.0,2400,9600
T000340,2024-02-06,P008,C017,4,6200,0.0,24800.0,4200,16800
T000341,2024-02-06,P014,C039,7,260,,1820.0,180,1260
T000342,2024-02-06,P006,C014,2,82,0.0,164.0,55,110
T000343,2024-02-06,P020,C037,8,3100,0.0,24800.0,2200,17600
T000344,2024-02-06,P014,C017,1,260,10.0,234.0,180,180
T000345,2024-02-06,P006,C006,10,82,0.0,820.0,55,550
T000346,2024-02-06,P020,C025,4,3100,10.0,11160.0,2200,8800
T000347,2024-02-06,P018,C038,1,78,0.0,78.0,62,62
T000348,2024-02-06,P016,C039,1,2100,5.0,1995.0,1400,1400
T000349,2024-02-06,P019,C005,3,230,12.0,607.2,150,450
T000350,2024-02-07,P013,C016,2,2900,8.0,5336.0,2100,4200
T000351,2024-02-07,P008,C023,6,6200,8.0,34224.0,4200,25200
T000352,2024-02-07,P020,C024,5,3100,12.0,13640.0,2200,11000
T000353,2024-02-07,P010,C039,1,380,0.0,380.0,260,260
T000354,2024-02-07,P001,C033,3,3200,10.0,8640.0,2400,7200
T000355,2024-02-07,P005,C022,3,48,5.0,136.8,32,96
T000356,2024-02-07,P016,C026,3,2100,0.0,6300.0,1400,4200
T000357,2024-02-07,P012,C033,9,5200,0.0,46800.0,3800,34200
T000358,2024-02-07,P017,C015,1,420,0.0,420.0,340,340
T000359,2024-02-07,P010,C029,1,380,0.0,380.0,260,260
T000360,2024-02-07,P004,C011,1,340,0.0,340.0,220,220
T000361,2024-02-07,P020,C024,3,3100,0.0,9300.0,2200,6600
T000362,2024-02-07,P004,C001,16,340,5.0,5168.0,220,3520
T000363,2024-02-07,P019,C015,10,230,10.0,2070.0,150,1500
T000364,2024-02-07,P017,C030,7,420,0.0,2940.0,340,2380
T000365,2024-02-07,P001,C030,5,3200,10.0,14400.0,2400,12000
T000366,2024-02-08,P013,C019,10,2900,12.0,25520.0,2100,21000
T000367,2024-02-08,P018,C007,3,78,0.0,234.0,62,186
T000368,2024-02-08,P006,C013,4,82,12.0,288.64,55,220
T000369,2024-02-08,P020,C038,3,3100,0.0,9300.0,2200,6600
T000370,2024-02-09,P010,C040,3,380,10.0,1026.0,260,780
T000371,2024-02-09,P017,C038,2,420,12.0,739.2,340,680
T000372,2024-02-09,P007,C036,7,1850,0.0,12950.0,1200,8400
T000373,2024-02-09,P019,C037,1,230,0.0,230.0,150,150
T000374,2024-02-09,P010,C015,2,380,8.0,699.2,260,520
T000375,2024-02-09,P008,C026,4,6200,12.0,21824.0,4200,16800
T000376,2024-02-09,P003,C020,25,1250,5.0,29687.5,900,22500
T000377,2024-02-09,P017,C001,3,420,12.0,1108.8,340,1020
T000378,2024-02-09,P010,C038,10,380,5.0,3610.0,260,2600
T000379,2024-02-10,P020,C003,1,3100,8.0,2852.0,2200,2200
T000380,2024-02-10,P003,C029,1,1250,10.0,1125.0,900,900
T000381,2024-02-10,P006,C018,4,82,12.0,288.64,55,220
T000382,2024-02-10,P006,C015,6,82,8.0,452.64,55,330
T000383,2024-02-10,P001,C001,5,3200,0.0,16000.0,2400,12000
T000384,2024-02-10,P006,C039,5,82,5.0,389.5,55,275
T000385,2024-02-10,P019,C025,1,230,0.0,230.0,150,150
T000386,2024-02-10,P005,C024,3,48,0.0,144.0,32,96
T000387,2024-02-10,P007,C038,7,1850,10.0,11655.0,1200,8400
T000388,2024-02-10,P019,C013,11,230,12.0,2226.4,150,1650
T000389,2024-02-10,P017,C005,8,420,0.0,3360.0,340,2720
T000390,2024-02-10,P019,C023,4,230,12.0,809.6,150,600
T000391,2024-02-11,P012,C021,1,5200,0.0,5200.0,3800,3800
T000392,2024-02-11,P015,C020,1,520,10.0,468.0,350,350
T000393,2024-02-11,P016,C009,2,2100,12.0,3696.0,1400,2800
T000394,2024-02-11,P011,C015,7,2600,0.0,18200.0,1800,12600
T000395,2024-02-11,P014,C036,10,260,5.0,2470.0,180,1800
T000396,2024-02-11,P005,C014,1,48,5.0,45.6,32,32
T000397,2024-02-11,P003,C012,6,1250,5.0,7125.0,900,5400
T000398,2024-02-11,P001,C005,3,3200,12.0,8448.0,2400,7200
T000399,2024-02-11,P009,C022,3,600,0.0,1800.0,420,1260
T000400,2024-02-11,P013,C033,1,2900,12.0,2552.0,2100,2100
T000401,2024-02-12,P019,C033,6,230,8.0,1269.6,150,900
T000402,2024-02-12,P006,C006,7,82,10.0,516.6,55,385
T000403,2024-02-12,P013,C024,1,2900,0.0,2900.0,2100,2100
T000404,2024-02-12,P017,C032,1,420,0.0,420.0,340,340
T000405,2024-02-12,P008,C009,1,6200,5.0,5890.0,4200,4200
T000406,2024-02-12,P012,C024,4,5200,12.0,18304.0,3800,15200
T000407,2024-02-13,P011,C010,10,2600,8.0,23920.0,1800,18000
T000408,2024-02-13,P008,C029,10,6200,0.0,62000.0,4200,42000
T000409,2024-02-13,P004,C026,4,340,12.0,1196.8,220,880
T000410,2024-02-13,P011,C003,9,2600,10.0,21060.0,1800,16200
T000411,2024-02-13,P018,C020,3,78,5.0,222.3,62,186
T000412,2024-02-13,P014,C029,14,260,0.0,3640.0,180,2520
T000413,2024-02-13,P011,C027,2,2600,5.0,4940.0,1800,3600
T000414,2024-02-13,P017,C025,3,420,0.0,1260.0,340,1020
T000415,2024-02-13,P011,C034,2,2600,0.0,5200.0,1800,3600
T000416,2024-02-13,P014,C019,6,260,10.0,1404.0,180,1080
T000417,2024-02-14,P002,C034,7,900,5.0,5985.0,650,4550
T000418,2024-02-14,P016,C012,8,2100,5.0,15960.0,1400,11200
T000419,2024-02-14,P019,C019,5,230,0.0,1150.0,150,750
T000420,2024-02-14,P016,C028,1,2100,8.0,1932.0,1400,1400
T000421,2024-02-14,P015,C029,7,520,10.0,3276.0,350,2450
T000422,2024-02-14,P005,C012,4,48,0.0,192.0,32,128
T000423,2024-02-14,P012,C031,5,5200,10.0,23400.0,3800,19000
T000424,2024-02-14,P019,C038,6,230,0.0,1380.0,150,900
T000425,2024-02-14,P001,C036,9,3200,12.0,25344.0,2400,21600
T000426,2024-02-14,P016,C031,4,2100,10.0,7560.0,1400,5600
T000427,2024-02-15,P019,C034,11,230,0.0,2530.0,150,1650
T000428,2024-02-15,P003,C021,8,1250,12.0,8800.0,900,7200
T000429,2024-02-15,P001,C014,14,3200,10.0,40320.0,2400,33600
T000430,2024-02-15,P002,C029,7,900,0.0,6300.0,650,4550
T000431,2024-02-15,P001,C012,2,3200,12.0,5632.0,2400,4800
T000432,2024-02-15,P013,C034,1,2900,12.0,2552.0,2100,2100
T000433,2024-02-15,P001,C038,5,3200,12.0,14080.0,2400,12000
T000434,2024-02-16,P008,C010,2,6200,0.0,12400.0,4200,8400
T000435,2024-02-16,P004,C015,8,340,5.0,2584.0,220,1760
T000436,2024-02-16,P010,C020,2,380,0.0,760.0,260,520
T000437,2024-02-16,P005,C011,5,48,10.0,216.0,32,160
T000438,2024-02-16,P011,C028,10,2600,5.0,24700.0,1800,18000
T000439,2024-02-17,P004,C013,4,340,8.0,1251.2,220,880
T000440,2024-02-17,P020,C025,1,3100,0.0,3100.0,2200,2200
T000441,2024-02-17,P010,C030,5,380,12.0,1672.0,260,1300
T000442,2024-02-17,P002,C021,1,900,0.0,900.0,650,650
T000443,2024-02-17,P003,C006,6,1250,0.0,7500.0,900,5400
T000444,2024-02-17,P017,C005,8,420,12.0,2956.8,340,2720
T000445,2024-02-17,P016,C010,2,2100,0.0,4200.0,1400,2800
T000446,2024-02-17,P001,C024,5,3200,10.0,14400.0,2400,12000
T000447,2024-02-17,P002,C007,8,900,0.0,7200.0,650,5200
T000448,2024-02-17,P009,C003,13,600,0.0,7800.0,420,5460
T000449,2024-02-17,P001,C009,2,3200,8.0,5888.0,2400,4800
T000450,2024-02-17,P018,C033,12,78,10.0,842.4,62,744
T000451,2024-02-18,P012,C010,4,5200,0.0,20800.0,3800,15200
T000452,2024-02-18,P016,C020,8,2100,12.0,14784.0,1400,11200
T000453,2024-02-18,P008,C025,2,6200,0.0,12400.0,4200,8400
T000454,2024-02-18,P016,C015,19,2100,0.0,39900.0,1400,26600
T000455,2024-02-18,P019,C018,10,230,8.0,2116.0,150,1500
T000456,2024-02-19,P015,C005,2,520,5.0,988.0,350,700
T000457,2024-02-19,P010,C018,9,380,5.0,3249.0,260,2340
T000458,2024-02-19,P002,C010,8,900,0.0,7200.0,650,5200
T000459,2024-02-19,P017,C014,5,420,0.0,2100.0,340,1700
T000460,2024-02-19,P005,C017,8,48,8.0,353.28,32,256
T000461,2024-02-19,P014,C033,7,260,0.0,1820.0,180,1260
T000462,2024-02-19,P007,C010,11,1850,12.0,17908.0,1200,13200
T000463,2024-02-19,P008,C005,2,6200,0.0,12400.0,4200,8400
T000464,2024-02-19,P015,C007,3,520,5.0,1482.0,350,1050
T000465,2024-02-19,P004,C012,5,340,8.0,1564.0,220,1100
T000466,2024-02-20,P005,C034,17,48,0.0,816.0,32,544
T000467,2024-02-20,P015,C006,2,520,5.0,988.0,350,700
T000468,2024-02-20,P018,C020,1,78,0.0,78.0,62,62
T000469,2024-02-20,P002,C011,4,900,8.0,3312.0,650,2600
T000470,2024-02-20,P020,C012,5,3100,10.0,13950.0,2200,11000
T000471,2024-02-20,P018,C035,3,78,12.0,205.92,62,186
T000472,2024-02-20,P007,C004,3,1850,0.0,5550.0,1200,3600
T000473,2024-02-20,P018,C030,11,78,5.0,815.1,62,682
T000474,2024-02-21,P010,C014,6,380,12.0,2006.4,260,1560
T000475,2024-02-21,P002,C002,1,900,0.0,900.0,650,650
T000476,2024-02-21,P002,C031,4,900,0.0,3600.0,650,2600
T000477,2024-02-21,P009,C035,3,600,,1800.0,420,1260
T000478,2024-02-21,P006,C036,9,82,8.0,678.96,55,495
T000479,2024-02-21,P003,C014,1,1250,12.0,1100.0,900,900
T000480,2024-02-21,P003,C007,1,1250,10.0,1125.0,900,900
T000481,2024-02-21,P011,C033,1,2600,0.0,2600.0,1800,1800
T000482,2024-02-21,P020,C032,6,3100,5.0,17670.0,2200,13200
T000483,2024-02-21,P001,C034,1,3200,0.0,3200.0,2400,2400
T000484,2024-02-21,P018,C035,7,78,0.0,546.0,62,434
T000485,2024-02-21,P010,C023,4,380,8.0,1398.4,260,1040
T000486,2024-02-22,P004,C008,1,340,0.0,340.0,220,220
T000487,2024-02-22,P006,C012,3,82,10.0,221.4,55,165
T000488,2024-02-22,P005,C037,10,48,0.0,480.0,32,320
T000489,2024-02-23,P005,C028,3,48,0.0,144.0,32,96
T000490,2024-02-23,P010,C013,2,380,12.0,668.8,260,520
T000491,2024-02-23,P006,C027,3,82,10.0,221.4,55,165
T000492,2024-02-23,P012,C022,6,5200,5.0,29640.0,3800,22800
T000493,2024-02-23,P007,C017,5,1850,0.0,9250.0,1200,6000
T000494,2024-02-23,P002,C001,6,900,10.0,4860.0,650,3900
T000495,2024-02-23,P014,C009,7,260,10.0,1638.0,180,1260
T000496,2024-02-24,P013,C031,13,2900,12.0,33176.0,2100,27300
T000497,2024-02-24,P017,C003,2,420,5.0,798.0,340,680
T000498,2024-02-24,P016,C025,3,2100,0.0,6300.0,1400,4200
T000499,2024-02-24,P011,C002,8,2600,0.0,20800.0,1800,14400
T000500,2024-02-24,P008,C021,4,6200,8.0,22816.0,4200,16800
T000501,2024-02-24,P018,C014,8,78,12.0,549.12,62,496
T000502,2024-02-24,P019,C030,13,230,0.0,2990.0,150,1950
T000503,2024-02-24,P015,C004,7,520,5.0,3458.0,350,2450
T000504,2024-02-25,P003,C036,3,1250,0.0,3750.0,900,2700
T000505,2024-02-25,P008,C025,1,6200,10.0,5580.0,4200,4200
T000506,2024-02-25,P002,C012,3,900,0.0,2700.0,650,1950
T000507,2024-02-25,P010,C026,2,380,0.0,760.0,260,520
T000508,2024-02-25,P016,C022,8,2100,10.0,15120.0,1400,11200
T000509,2024-02-25,P014,C022,8,260,0.0,2080.0,180,1440
T000510,2024-02-25,P014,C002,10,260,8.0,2392.0,180,1800
T000511,2024-02-25,P012,C017,8,5200,8.0,38272.0,3800,30400
T000512,2024-02-25,P001,C039,1,3200,5.0,3040.0,2400,2400
T000513,2024-02-25,P001,C002,2,3200,0.0,6400.0,2400,4800
T000514,2024-02-25,P009,C039,6,600,10.0,3240.0,420,2520
T000515,2024-02-26,P003,C014,1,1250,0.0,1250.0,900,900
T000516,2024-02-26,P019,C016,2,230,8.0,423.2,150,300
T000517,2024-02-26,P018,C038,1,78,0.0,78.0,62,62
T000518,2024-02-26,P018,C004,5,78,0.0,390.0,62,310
T000519,2024-02-26,P001,C037,3,3200,12.0,8448.0,2400,7200
T000520,2024-02-26,P009,C008,10,600,0.0,6000.0,420,4200
T000521,2024-02-26,P004,C036,4,340,8.0,1251.2,220,880
T000522,2024-02-26,P020,C016,-1,3100,8.0,5704.0,2200,4400
T000523,2024-02-26,P017,C011,4,420,8.0,1545.6,340,1360
T000524,2024-02-27,P008,C010,2,6200,12.0,10912.0,4200,8400
T000525,2024-02-27,P009,C011,9,600,12.0,4752.0,420,3780
T000526,2024-02-27,P011,C001,1,2600,0.0,2600.0,1800,1800
T000527,2024-02-27,P004,C015,1,340,12.0,299.2,220,220
T000528,2024-02-27,P005,C023,12,48,0.0,576.0,32,384
T000529,2024-02-27,P001,C038,3,3200,12.0,8448.0,2400,7200
T000530,2024-02-27,P007,C032,2,1850,12.0,3256.0,1200,2400
T000531,2024-02-27,P016,C019,5,2100,5.0,9975.0,1400,7000
T000532,2024-02-27,P001,C008,2,3200,12.0,5632.0,2400,4800
T000533,2024-02-28,P004,C010,4,340,5.0,1292.0,220,880
T000534,2024-02-28,P014,C009,2,260,0.0,520.0,180,360
T000535,2024-02-28,P006,C004,4,82,0.0,328.0,55,220
T000536,2024-02-28,P014,C006,7,260,8.0,1674.4,180,1260
T000537,2024-02-28,P011,C008,7,2600,8.0,16744.0,1800,12600
T000538,2024-02-28,P016,C035,6,2100,10.0,11340.0,1400,8400
T000539,2024-02-29,P004,C037,5,340,0.0,1700.0,220,1100
T000540,2024-02-29,P010,C034,4,380,8.0,1398.4,260,1040
T000541,2024-02-29,P009,C020,7,600,0.0,4200.0,420,2940
T000542,2024-02-29,P009,C016,8,600,0.0,4800.0,420,3360
T000543,2024-02-29,P012,C019,10,5200,0.0,52000.0,3800,38000
T000544,2024-03-01,P014,C033,4,260,12.0,915.2,180,720
T000545,2024-03-01,P015,C021,2,520,0.0,1040.0,350,700
T000546,2024-03-01,P020,C002,7,3100,,19096.0,2200,15400
T000547,2024-03-01,P020,C001,8,3100,5.0,23560.0,2200,17600
T000548,2024-03-01,P014,C039,17,260,0.0,4420.0,180,3060
T000549,2024-03-01,P003,C005,1,1250,12.0,1100.0,900,900
T000550,2024-03-01,P016,C027,6,2100,5.0,11970.0,1400,8400
T000551,2024-03-01,P007,C019,9,1850,5.0,15817.5,1200,10800
T000552,2024-03-01,P013,C026,5,2900,12.0,12760.0,2100,10500
T000553,2024-03-01,P001,C036,10,3200,0.0,32000.0,2400,24000
T000554,2024-03-01,P016,C038,1,2100,5.0,1995.0,1400,1400
T000555,2024-03-01,P007,C032,7,1850,10.0,11655.0,1200,8400
T000556,2024-03-01,P010,C027,6,380,8.0,2097.6,260,1560
T000557,2024-03-02,P018,C035,2,78,10.0,140.4,62,124
T000558,2024-03-02,P013,C036,7,2900,8.0,18676.0,2100,14700
T000559,2024-03-02,P011,C032,12,2600,0.0,31200.0,1800,21600
T000560,2024-03-02,P020,C038,18,3100,10.0,50220.0,2200,39600
T000561,2024-03-02,P013,C035,1,2900,12.0,2552.0,2100,2100
T000562,2024-03-02,P018,C001,1,78,0.0,78.0,62,62
T000563,2024-03-02,P013,C017,12,2900,12.0,30624.0,2100,25200
T000564,2024-03-02,P010,C032,2,380,0.0,760.0,260,520
T000565,2024-03-02,P013,C012,8,2900,0.0,23200.0,2100,16800
T000566,2024-03-02,P020,C020,3,3100,8.0,8556.0,2200,6600
T000567,2024-03-02,P016,C009,2,2100,0.0,4200.0,1400,2800
T000568,2024-03-02,P012,C022,14,5200,10.0,65520.0,3800,53200
T000569,2024-03-02,P006,C011,13,82,0.0,1066.0,55,715
T000570,2024-03-03,P003,C010,2,1250,0.0,2500.0,900,1800
T000571,2024-03-03,P004,C010,2,340,0.0,680.0,220,440
T000572,2024-03-03,P008,C002,11,6200,12.0,60016.0,4200,46200
T000573,2024-03-03,P003,C008,8,1250,8.0,9200.0,900,7200
T000574,2024-03-03,P002,C016,2,900,0.0,1800.0,650,1300
T000575,2024-03-03,P013,C036,4,2900,0.0,11600.0,2100,8400
T000576,2024-03-03,P011,C010,21,2600,8.0,50232.0,1800,37800
T000577,2024-03-03,P011,C016,5,2600,12.0,11440.0,1800,9000
T000578,2024-03-03,P010,C006,3,380,5.0,1083.0,260,780
T000579,2024-03-03,P008,C001,4,6200,0.0,24800.0,4200,16800
T000580,2024-03-03,P013,C006,3,2900,0.0,8700.0,2100,6300
T000581,2024-03-04,P006,C022,4,82,8.0,301.76,55,220
T000582,2024-03-04,P019,C013,12,230,5.0,2622.0,150,1800
T000583,2024-03-04,P003,C006,4,1250,0.0,5000.0,900,3600
T000584,2024-03-04,P011,C025,1,2600,8.0,2392.0,1800,1800
T000585,2024-03-04,P001,C039,4,3200,5.0,12160.0,2400,9600
T000586,2024-03-04,P012,C009,5,5200,0.0,26000.0,3800,19000
T000587,2024-03-04,P017,C029,11,420,5.0,4389.0,340,3740
T000588,2024-03-04,P008,C033,4,6200,0.0,24800.0,4200,16800
T000589,2024-03-04,P014,C034,9,260,5.0,2223.0,180,1620
T000590,2024-03-04,P009,C032,2,600,8.0,1104.0,420,840
T000591,2024-03-04,P016,C023,8,2100,5.0,15960.0,1400,11200
T000592,2024-03-04,P020,C031,6,3100,8.0,17112.0,2200,13200
T000593,2024-03-04,P003,C021,4,1250,0.0,5000.0,900,3600
T000594,2024-03-04,P002,C025,1,900,10.0,810.0,650,650
T000595,2024-03-04,P012,C026,5,5200,5.0,24700.0,3800,19000
T000596,2024-03-04,P019,C027,5,230,0.0,1150.0,150,750
T000597,2024-03-04,P014,C018,5,260,8.0,1196.0,180,900
T000598,2024-03-05,P014,C019,1,260,10.0,234.0,180,180
T000599,2024-03-05,P018,C007,15,78,5.0,1111.5,62,930
T000600,2024-03-05,P015,C011,2,520,0.0,1040.0,350,700
T000601,2024-03-05,P018,C026,12,78,5.0,889.2,62,744
T000602,2024-03-05,P004,C001,1,340,0.0,340.0,220,220
T000603,2024-03-05,P018,C015,10,78,0.0,780.0,62,620
T000604,2024-03-05,P018,C027,1,78,12.0,68.64,62,62
T000605,2024-03-05,P019,C025,1,230,10.0,207.0,150,150
T000606,2024-03-05,P019,C038,7,230,5.0,1529.5,150,1050
T000607,2024-03-05,P016,C014,9,2100,12.0,16632.0,1400,12600
T000608,2024-03-05,P010,C023,9,380,10.0,3078.0,260,2340
T000609,2024-03-05,P015,C010,1,520,12.0,457.6,350,350
T000610,2024-03-05,P005,C007,9,48,5.0,410.4,32,288
T000611,2024-03-05,P018,C024,4,78,5.0,296.4,62,248
T000612,2024-03-05,P008,C015,3,6200,0.0,18600.0,4200,12600
T000613,2024-03-05,P010,C030,13,380,0.0,4940.0,260,3380
T000614,2024-03-05,P002,C020,6,900,0.0,5400.0,650,3900
T000615,2024-03-05,P002,C033,4,900,0.0,3600.0,650,2600
T000616,2024-03-05,P006,C010,4,82,0.0,328.0,55,220
T000617,2024-03-05,P008,C002,10,6200,0.0,62000.0,4200,42000
T000618,2024-03-05,P018,C010,4,78,0.0,312.0,62,248
T000619,2024-03-06,P006,C016,9,82,0.0,738.0,55,495
T000620,2024-03-06,P006,C025,15,82,0.0,1230.0,55,825
T000621,2024-03-06,P011,C026,1,2600,0.0,2600.0,1800,1800
T000622,2024-03-06,P009,C022,3,600,0.0,1800.0,420,1260
T000623,2024-03-06,P011,C024,1,2600,0.0,2600.0,1800,1800
T000624,2024-03-06,P017,C039,1,420,5.0,399.0,340,340
T000625,2024-03-06,P008,C009,1,6200,0.0,6200.0,4200,4200
T000626,2024-03-06,P017,C032,16,420,12.0,5913.6,340,5440
T000627,2024-03-07,P009,C005,7,600,5.0,3990.0,420,2940
T000628,2024-03-07,P020,C013,11,3100,0.0,34100.0,2200,24200
T000629,2024-03-07,P010,C036,10,380,0.0,3800.0,260,2600
T000630,2024-03-07,P004,C026,1,340,5.0,323.0,220,220
T000631,2024-03-07,P006,C025,8,82,0.0,656.0,55,440
T000632,2024-03-07,P008,C020,12,6200,0.0,74400.0,4200,50400
T000633,2024-03-07,P019,C004,13,230,12.0,2631.2,150,1950
T000634,2024-03-07,P001,C036,2,3200,8.0,5888.0,2400,4800
T000635,2024-03-07,P008,C039,2,6200,0.0,12400.0,4200,8400
T000636,2024-03-07,P003,C016,7,1250,8.0,8050.0,900,6300
T000637,2024-03-07,P004,C030,7,340,10.0,2142.0,220,1540
T000638,2024-03-07,P013,C006,1,2900,0.0,2900.0,2100,2100
T000639,2024-03-07,P009,C009,1,600,12.0,528.0,420,420
T000640,2024-03-07,P011,C024,6,2600,0.0,15600.0,1800,10800
T000641,2024-03-07,P020,C029,10,3100,12.0,27280.0,2200,22000
T000642,2024-03-07,P010,C028,5,380,10.0,1710.0,260,1300
T000643,2024-03-07,P011,C009,2,2600,5.0,4940.0,1800,3600
T000644,2024-03-07,P006,C010,2,82,0.0,164.0,55,110
T000645,2024-03-07,P016,C013,1,2100,0.0,2100.0,1400,1400
T000646,2024-03-07,P003,C022,8,1250,5.0,9500.0,900,7200
T000647,2024-03-07,P020,C029,10,3100,0.0,31000.0,2200,22000
T000648,2024-03-07,P016,C032,10,2100,0.0,21000.0,1400,14000
T000649,2024-03-07,P010,C006,7,380,0.0,2660.0,260,1820
T000650,2024-03-07,P008,C008,1,6200,12.0,5456.0,4200,4200
T000651,2024-03-07,P016,C030,13,2100,10.0,24570.0,1400,18200
T000652,2024-03-07,P014,C023,2,260,0.0,520.0,180,360
T000653,2024-03-08,P011,C035,9,2600,12.0,20592.0,1800,16200
T000654,2024-03-08,P002,C016,3,900,5.0,2565.0,650,1950
T000655,2024-03-08,P015,C029,11,520,8.0,5262.4,350,3850
T000656,2024-03-08,P012,C006,1,5200,0.0,5200.0,3800,3800
T000657,2024-03-08,P001,C023,2,3200,0.0,6400.0,2400,4800
T000658,2024-03-08,P008,C034,3,6200,10.0,16740.0,4200,12600
T000659,2024-03-08,P007,C028,14,1850,12.0,22792.0,1200,16800
T000660,2024-03-08,P005,C013,1,48,12.0,42.24,32,32
T000661,2024-03-08,P020,C037,3,3100,8.0,8556.0,2200,6600
T000662,2024-03-08,P015,C006,7,520,5.0,3458.0,350,2450
T000663,2024-03-08,P001,C028,17,3200,8.0,50048.0,2400,40800
T000664,2024-03-08,P012,C012,2,5200,10.0,9360.0,3800,7600
T000665,2024-03-08,P011,C005,12,2600,10.0,28080.0,1800,21600
T000666,2024-03-08,P018,C038,10,78,0.0,780.0,62,620
T000667,2024-03-08,P018,C007,3,78,5.0,222.3,62,186
T000668,2024-03-09,P019,C014,20,230,12.0,4048.0,150,3000
T000669,2024-03-09,P010,C035,4,380,8.0,1398.4,260,1040
T000670,2024-03-09,P010,C023,12,380,5.0,4332.0,260,3120
T000671,2024-03-09,P002,C013,5,900,10.0,4050.0,650,3250
T000672,2024-03-09,P002,C030,4,900,0.0,3600.0,650,2600
T000673,2024-03-09,P018,C020,2,78,0.0,156.0,62,124
T000674,2024-03-09,P017,C031,3,420,5.0,1197.0,340,1020
T000675,2024-03-09,P003,C038,17,1250,0.0,21250.0,900,15300
T000676,2024-03-09,P008,C007,1,6200,0.0,6200.0,4200,4200
T000677,2024-03-09,P015,C033,8,520,0.0,4160.0,350,2800
T000678,2024-03-09,P011,C032,5,2600,10.0,11700.0,1800,9000
T000679,2024-03-09,P017,C034,2,420,10.0,756.0,340,680
T000680,2024-03-09,P020,C031,3,3100,12.0,8184.0,2200,6600
T000681,2024-03-10,P015,C012,2,520,8.0,956.8,350,700
T000682,2024-03-10,P010,C033,8,380,0.0,3040.0,260,2080
T000683,2024-03-10,P015,C034,6,520,0.0,3120.0,350,2100
T000684,2024-03-10,P016,C024,6,2100,0.0,12600.0,1400,8400
T000685,2024-03-10,P006,C018,5,82,0.0,410.0,55,275
T000686,2024-03-10,P020,C003,11,3100,8.0,31372.0,2200,24200
T000687,2024-03-10,P004,C019,3,340,12.0,897.6,220,660
T000688,2024-03-10,P005,C023,7,48,0.0,336.0,32,224
T000689,2024-03-10,P008,C002,9,6200,0.0,55800.0,4200,37800
T000690,2024-03-10,P010,C039,3,380,0.0,1140.0,260,780
T000691,2024-03-10,P014,C031,3,260,8.0,717.6,180,540
T000692,2024-03-10,P019,C011,5,230,10.0,1035.0,150,750
T000693,2024-03-10,P013,C021,3,2900,0.0,8700.0,2100,6300
T000694,2024-03-10,P010,C035,18,380,0.0,6840.0,260,4680
T000695,2024-03-10,P011,C036,5,2600,0.0,13000.0,1800,9000
T000696,2024-03-10,P011,C039,2,2600,12.0,4576.0,1800,3600
T000697,2024-03-10,P009,C004,1,600,,600.0,420,420
T000698,2024-03-10,P015,C001,5,520,0.0,2600.0,350,1750
T000699,2024-03-10,P002,C032,8,900,0.0,7200.0,650,5200
T000700,2024-03-10,P016,C019,9,2100,0.0,18900.0,1400,12600
T000701,2024-03-10,P002,C006,9,900,5.0,7695.0,650,5850
T000702,2024-03-10,P019,C011,12,230,8.0,2539.2,150,1800
T000703,2024-03-10,P019,C037,7,230,0.0,1610.0,150,1050
T000704,2024-03-10,P006,C002,10,82,12.0,721.6,55,550
T000705,2024-03-11,P005,C028,5,48,12.0,211.2,32,160
T000706,2024-03-11,P005,C034,6,48,12.0,253.44,32,192
T000707,2024-03-11,P008,C017,4,6200,5.0,23560.0,4200,16800
T000708,2024-03-11,P011,C003,5,2600,8.0,11960.0,1800,9000
T000709,2024-03-11,P005,C014,5,48,5.0,228.0,32,160
T000710,2024-03-11,P011,C034,2,2600,12.0,4576.0,1800,3600
T000711,2024-03-11,P012,C022,2,5200,0.0,10400.0,3800,7600
T000712,2024-03-11,P011,C003,1,2600,0.0,2600.0,1800,1800
T000713,2024-03-11,P015,C008,7,520,8.0,3348.8,350,2450
T000714,2024-03-11,P014,C018,2,260,10.0,468.0,180,360
T000715,2024-03-11,P004,C038,3,340,5.0,969.0,220,660
T000716,2024-03-12,P013,C009,6,2900,0.0,17400.0,2100,12600
T000717,2024-03-12,P006,C028,4,82,0.0,328.0,55,220
T000718,2024-03-12,P015,C034,4,520,0.0,2080.0,350,1400
T000719,2024-03-12,P009,C005,4,600,0.0,2400.0,420,1680
T000720,2024-03-12,P012,C015,2,5200,0.0,10400.0,3800,7600
T000721,2024-03-12,P001,C002,2,3200,0.0,6400.0,2400,4800
T000722,2024-03-12,P020,C016,8,3100,5.0,23560.0,2200,17600
T000723,2024-03-12,P008,C008,8,6200,5.0,47120.0,4200,33600
T000724,2024-03-12,P018,C009,7,78,0.0,546.0,62,434
T000725,2024-03-12,P012,C003,1,5200,0.0,5200.0,3800,3800
T000726,2024-03-12,P009,C012,1,600,0.0,600.0,420,420
T000727,2024-03-12,P014,C029,3,260,0.0,780.0,180,540
T000728,2024-03-12,P017,C002,5,420,0.0,2100.0,340,1700
T000729,2024-03-12,P014,C032,10,260,0.0,2600.0,180,1800
T000730,2024-03-12,P016,C009,3,2100,8.0,5796.0,1400,4200
T000731,2024-03-12,P013,C001,3,2900,12.0,7656.0,2100,6300
T000732,2024-03-12,P019,C013,7,230,8.0,1481.2,150,1050
T000733,2024-03-13,P012,C032,4,5200,0.0,20800.0,3800,15200
T000734,2024-03-13,P018,C017,7,78,5.0,518.7,62,434
T000735,2024-03-13,P017,C025,19,420,0.0,7980.0,340,6460
T000736,2024-03-13,P015,C021,1,520,10.0,468.0,350,350
T000737,2024-03-13,P003,C020,3,1250,5.0,3562.5,900,2700
T000738,2024-03-13,P015,C040,1,520,12.0,457.6,350,350
T000739,2024-03-13,P006,C037,3,82,0.0,246.0,55,165
T000740,2024-03-13,P003,C006,3,1250,12.0,3300.0,900,2700
T000741,2024-03-14,P007,C028,1,1850,0.0,1850.0,1200,1200
T000742,2024-03-14,P013,C010,6,2900,0.0,17400.0,2100,12600
T000743,2024-03-14,P013,C038,2,2900,0.0,5800.0,2100,4200
T000744,2024-03-14,P017,C012,10,420,0.0,4200.0,340,3400
T000745,2024-03-14,P011,C005,9,2600,8.0,21528.0,1800,16200
T000746,2024-03-14,P018,C007,14,78,0.0,1092.0,62,868
T000747,2024-03-14,P014,C039,5,260,12.0,1144.0,180,900
T000748,2024-03-14,P008,C001,3,6200,0.0,18600.0,4200,12600
T000749,2024-03-14,P019,C021,-1,230,10.0,828.0,150,600
T000750,2024-03-14,P012,C004,3,5200,8.0,14352.0,3800,11400
T000751,2024-03-14,P020,C026,1,3100,0.0,3100.0,2200,2200
T000752,2024-03-14,P020,C038,2,3100,5.0,5890.0,2200,4400
T000753,2024-03-14,P015,C006,8,520,12.0,3660.8,350,2800
T000754,2024-03-14,P001,C009,10,3200,0.0,32000.0,2400,24000
T000755,2024-03-14,P003,C002,3,1250,0.0,3750.0,900,2700
T000756,2024-03-15,P016,C015,3,2100,12.0,5544.0,1400,4200
T000757,2024-03-15,P014,C017,4,260,8.0,956.8,180,720
T000758,2024-03-15,P017,C010,9,420,,3326.4,340,3060
T000759,2024-03-15,P017,C036,7,420,5.0,2793.0,340,2380
T000760,2024-03-15,P004,C030,3,340,5.0,969.0,220,660
T000761,2024-03-15,P004,C037,5,340,0.0,1700.0,220,1100
T000762,2024-03-15,P004,C037,2,340,0.0,680.0,220,440
T000763,2024-03-15,P014,C018,1,260,5.0,247.0,180,180
T000764,2024-03-15,P011,C023,9,2600,0.0,23400.0,1800,16200
T000765,2024-03-16,P018,C014,4,78,10.0,280.8,62,248
T000766,2024-03-16,P002,C028,3,900,0.0,2700.0,650,1950
T000767,2024-03-16,P005,C039,1,48,0.0,48.0,32,32
T000768,2024-03-16,P011,C026,14,2600,0.0,36400.0,1800,25200
T000769,2024-03-16,P012,C022,4,5200,0.0,20800.0,3800,15200
T000770,2024-03-16,P012,C024,2,5200,5.0,9880.0,3800,7600
T000771,2024-03-16,P001,C024,8,3200,0.0,25600.0,2400,19200
T000772,2024-03-16,P014,C035,2,260,12.0,457.6,180,360
T000773,2024-03-16,P002,C004,5,900,8.0,4140.0,650,3250
T000774,2024-03-16,P014,C016,2,260,0.0,520.0,180,360
T000775,2024-03-16,P010,C018,5,380,0.0,1900.0,260,1300
T000776,2024-03-16,P019,C037,4,230,10.0,828.0,150,600
T000777,2024-03-16,P016,C009,3,2100,0.0,6300.0,1400,4200
T000778,2024-03-16,P007,C002,3,1850,12.0,4884.0,1200,3600
T000779,2024-03-16,P001,C026,5,3200,0.0,16000.0,2400,12000
T000780,2024-03-16,P016,C010,4,2100,10.0,7560.0,1400,5600
T000781,2024-03-16,P013,C038,3,2900,0.0,8700.0,2100,6300
T000782,2024-03-16,P017,C023,1,420,0.0,420.0,340,340
T000783,2024-03-17,P010,C005,2,380,10.0,684.0,260,520
T000784,2024-03-17,P005,C031,6,48,12.0,253.44,32,192
T000785,2024-03-17,P014,C025,10,260,12.0,2288.0,180,1800
T000786,2024-03-17,P012,C014,14,5200,8.0,66976.0,3800,53200
T000787,2024-03-17,P015,C002,1,520,12.0,457.6,350,350
T000788,2024-03-17,P005,C035,5,48,8.0,220.8,32,160
T000789,2024-03-17,P005,C034,5,48,0.0,240.0,32,160
T000790,2024-03-17,P003,C016,11,1250,0.0,13750.0,900,9900
T000791,2024-03-17,P002,C025,10,900,10.0,8100.0,650,6500
T000792,2024-03-17,P008,C040,6,6200,10.0,33480.0,4200,25200
T000793,2024-03-17,P005,C035,8,48,0.0,384.0,32,256
T000794,2024-03-17,P010,C024,5,380,12.0,1672.0,260,1300
T000795,2024-03-17,P015,C012,2,520,5.0,988.0,350,700
T000796,2024-03-18,P018,C007,5,78,0.0,390.0,62,310
T000797,2024-03-18,P004,C030,3,340,12.0,897.6,220,660
T000798,2024-03-18,P019,C025,4,230,0.0,920.0,150,600
T000799,2024-03-18,P006,C028,16,82,8.0,1207.04,55,880
T000800,2024-03-18,P016,C022,5,2100,8.0,9660.0,1400,7000
T000801,2024-03-18,P001,C031,8,3200,5.0,24320.0,2400,19200
T000802,2024-03-18,P019,C033,1,230,0.0,230.0,150,150
T000803,2024-03-18,P005,C010,12,48,5.0,547.2,32,384
T000804,2024-03-18,P002,C007,1,900,5.0,855.0,650,650
T000805,2024-03-18,P014,C013,7,260,5.0,1729.0,180,1260
T000806,2024-03-18,P016,C011,4,2100,8.0,7728.0,1400,5600
T000807,2024-03-18,P016,C007,3,2100,0.0,6300.0,1400,4200
T000808,2024-03-18,P011,C016,9,2600,10.0,21060.0,1800,16200
T000809,2024-03-18,P008,C026,6,6200,12.0,32736.0,4200,25200
T000810,2024-03-18,P010,C012,2,380,0.0,760.0,260,520
T000811,2024-03-18,P013,C038,12,2900,10.0,31320.0,2100,25200
T000812,2024-03-18,P014,C018,4,260,0.0,1040.0,180,720
T000813,2024-03-18,P016,C023,12,2100,12.0,22176.0,1400,16800
T000814,2024-03-18,P012,C029,14,5200,0.0,72800.0,3800,53200
T000815,2024-03-19,P013,C023,7,2900,0.0,20300.0,2100,14700
T000816,2024-03-19,P003,C028,6,1250,12.0,6600.0,900,5400
T000817,2024-03-19,P002,C032,4,900,12.0,3168.0,650,2600
T000818,2024-03-19,P005,C005,5,48,12.0,211.2,32,160
T000819,2024-03-19,P016,C008,2,2100,0.0,4200.0,1400,2800
T000820,2024-03-19,P004,C022,1,340,0.0,340.0,220,220
T000821,2024-03-19,P004,C010,4,340,0.0,1360.0,220,880
T000822,2024-03-19,P018,C020,1,78,0.0,78.0,62,62
T000823,2024-03-19,P016,C010,9,2100,0.0,18900.0,1400,12600
T000824,2024-03-19,P016,C020,4,2100,,7980.0,1400,5600
T000825,2024-03-19,P020,C019,2,3100,10.0,5580.0,2200,4400
T000826,2024-03-20,P015,C012,1,520,8.0,478.4,350,350
T000827,2024-03-20,P014,C003,9,260,8.0,2152.8,180,1620
T000828,2024-03-20,P014,C001,7,260,0.0,1820.0,180,1260
T000829,2024-03-20,P008,C026,5,6200,0.0,31000.0,4200,21000
T000830,2024-03-20,P009,C007,14,600,0.0,8400.0,420,5880
T000831,2024-03-20,P015,C005,7,520,10.0,3276.0,350,2450
T000832,2024-03-20,P016,C033,6,2100,0.0,12600.0,1400,8400
T000833,2024-03-20,P017,C023,2,420,12.0,739.2,340,680
T000834,2024-03-20,P015,C027,7,520,12.0,3203.2,350,2450
T000835,2024-03-20,P013,C002,17,2900,12.0,43384.0,2100,35700
T000836,2024-03-20,P013,C002,17,2900,8.0,45356.0,2100,35700
T000837,2024-03-20,P016,C002,2,2100,10.0,3780.0,1400,2800
T000838,2024-03-20,P005,C008,15,48,0.0,720.0,32,480
T000839,2024-03-20,P011,C036,22,2600,12.0,50336.0,1800,39600
T000840,2024-03-20,P008,C019,12,6200,5.0,70680.0,4200,50400
T000841,2024-03-21,P012,C027,1,5200,10.0,4680.0,3800,3800
T000842,2024-03-21,P011,C006,7,2600,10.0,16380.0,1800,12600
T000843,2024-03-21,P015,C001,3,520,10.0,1404.0,350,1050
T000844,2024-03-21,P009,C033,9,600,0.0,5400.0,420,3780
T000845,2024-03-21,P001,C003,6,3200,0.0,19200.0,2400,14400
T000846,2024-03-21,P013,C018,2,2900,5.0,5510.0,2100,4200
T000847,2024-03-21,P019,C011,17,230,12.0,3440.8,150,2550
T000848,2024-03-21,P010,C033,7,380,10.0,2394.0,260,1820
T000849,2024-03-21,P011,C017,2,2600,5.0,4940.0,1800,3600
T000850,2024-03-21,P002,C016,4,900,10.0,3240.0,650,2600
T000851,2024-03-21,P007,C005,1,1850,5.0,1757.5,1200,1200
T000852,2024-03-21,P011,C027,2,2600,10.0,4680.0,1800,3600
T000853,2024-03-21,P006,C016,12,82,10.0,885.6,55,660
T000854,2024-03-21,P001,C030,12,3200,0.0,38400.0,2400,28800
T000855,2024-03-21,P017,C038,8,420,0.0,3360.0,340,2720
T000856,2024-03-22,P014,C015,5,260,10.0,1170.0,180,900
T000857,2024-03-22,P004,C035,3,340,10.0,918.0,220,660
T000858,2024-03-22,P002,C022,5,900,5.0,4275.0,650,3250
T000859,2024-03-22,P017,C037,5,420,0.0,2100.0,340,1700
T000860,2024-03-22,P002,C037,1,900,0.0,900.0,650,650
T000861,2024-03-22,P011,C040,1,2600,0.0,2600.0,1800,1800
T000862,2024-03-22,P010,C001,2,380,5.0,722.0,260,520
T000863,2024-03-22,P015,C021,3,520,0.0,1560.0,350,1050
T000864,2024-03-22,P005,C021,6,48,10.0,259.2,32,192
T000865,2024-03-22,P014,C005,8,260,0.0,2080.0,180,1440
T000866,2024-03-22,P008,C036,11,6200,0.0,68200.0,4200,46200
T000867,2024-03-22,P003,C019,4,1250,0.0,5000.0,900,3600
T000868,2024-03-22,P017,C008,2,420,0.0,840.0,340,680
T000869,2024-03-22,P016,C007,7,2100,10.0,13230.0,1400,9800
T000870,2024-03-23,P019,C024,7,230,8.0,1481.2,150,1050
T000871,2024-03-23,P015,C014,5,520,0.0,2600.0,350,1750
T000872,2024-03-23,P005,C003,6,48,0.0,288.0,32,192
T000873,2024-03-23,P010,C016,5,380,0.0,1900.0,260,1300
T000874,2024-03-23,P008,C012,4,6200,5.0,23560.0,4200,16800
T000875,2024-03-23,P007,C036,7,1850,12.0,11396.0,1200,8400
T000876,2024-03-23,P011,C027,8,2600,0.0,20800.0,1800,14400
T000877,2024-03-23,P018,C004,5,78,5.0,370.5,62,310
T000878,2024-03-23,P017,C002,2,420,10.0,756.0,340,680
T000879,2024-03-23,P010,C025,2,380,8.0,699.2,260,520
T000880,2024-03-23,P004,C002,3,340,8.0,938.4,220,660
T000881,2024-03-23,P014,C035,2,260,12.0,457.6,180,360
T000882,2024-03-23,P001,C035,4,3200,10.0,11520.0,2400,9600
T000883,2024-03-23,P011,C014,3,2600,0.0,7800.0,1800,5400
T000884,2024-03-23,P011,C038,1,2600,5.0,2470.0,1800,1800
T000885,2024-03-24,P002,C005,6,900,10.0,4860.0,650,3900
T000886,2024-03-24,P002,C009,9,900,8.0,7452.0,650,5850
T000887,2024-03-24,P001,C010,8,3200,0.0,25600.0,2400,19200
T000888,2024-03-24,P020,C022,7,3100,0.0,21700.0,2200,15400
T000889,2024-03-24,P016,C019,2,2100,0.0,4200.0,1400,2800
T000890,2024-03-24,P019,C022,6,230,8.0,1269.6,150,900
T000891,2024-03-24,P008,C039,12,6200,8.0,68448.0,4200,50400
T000892,2024-03-24,P016,C020,5,2100,0.0,10500.0,1400,7000
T000893,2024-03-24,P017,C033,3,420,5.0,1197.0,340,1020
T000894,2024-03-24,P007,C001,7,1850,8.0,11914.0,1200,8400
T000895,2024-03-24,P017,C015,9,420,5.0,3591.0,340,3060
T000896,2024-03-25,P017,C011,9,420,5.0,3591.0,340,3060
T000897,2024-03-25,P009,C039,5,600,5.0,2850.0,420,2100
T000898,2024-03-25,P013,C001,3,2900,0.0,8700.0,2100,6300
T000899,2024-03-25,P005,C038,10,48,5.0,456.0,32,320
T000900,2024-03-25,P012,C018,13,5200,5.0,64220.0,3800,49400
T000901,2024-03-25,P014,C015,11,260,5.0,2717.0,180,1980
T000902,2024-03-25,P016,C019,4,2100,0.0,8400.0,1400,5600
T000903,2024-03-25,P010,C039,5,380,12.0,1672.0,260,1300
T000904,2024-03-25,P020,C001,4,3100,0.0,12400.0,2200,8800
T000905,2024-03-25,P008,C039,6,6200,0.0,37200.0,4200,25200
T000906,2024-03-25,P003,C011,4,1250,12.0,4400.0,900,3600
T000907,2024-03-25,P015,C001,6,520,0.0,3120.0,350,2100
T000908,2024-03-25,P012,C016,4,5200,0.0,20800.0,3800,15200
T000909,2024-03-25,P002,C026,2,900,10.0,1620.0,650,1300
T000910,2024-03-25,P002,C019,3,900,8.0,2484.0,650,1950
T000911,2024-03-25,P020,C011,1,3100,10.0,2790.0,2200,2200
T000912,2024-03-26,P009,C037,6,600,12.0,3168.0,420,2520
T000913,2024-03-26,P017,C035,7,420,0.0,2940.0,340,2380
T000914,2024-03-26,P002,C011,1,900,0.0,900.0,650,650
T000915,2024-03-26,P008,C037,3,6200,0.0,18600.0,4200,12600
T000916,2024-03-26,P008,C028,6,6200,12.0,32736.0,4200,25200
T000917,2024-03-26,P013,C004,6,2900,12.0,15312.0,2100,12600
T000918,2024-03-26,P001,C007,2,3200,0.0,6400.0,2400,4800
T000919,2024-03-27,P015,C014,1,520,0.0,520.0,350,350
T000920,2024-03-27,P005,C031,6,48,0.0,288.0,32,192
T000921,2024-03-27,P017,C034,1,420,8.0,386.4,340,340
T000922,2024-03-27,P005,C010,1,48,5.0,45.6,32,32
T000923,2024-03-27,P003,C032,1,1250,0.0,1250.0,900,900
T000924,2024-03-27,P013,C031,1,2900,5.0,2755.0,2100,2100
T000925,2024-03-27,P002,C018,3,900,0.0,2700.0,650,1950
T000926,2024-03-27,P011,C026,6,2600,0.0,15600.0,1800,10800
T000927,2024-03-28,P015,C016,9,520,0.0,4680.0,350,3150
T000928,2024-03-28,P020,C026,2,3100,0.0,6200.0,2200,4400
T000929,2024-03-28,P010,C009,6,380,5.0,2166.0,260,1560
T000930,2024-03-28,P003,C030,11,1250,8.0,12650.0,900,9900
T000931,2024-03-28,P007,C022,13,1850,0.0,24050.0,1200,15600
T000932,2024-03-28,P006,C031,5,82,0.0,410.0,55,275
T000933,2024-03-28,P004,C031,4,340,12.0,1196.8,220,880
T000934,2024-03-28,P012,C037,4,5200,10.0,18720.0,3800,15200
T000935,2024-03-28,P016,C015,4,2100,0.0,8400.0,1400,5600
T000936,2024-03-28,P008,C025,9,6200,0.0,55800.0,4200,37800
T000937,2024-03-28,P004,C004,11,340,0.0,3740.0,220,2420
T000938,2024-03-28,P007,C035,4,1850,12.0,6512.0,1200,4800
T000939,2024-03-28,P016,C013,1,2100,5.0,1995.0,1400,1400
T000940,2024-03-28,P001,C007,5,3200,0.0,16000.0,2400,12000
T000941,2024-03-28,P002,C009,2,900,10.0,1620.0,650,1300
T000942,2024-03-29,P002,C036,6,900,0.0,5400.0,650,3900
T000943,2024-03-29,P005,C033,1,48,12.0,42.24,32,32
T000944,2024-03-29,P004,C031,6,340,0.0,2040.0,220,1320
T000945,2024-03-29,P019,C031,6,230,0.0,1380.0,150,900
T000946,2024-03-29,P001,C022,7,3200,8.0,20608.0,2400,16800
T000947,2024-03-29,P004,C032,4,340,5.0,1292.0,220,880
T000948,2024-03-29,P015,C002,9,520,0.0,4680.0,350,3150
T000949,2024-03-29,P004,C012,12,340,5.0,3876.0,220,2640
T000950,2024-03-29,P001,C009,2,3200,8.0,5888.0,2400,4800
T000951,2024-03-29,P016,C036,6,2100,0.0,12600.0,1400,8400
T000952,2024-03-29,P002,C030,4,900,12.0,3168.0,650,2600
T000953,2024-03-29,P001,C016,3,3200,0.0,9600.0,2400,7200
T000954,2024-03-29,P015,C027,1,520,0.0,520.0,350,350
T000955,2024-03-29,P006,C037,2,82,5.0,155.8,55,110
T000956,2024-03-29,P013,C001,5,2900,12.0,12760.0,2100,10500
T000957,2024-03-29,P013,C011,7,2900,5.0,19285.0,2100,14700
T000958,2024-03-30,P011,C021,2,2600,8.0,4784.0,1800,3600
T000959,2024-03-30,P013,C040,4,2900,0.0,11600.0,2100,8400
T000960,2024-03-30,P020,C027,4,3100,8.0,11408.0,2200,8800
T000961,2024-03-30,P001,C018,4,3200,5.0,12160.0,2400,9600
T000962,2024-03-30,P011,C020,6,2600,0.0,15600.0,1800,10800
T000963,2024-03-30,P011,C017,6,2600,5.0,14820.0,1800,10800
T000964,2024-03-30,P016,C015,8,2100,5.0,15960.0,1400,11200
T000965,2024-03-30,P008,C008,6,6200,8.0,34224.0,4200,25200
T000966,2024-03-30,P012,C017,5,5200,0.0,26000.0,3800,19000
T000967,2024-03-30,P002,C027,4,900,0.0,3600.0,650,2600
T000968,2024-03-30,P003,C002,4,1250,0.0,5000.0,900,3600
T000969,2024-03-30,P010,C007,1,380,0.0,380.0,260,260
T000970,2024-03-30,P006,C010,3,82,0.0,246.0,55,165
T000971,2024-03-30,P017,C022,9,420,8.0,3477.6,340,3060
T000972,2024-03-30,P010,C017,4,380,10.0,1368.0,260,1040
T000973,2024-03-30,P002,C010,3,900,8.0,2484.0,650,1950
T000974,2024-03-30,P016,C034,2,2100,0.0,4200.0,1400,2800
T000975,2024-03-30,P012,C003,1,5200,8.0,4784.0,3800,3800
T000976,2024-03-30,P015,C034,4,520,0.0,2080.0,350,1400
T000977,2024-03-30,P017,C034,2,420,8.0,772.8,340,680
T000978,2024-03-31,P006,C005,13,82,8.0,980.72,55,715
T000979,2024-03-31,P002,C020,7,900,10.0,5670.0,650,4550
T000980,2024-03-31,P008,C013,2,6200,8.0,11408.0,4200,8400
T000981,2024-03-31,P011,C033,2,2600,0.0,5200.0,1800,3600
T000982,2024-03-31,P002,C002,2,900,0.0,1800.0,650,1300
T000983,2024-03-31,P013,C007,4,2900,5.0,11020.0,2100,8400
T000984,2024-03-31,P003,C024,2,1250,0.0,2500.0,900,1800
T000985,2024-03-31,P007,C033,6,1850,10.0,9990.0,1200,7200
T000986,2024-03-31,P015,C014,12,520,0.0,6240.0,350,4200
T000987,2024-03-31,P005,C027,6,48,10.0,259.2,32,192
T000988,2024-03-31,P001,C030,6,3200,5.0,18240.0,2400,14400
T000989,2024-03-31,P020,C025,1,3100,5.0,2945.0,2200,2200
T000990,2024-03-31,P017,C006,1,420,0.0,420.0,340,340
T000991,2024-03-31,P011,C013,6,2600,0.0,15600.0,1800,10800
T000992,2024-03-31,P015,C007,6,520,0.0,3120.0,350,2100
T000993,2024-03-31,P017,C008,6,420,5.0,2394.0,340,2040
T000994,2024-03-31,P005,C020,1,48,0.0,48.0,32,32
T000995,2024-03-31,P003,C039,1,1250,8.0,1150.0,900,900
T000996,2024-04-01,P009,C034,5,600,10.0,2700.0,420,2100
T000997,2024-04-01,P015,C037,2,520,0.0,1040.0,350,700
T000998,2024-04-01,P014,C031,6,260,0.0,1560.0,180,1080
T000999,2024-04-01,P003,C018,11,1250,12.0,12100.0,900,9900
T001000,2024-04-01,P009,C029,4,600,8.0,2208.0,420,1680
T001001,2024-04-01,P005,C039,3,48,8.0,132.48,32,96
T001002,2024-04-01,P018,C017,8,78,8.0,574.08,62,496
T001003,2024-04-01,P012,C003,11,5200,0.0,57200.0,3800,41800
T001004,2024-04-01,P005,C001,1,48,5.0,45.6,32,32
T001005,2024-04-01,P004,C016,1,340,0.0,340.0,220,220
T001006,2024-04-01,P012,C003,4,5200,0.0,20800.0,3800,15200
T001007,2024-04-01,P013,C016,10,2900,0.0,29000.0,2100,21000
T001008,2024-04-01,P019,C029,7,230,5.0,1529.5,150,1050
T001009,2024-04-02,P020,C039,11,3100,0.0,34100.0,2200,24200
T001010,2024-04-02,P001,C002,14,3200,0.0,44800.0,2400,33600
T001011,2024-04-02,P016,C004,1,2100,12.0,1848.0,1400,1400
T001012,2024-04-02,P013,C013,16,2900,0.0,46400.0,2100,33600
T001013,2024-04-02,P009,C019,10,600,0.0,6000.0,420,4200
T001014,2024-04-02,P012,C001,11,5200,5.0,54340.0,3800,41800
T001015,2024-04-02,P003,C003,5,1250,8.0,5750.0,900,4500
T001016,2024-04-02,P015,C005,2,520,0.0,1040.0,350,700
T001017,2024-04-02,P011,C039,5,2600,10.0,11700.0,1800,9000
T001018,2024-04-02,P014,C023,2,260,10.0,468.0,180,360
T001019,2024-04-02,P017,C026,3,420,0.0,1260.0,340,1020
T001020,2024-04-02,P018,C004,9,78,12.0,617.76,62,558
T001021,2024-04-02,P010,C011,13,380,12.0,4347.2,260,3380
T001022,2024-04-02,P006,C008,3,82,12.0,216.48,55,165
T001023,2024-04-02,P018,C017,3,78,0.0,234.0,62,186
T001024,2024-04-02,P007,C011,4,1850,0.0,7400.0,1200,4800
T001025,2024-04-02,P003,C003,6,1250,10.0,6750.0,900,5400
T001026,2024-04-02,P002,C022,8,900,12.0,6336.0,650,5200
T001027,2024-04-03,P012,C040,3,5200,10.0,14040.0,3800,11400
T001028,2024-04-03,P010,C032,2,380,8.0,699.2,260,520
T001029,2024-04-03,P018,C014,3,78,5.0,222.3,62,186
T001030,2024-04-03,P002,C034,5,900,0.0,4500.0,650,3250
T001031,2024-04-03,P016,C031,2,2100,5.0,3990.0,1400,2800
T001032,2024-04-03,P002,C024,10,900,0.0,9000.0,650,6500
T001033,2024-04-03,P004,C019,5,340,10.0,1530.0,220,1100
T001034,2024-04-03,P018,C032,6,78,0.0,468.0,62,372
T001035,2024-04-03,P019,C004,5,230,12.0,1012.0,150,750
T001036,2024-04-03,P013,C020,4,2900,0.0,11600.0,2100,8400
T001037,2024-04-03,P013,C025,3,2900,0.0,8700.0,2100,6300
T001038,2024-04-03,P001,C023,5,3200,8.0,14720.0,2400,12000
T001039,2024-04-04,P018,C015,10,78,10.0,702.0,62,620
T001040,2024-04-04,P003,C011,16,1250,0.0,20000.0,900,14400
T001041,2024-04-04,P020,C003,10,3100,0.0,31000.0,2200,22000
T001042,2024-04-04,P001,C002,3,3200,0.0,9600.0,2400,7200
T001043,2024-04-04,P016,C035,1,2100,8.0,1932.0,1400,1400
T001044,2024-04-04,P012,C006,3,5200,5.0,14820.0,3800,11400
T001045,2024-04-04,P010,C002,1,380,12.0,334.4,260,260
T001046,2024-04-04,P002,C039,1,900,5.0,855.0,650,650
T001047,2024-04-04,P009,C004,1,600,10.0,540.0,420,420
T001048,2024-04-05,P014,C015,6,260,12.0,1372.8,180,1080
T001049,2024-04-05,P002,C009,3,900,12.0,2376.0,650,1950
T001050,2024-04-05,P016,C035,4,2100,12.0,7392.0,1400,5600
T001051,2024-04-05,P009,C020,1,600,0.0,600.0,420,420
T001052,2024-04-05,P004,C013,9,340,0.0,3060.0,220,1980
T001053,2024-04-05,P012,C038,4,5200,8.0,19136.0,3800,15200
T001054,2024-04-05,P020,C013,6,3100,12.0,16368.0,2200,13200
T001055,2024-04-05,P016,C015,8,2100,12.0,14784.0,1400,11200
T001056,2024-04-05,P020,C027,1,3100,10.0,2790.0,2200,2200
T001057,2024-04-05,P009,C039,11,600,0.0,6600.0,420,4620
T001058,2024-04-05,P017,C003,6,420,10.0,2268.0,340,2040
T001059,2024-04-05,P018,C026,2,78,0.0,156.0,62,124
T001060,2024-04-05,P001,C025,2,3200,0.0,6400.0,2400,4800
T001061,2024-04-06,P006,C035,6,82,12.0,432.96,55,330
T001062,2024-04-06,P014,C016,4,260,0.0,1040.0,180,720
T001063,2024-04-06,P011,C035,4,2600,10.0,9360.0,1800,7200
T001064,2024-04-06,P011,C027,6,2600,0.0,15600.0,1800,10800
T001065,2024-04-06,P017,C039,8,420,12.0,2956.8,340,2720
T001066,2024-04-06,P015,C029,8,520,0.0,4160.0,350,2800
T001067,2024-04-06,P014,C033,4,260,5.0,988.0,180,720
T001068,2024-04-06,P015,C016,7,520,0.0,3640.0,350,2450
T001069,2024-04-06,P002,C011,16,900,0.0,14400.0,650,10400
T001070,2024-04-06,P002,C037,1,900,12.0,792.0,650,650
T001071,2024-04-06,P003,C032,1,1250,,1250.0,900,900
T001072,2024-04-06,P014,C006,1,260,0.0,260.0,180,180
T001073,2024-04-06,P018,C020,12,78,0.0,936.0,62,744
T001074,2024-04-06,P008,C031,1,6200,10.0,5580.0,4200,4200
T001075,2024-04-06,P008,C005,21,6200,0.0,130200.0,4200,88200
T001076,2024-04-06,P005,C003,5,48,10.0,216.0,32,160
T001077,2024-04-06,P013,C035,10,2900,12.0,25520.0,2100,21000
T001078,2024-04-07,P017,C016,21,420,0.0,8820.0,340,7140
T001079,2024-04-07,P018,C036,2,78,10.0,140.4,62,124
T001080,2024-04-07,P007,C027,7,1850,0.0,12950.0,1200,8400
T001081,2024-04-07,P015,C012,8,520,5.0,3952.0,350,2800
T001082,2024-04-07,P004,C038,6,340,5.0,1938.0,220,1320
T001083,2024-04-07,P005,C020,2,48,12.0,84.48,32,64
T001084,2024-04-07,P007,C009,3,1850,0.0,5550.0,1200,3600
T001085,2024-04-07,P009,C005,2,600,0.0,1200.0,420,840
T001086,2024-04-07,P008,C038,3,6200,8.0,17112.0,4200,12600
T001087,2024-04-07,P003,C017,3,1250,12.0,3300.0,900,2700
T001088,2024-04-07,P010,C015,8,380,0.0,3040.0,260,2080
T001089,2024-04-07,P002,C037,8,900,10.0,6480.0,650,5200
T001090,2024-04-08,P005,C039,11,48,0.0,528.0,32,352
T001091,2024-04-08,P017,C011,9,420,10.0,3402.0,340,3060
T001092,2024-04-08,P011,C017,1,2600,12.0,2288.0,1800,1800
T001093,2024-04-08,P004,C018,1,340,0.0,340.0,220,220
T001094,2024-04-08,P002,C013,10,900,0.0,9000.0,650,6500
T001095,2024-04-08,P017,C030,5,420,10.0,1890.0,340,1700
T001096,2024-04-08,P001,C023,6,3200,8.0,17664.0,2400,14400
T001097,2024-04-08,P002,C029,4,900,5.0,3420.0,650,2600
T001098,2024-04-08,P002,C037,1,900,0.0,900.0,650,650
T001099,2024-04-08,P007,C008,6,1850,0.0,11100.0,1200,7200
T001100,2024-04-08,P007,C016,5,1850,10.0,8325.0,1200,6000
T001101,2024-04-08,P019,C015,11,230,0.0,2530.0,150,1650
T001102,2024-04-09,P011,C038,6,2600,8.0,14352.0,1800,10800
T001103,2024-04-09,P012,C038,6,5200,8.0,28704.0,3800,22800
T001104,2024-04-09,P015,C003,7,520,0.0,3640.0,350,2450
T001105,2024-04-09,P016,C009,4,2100,8.0,7728.0,1400,5600
T001106,2024-04-09,P020,C026,5,3100,0.0,15500.0,2200,11000
T001107,2024-04-09,P018,C037,2,78,0.0,156.0,62,124
T001108,2024-04-09,P005,C025,6,48,10.0,259.2,32,192
T001109,2024-04-09,P004,C016,6,340,10.0,1836.0,220,1320
T001110,2024-04-09,P011,C017,8,2600,10.0,18720.0,1800,14400
T001111,2024-04-09,P005,C029,5,48,0.0,240.0,32,160
T001112,2024-04-09,P013,C030,7,2900,10.0,18270.0,2100,14700
T001113,2024-04-09,P013,C004,3,2900,10.0,7830.0,2100,6300
T001114,2024-04-09,P020,C010,3,3100,0.0,9300.0,2200,6600
T001115,2024-04-09,P005,C015,8,48,5.0,364.8,32,256
T001116,2024-04-09,P004,C006,11,340,5.0,3553.0,220,2420
T001117,2024-04-10,P009,C004,7,600,10.0,3780.0,420,2940
T001118,2024-04-10,P013,C006,11,2900,8.0,29348.0,2100,23100
T001119,2024-04-10,P020,C024,5,3100,10.0,13950.0,2200,11000
T001120,2024-04-10,P009,C028,3,600,0.0,1800.0,420,1260
T001121,2024-04-10,P003,C017,2,1250,10.0,2250.0,900,1800
T001122,2024-04-10,P018,C032,4,78,0.0,312.0,62,248
T001123,2024-04-10,P001,C017,16,3200,0.0,51200.0,2400,38400
T001124,2024-04-10,P017,C027,2,420,0.0,840.0,340,680
T001125,2024-04-10,P005,C017,1,48,12.0,42.24,32,32
T001126,2024-04-10,P001,C024,1,3200,5.0,3040.0,2400,2400
T001127,2024-04-10,P018,C040,3,78,8.0,215.28,62,186
T001128,2024-04-10,P009,C005,9,600,0.0,5400.0,420,3780
T001129,2024-04-10,P005,C006,2,48,0.0,96.0,32,64
T001130,2024-04-10,P003,C021,4,1250,0.0,5000.0,900,3600
T001131,2024-04-10,P005,C040,6,48,0.0,288.0,32,192
T001132,2024-04-11,P016,C005,7,2100,0.0,14700.0,1400,9800
T001133,2024-04-11,P007,C012,9,1850,0.0,16650.0,1200,10800
T001134,2024-04-11,P013,C027,2,2900,12.0,5104.0,2100,4200
T001135,2024-04-11,P003,C005,3,1250,10.0,3375.0,900,2700
T001136,2024-04-11,P011,C039,12,2600,0.0,31200.0,1800,21600
T001137,2024-04-11,P005,C007,2,48,8.0,88.32,32,64
T001138,2024-04-11,P016,C020,2,2100,10.0,3780.0,1400,2800
T001139,2024-04-11,P001,C028,2,3200,12.0,5632.0,2400,4800
T001140,2024-04-11,P018,C001,3,78,0.0,234.0,62,186
T001141,2024-04-11,P003,C021,6,1250,12.0,6600.0,900,5400
T001142,2024-04-11,P004,C014,8,340,12.0,2393.6,220,1760
T001143,2024-04-11,P008,C037,5,6200,12.0,27280.0,4200,21000
T001144,2024-04-11,P020,C014,6,3100,10.0,16740.0,2200,13200
T001145,2024-04-12,P004,C035,2,340,10.0,612.0,220,440
T001146,2024-04-12,P016,C039,10,2100,12.0,18480.0,1400,14000
T001147,2024-04-12,P019,C020,14,230,8.0,2962.4,150,2100
T001148,2024-04-12,P001,C038,5,3200,0.0,16000.0,2400,12000
T001149,2024-04-12,P010,C014,4,380,8.0,1398.4,260,1040
T001150,2024-04-12,P005,C029,3,48,5.0,136.8,32,96
T001151,2024-04-12,P014,C021,3,260,10.0,702.0,180,540
T001152,2024-04-12,P003,C028,4,1250,0.0,5000.0,900,3600
T001153,2024-04-12,P016,C005,8,2100,8.0,15456.0,1400,11200
T001154,2024-04-12,P020,C035,4,3100,0.0,12400.0,2200,8800
T001155,2024-04-12,P004,C015,6,340,12.0,1795.2,220,1320
T001156,2024-04-12,P010,C027,1,380,0.0,380.0,260,260
T001157,2024-04-12,P019,C033,7,230,5.0,1529.5,150,1050
T001158,2024-04-12,P010,C015,5,380,8.0,1748.0,260,1300
T001159,2024-04-12,P018,C012,3,78,12.0,205.92,62,186
T001160,2024-04-12,P007,C034,14,1850,0.0,25900.0,1200,16800
T001161,2024-04-13,P009,C023,1,600,10.0,540.0,420,420
T001162,2024-04-13,P011,C028,16,2600,12.0,36608.0,1800,28800
T001163,2024-04-13,P008,C024,4,6200,0.0,24800.0,4200,16800
T001164,2024-04-13,P013,C004,4,2900,0.0,11600.0,2100,8400
T001165,2024-04-13,P012,C037,11,5200,12.0,50336.0,3800,41800
T001166,2024-04-13,P012,C001,1,5200,12.0,4576.0,3800,3800
T001167,2024-04-13,P011,C020,17,2600,5.0,41990.0,1800,30600
T001168,2024-04-13,P020,C001,8,3100,0.0,24800.0,2200,17600
T001169,2024-04-13,P010,C023,2,380,0.0,760.0,260,520
T001170,2024-04-13,P007,C037,3,1850,8.0,5106.0,1200,3600
T001171,2024-04-13,P016,C004,6,2100,8.0,11592.0,1400,8400
T001172,2024-04-13,P002,C001,3,900,5.0,2565.0,650,1950
T001173,2024-04-14,P011,C021,4,2600,8.0,9568.0,1800,7200
T001174,2024-04-14,P020,C024,4,3100,0.0,12400.0,2200,8800
T001175,2024-04-14,P004,C030,16,340,,5168.0,220,3520
T001176,2024-04-14,P019,C030,3,230,12.0,607.2,150,450
T001177,2024-04-14,P004,C013,3,340,0.0,1020.0,220,660
T001178,2024-04-14,P001,C003,4,3200,10.0,11520.0,2400,9600
T001179,2024-04-14,P002,C001,1,900,12.0,792.0,650,650
T001180,2024-04-14,P015,C028,1,520,0.0,520.0,350,350
T001181,2024-04-14,P010,C019,2,380,0.0,760.0,260,520
T001182,2024-04-14,P004,C039,2,340,0.0,680.0,220,440
T001183,2024-04-14,P016,C035,4,2100,0.0,8400.0,1400,5600
T001184,2024-04-14,P001,C028,2,3200,0.0,6400.0,2400,4800
T001185,2024-04-14,P012,C005,4,5200,12.0,18304.0,3800,15200
T001186,2024-04-14,P019,C004,11,230,0.0,2530.0,150,1650
T001187,2024-04-15,P015,C035,8,520,0.0,4160.0,350,2800
T001188,2024-04-15,P012,C031,2,5200,8.0,9568.0,3800,7600
T001189,2024-04-15,P007,C024,5,1850,0.0,9250.0,1200,6000
T001190,2024-04-15,P020,C014,1,3100,0.0,3100.0,2200,2200
T001191,2024-04-15,P004,C017,9,340,5.0,2907.0,220,1980
T001192,2024-04-15,P005,C016,3,48,0.0,144.0,32,96
T001193,2024-04-15,P003,C028,3,1250,8.0,3450.0,900,2700
T001194,2024-04-15,P020,C035,14,3100,8.0,39928.0,2200,30800
T001195,2024-04-15,P003,C027,7,1250,12.0,7700.0,900,6300
T001196,2024-04-15,P018,C010,2,78,0.0,156.0,62,124
T001197,2024-04-15,P008,C030,11,6200,8.0,62744.0,4200,46200
T001198,2024-04-15,P012,C009,5,5200,10.0,23400.0,3800,19000
T001199,2024-04-15,P016,C017,18,2100,5.0,35910.0,1400,25200
T001200,2024-04-15,P011,C020,3,2600,8.0,7176.0,1800,5400
T001201,2024-04-15,P006,C010,7,82,0.0,574.0,55,385
T001202,2024-04-15,P002,C022,5,900,0.0,4500.0,650,3250
T001203,2024-04-15,P015,C022,6,520,0.0,3120.0,350,2100
T001204,2024-04-15,P001,C010,5,3200,0.0,16000.0,2400,12000
T001205,2024-04-15,P015,C033,10,520,12.0,4576.0,350,3500
T001206,2024-04-15,P010,C036,10,380,12.0,3344.0,260,2600
T001207,2024-04-16,P016,C035,3,2100,8.0,5796.0,1400,4200
T001208,2024-04-16,P001,C012,8,3200,8.0,23552.0,2400,19200
T001209,2024-04-16,P005,C011,3,48,0.0,144.0,32,96
T001210,2024-04-16,P004,C027,16,340,5.0,5168.0,220,3520
T001211,2024-04-16,P016,C004,4,2100,0.0,8400.0,1400,5600
T001212,2024-04-16,P001,C006,4,3200,5.0,12160.0,2400,9600
T001213,2024-04-16,P012,C002,18,5200,0.0,93600.0,3800,68400
T001214,2024-04-16,P012,C016,2,5200,10.0,9360.0,3800,7600
T001215,2024-04-16,P010,C006,6,380,0.0,2280.0,260,1560
T001216,2024-04-16,P011,C031,3,2600,10.0,7020.0,1800,5400
T001217,2024-04-16,P014,C020,6,260,10.0,1404.0,180,1080
T001218,2024-04-16,P017,C038,2,420,0.0,840.0,340,680
T001219,2024-04-16,P015,C020,10,520,10.0,4680.0,350,3500
T001220,2024-04-16,P019,C020,1,230,0.0,230.0,150,150
T001221,2024-04-16,P009,C008,6,600,8.0,3312.0,420,2520
T001222,2024-04-17,P020,C033,4,3100,8.0,11408.0,2200,8800
T001223,2024-04-17,P001,C022,6,3200,10.0,17280.0,2400,14400
T001224,2024-04-17,P008,C030,5,6200,0.0,31000.0,4200,21000
T001225,2024-04-17,P020,C021,3,3100,10.0,8370.0,2200,6600
T001226,2024-04-17,P003,C010,1,1250,0.0,1250.0,900,900
T001227,2024-04-17,P007,C022,2,1850,12.0,3256.0,1200,2400
T001228,2024-04-17,P002,C018,-1,900,0.0,900.0,650,650
T001229,2024-04-17,P008,C037,6,6200,10.0,33480.0,4200,25200
T001230,2024-04-17,P005,C034,1,48,10.0,43.2,32,32
T001231,2024-04-17,P003,C017,10,1250,0.0,12500.0,900,9000
T001232,2024-04-17,P005,C026,4,48,12.0,168.96,32,128
T001233,2024-04-17,P020,C033,10,3100,0.0,31000.0,2200,22000
T001234,2024-04-17,P002,C020,10,900,0.0,9000.0,650,6500
T001235,2024-04-17,P016,C037,2,2100,5.0,3990.0,1400,2800
T001236,2024-04-17,P008,C025,2,6200,0.0,12400.0,4200,8400
T001237,2024-04-17,P010,C035,1,380,0.0,380.0,260,260
T001238,2024-04-17,P018,C002,1,78,0.0,78.0,62,62
T001239,2024-04-17,P004,C003,6,340,12.0,1795.2,220,1320
T001240,2024-04-18,P012,C018,4,5200,5.0,19760.0,3800,15200
T001241,2024-04-18,P015,C010,5,520,0.0,2600.0,350,1750
T001242,2024-04-18,P017,C029,4,420,12.0,1478.4,340,1360
T001243,2024-04-18,P016,C023,1,2100,0.0,2100.0,1400,1400
T001244,2024-04-18,P015,C013,3,520,0.0,1560.0,350,1050
T001245,2024-04-18,P001,C031,4,3200,10.0,11520.0,2400,9600
T001246,2024-04-18,P010,C019,5,380,5.0,1805.0,260,1300
T001247,2024-04-18,P012,C007,2,5200,8.0,9568.0,3800,7600
T001248,2024-04-18,P017,C006,8,420,0.0,3360.0,340,2720
T001249,2024-04-18,P014,C027,2,260,0.0,520.0,180,360
T001250,2024-04-19,P019,C025,4,230,5.0,874.0,150,600
T001251,2024-04-19,P012,C026,10,5200,0.0,52000.0,3800,38000
T001252,2024-04-19,P016,C010,2,2100,0.0,4200.0,1400,2800
T001253,2024-04-19,P001,C035,4,3200,0.0,12800.0,2400,9600
T001254,2024-04-19,P003,C025,3,1250,0.0,3750.0,900,2700
T001255,2024-04-19,P016,C014,4,2100,8.0,7728.0,1400,5600
T001256,2024-04-19,P002,C027,14,900,0.0,12600.0,650,9100
T001257,2024-04-19,P006,C020,4,82,0.0,328.0,55,220
T001258,2024-04-19,P017,C008,1,420,0.0,420.0,340,340
T001259,2024-04-19,P002,C032,3,900,8.0,2484.0,650,1950
T001260,2024-04-19,P018,C028,6,78,5.0,444.6,62,372
T001261,2024-04-19,P008,C004,5,6200,12.0,27280.0,4200,21000
T001262,2024-04-19,P013,C019,3,2900,0.0,8700.0,2100,6300
T001263,2024-04-19,P020,C015,3,3100,12.0,8184.0,2200,6600
T001264,2024-04-19,P004,C021,3,340,0.0,1020.0,220,660
T001265,2024-04-19,P012,C017,5,5200,5.0,24700.0,3800,19000
T001266,2024-04-19,P019,C039,1,230,12.0,202.4,150,150
T001267,2024-04-19,P011,C040,5,2600,12.0,11440.0,1800,9000
T001268,2024-04-19,P008,C016,2,6200,0.0,12400.0,4200,8400
T001269,2024-04-19,P019,C011,1,230,12.0,202.4,150,150
T001270,2024-04-20,P017,C038,1,420,8.0,386.4,340,340
T001271,2024-04-20,P019,C026,8,230,12.0,1619.2,150,1200
T001272,2024-04-20,P003,C033,17,1250,12.0,18700.0,900,15300
T001273,2024-04-20,P008,C014,12,6200,10.0,66960.0,4200,50400
T001274,2024-04-20,P002,C006,4,900,0.0,3600.0,650,2600
T001275,2024-04-20,P012,C037,6,5200,12.0,27456.0,3800,22800
T001276,2024-04-20,P009,C019,4,600,0.0,2400.0,420,1680
T001277,2024-04-20,P007,C021,5,1850,0.0,9250.0,1200,6000
T001278,2024-04-20,P013,C018,12,2900,0.0,34800.0,2100,25200
T001279,2024-04-20,P015,C028,1,520,0.0,520.0,350,350
T001280,2024-04-20,P002,C032,3,900,0.0,2700.0,650,1950
T001281,2024-04-20,P013,C027,1,2900,0.0,2900.0,2100,2100
T001282,2024-04-20,P011,C034,3,2600,0.0,7800.0,1800,5400
T001283,2024-04-20,P010,C039,8,380,0.0,3040.0,260,2080
T001284,2024-04-21,P013,C006,11,2900,0.0,31900.0,2100,23100
T001285,2024-04-21,P015,C001,9,520,10.0,4212.0,350,3150
T001286,2024-04-21,P009,C018,10,600,8.0,5520.0,420,4200
T001287,2024-04-21,P002,C032,4,900,10.0,3240.0,650,2600
T001288,2024-04-21,P015,C037,1,520,12.0,457.6,350,350
T001289,2024-04-21,P013,C016,2,2900,0.0,5800.0,2100,4200
T001290,2024-04-21,P007,C007,2,1850,0.0,3700.0,1200,2400
T001291,2024-04-21,P009,C036,2,600,0.0,1200.0,420,840
T001292,2024-04-21,P013,C010,5,2900,0.0,14500.0,2100,10500
T001293,2024-04-21,P008,C028,10,6200,5.0,58900.0,4200,42000
T001294,2024-04-21,P008,C037,12,6200,0.0,74400.0,4200,50400
T001295,2024-04-22,P005,C023,7,48,0.0,336.0,32,224
T001296,2024-04-22,P017,C022,7,420,10.0,2646.0,340,2380
T001297,2024-04-22,P016,C014,7,2100,5.0,13965.0,1400,9800
T001298,2024-04-22,P012,C037,1,5200,12.0,4576.0,3800,3800
T001299,2024-04-22,P013,C035,9,2900,0.0,26100.0,2100,18900
T001300,2024-04-22,P004,C001,2,340,0.0,680.0,220,440
T001301,2024-04-22,P002,C014,3,900,0.0,2700.0,650,1950
T001302,2024-04-22,P020,C025,6,3100,0.0,18600.0,2200,13200
T001303,2024-04-22,P009,C001,6,600,8.0,3312.0,420,2520
T001304,2024-04-22,P010,C033,9,380,0.0,3420.0,260,2340
T001305,2024-04-22,P001,C023,2,3200,0.0,6400.0,2400,4800
T001306,2024-04-22,P014,C013,13,260,0.0,3380.0,180,2340
T001307,2024-04-22,P002,C007,7,900,12.0,5544.0,650,4550
T001308,2024-04-22,P002,C038,9,900,10.0,7290.0,650,5850
T001309,2024-04-22,P004,C033,15,340,0.0,5100.0,220,3300
T001310,2024-04-22,P009,C012,8,600,10.0,4320.0,420,3360
T001311,2024-04-22,P006,C011,7,82,0.0,574.0,55,385
T001312,2024-04-22,P018,C003,8,78,10.0,561.6,62,496
T001313,2024-04-23,P018,C002,1,78,8.0,71.76,62,62
T001314,2024-04-23,P011,C031,14,2600,0.0,36400.0,1800,25200
T001315,2024-04-23,P009,C029,7,600,0.0,4200.0,420,2940
T001316,2024-04-23,P017,C027,6,420,8.0,2318.4,340,2040
T001317,2024-04-23,P013,C018,1,2900,10.0,2610.0,2100,2100
T001318,2024-04-23,P002,C017,10,900,0.0,9000.0,650,6500
T001319,2024-04-23,P019,C037,5,230,0.0,1150.0,150,750
T001320,2024-04-23,P012,C014,1,5200,0.0,5200.0,3800,3800
T001321,2024-04-23,P013,C015,4,2900,0.0,11600.0,2100,8400
T001322,2024-04-23,P010,C037,2,380,,699.2,260,520
T001323,2024-04-23,P011,C033,3,2600,10.0,7020.0,1800,5400
T001324,2024-04-23,P015,C033,16,520,0.0,8320.0,350,5600
T001325,2024-04-23,P007,C035,17,1850,5.0,29877.5,1200,20400
T001326,2024-04-23,P013,C023,15,2900,0.0,43500.0,2100,31500
T001327,2024-04-23,P017,C023,4,420,8.0,1545.6,340,1360
T001328,2024-04-23,P016,C010,4,2100,0.0,8400.0,1400,5600
T001329,2024-04-23,P009,C036,3,600,12.0,1584.0,420,1260
T001330,2024-04-23,P015,C025,2,520,8.0,956.8,350,700
T001331,2024-04-23,P019,C039,13,230,0.0,2990.0,150,1950
T001332,2024-04-23,P013,C034,2,2900,0.0,5800.0,2100,4200
T001333,2024-04-23,P017,C003,1,420,0.0,420.0,340,340
T001334,2024-04-23,P003,C039,6,1250,8.0,6900.0,900,5400
T001335,2024-04-23,P004,C006,11,340,5.0,3553.0,220,2420
T001336,2024-04-24,P004,C004,5,340,10.0,1530.0,220,1100
T001337,2024-04-24,P010,C034,1,380,0.0,380.0,260,260
T001338,2024-04-24,P008,C007,8,6200,5.0,47120.0,4200,33600
T001339,2024-04-24,P018,C039,9,78,8.0,645.84,62,558
T001340,2024-04-24,P009,C027,9,600,8.0,4968.0,420,3780
T001341,2024-04-24,P013,C040,9,2900,0.0,26100.0,2100,18900
T001342,2024-04-24,P009,C029,8,600,12.0,4224.0,420,3360
T001343,2024-04-24,P017,C003,5,420,0.0,2100.0,340,1700
T001344,2024-04-24,P001,C028,6,3200,0.0,19200.0,2400,14400
T001345,2024-04-24,P011,C021,2,2600,10.0,4680.0,1800,3600
T001346,2024-04-24,P013,C009,6,2900,12.0,15312.0,2100,12600
T001347,2024-04-24,P012,C005,1,5200,0.0,5200.0,3800,3800
T001348,2024-04-24,P004,C002,2,340,12.0,598.4,220,440
T001349,2024-04-24,P013,C039,11,2900,8.0,29348.0,2100,23100
T001350,2024-04-25,P013,C018,2,2900,12.0,5104.0,2100,4200
T001351,2024-04-25,P005,C020,11,48,8.0,485.76,32,352
T001352,2024-04-25,P019,C025,4,230,8.0,846.4,150,600
T001353,2024-04-25,P006,C032,2,82,0.0,164.0,55,110
T001354,2024-04-25,P006,C027,6,82,5.0,467.4,55,330
T001355,2024-04-25,P002,C023,3,900,5.0,2565.0,650,1950
T001356,2024-04-25,P005,C034,1,48,0.0,48.0,32,32
T001357,2024-04-25,P017,C033,9,420,10.0,3402.0,340,3060
T001358,2024-04-25,P003,C004,5,1250,8.0,5750.0,900,4500
T001359,2024-04-25,P007,C019,8,1850,12.0,13024.0,1200,9600
T001360,2024-04-25,P011,C030,2,2600,5.0,4940.0,1800,3600
T001361,2024-04-25,P005,C007,4,48,0.0,192.0,32,128
T001362,2024-04-25,P004,C019,3,340,10.0,918.0,220,660
T001363,2024-04-25,P011,C014,2,2600,0.0,5200.0,1800,3600
T001364,2024-04-25,P010,C032,2,380,0.0,760.0,260,520
T001365,2024-04-25,P001,C008,-1,3200,0.0,9600.0,2400,7200
T001366,2024-04-26,P011,C006,1,2600,0.0,2600.0,1800,1800
T001367,2024-04-26,P018,C006,3,78,0.0,234.0,62,186
T001368,2024-04-26,P008,C023,2,6200,8.0,11408.0,4200,8400
T001369,2024-04-26,P008,C038,2,6200,0.0,12400.0,4200,8400
T001370,2024-04-26,P020,C007,6,3100,10.0,16740.0,2200,13200
T001371,2024-04-26,P005,C033,4,48,12.0,168.96,32,128
T001372,2024-04-26,P014,C035,5,260,0.0,1300.0,180,900
T001373,2024-04-26,P018,C005,2,78,8.0,143.52,62,124
T001374,2024-04-26,P020,C034,5,3100,5.0,14725.0,2200,11000
T001375,2024-04-26,P003,C040,1,1250,0.0,1250.0,900,900
T001376,2024-04-26,P007,C002,9,1850,12.0,14652.0,1200,10800
T001377,2024-04-26,P014,C038,8,260,10.0,1872.0,180,1440
T001378,2024-04-27,P001,C030,6,3200,12.0,16896.0,2400,14400
T001379,2024-04-27,P020,C013,1,3100,0.0,3100.0,2200,2200
T001380,2024-04-27,P015,C023,6,520,0.0,3120.0,350,2100
T001381,2024-04-27,P017,C018,7,420,10.0,2646.0,340,2380
T001382,2024-04-27,P005,C025,5,48,10.0,216.0,32,160
T001383,2024-04-27,P008,C024,1,6200,8.0,5704.0,4200,4200
T001384,2024-04-27,P018,C025,6,78,10.0,421.2,62,372
T001385,2024-04-27,P019,C008,10,230,5.0,2185.0,150,1500
T001386,2024-04-27,P007,C018,1,1850,12.0,1628.0,1200,1200
T001387,2024-04-27,P012,C015,3,5200,8.0,14352.0,3800,11400
T001388,2024-04-28,P015,C020,7,520,12.0,3203.2,350,2450
T001389,2024-04-28,P016,C013,2,2100,10.0,3780.0,1400,2800
T001390,2024-04-28,P009,C040,12,600,12.0,6336.0,420,5040
T001391,2024-04-28,P005,C008,4,48,0.0,192.0,32,128
T001392,2024-04-28,P008,C009,5,6200,10.0,27900.0,4200,21000
T001393,2024-04-28,P010,C036,2,380,0.0,760.0,260,520
T001394,2024-04-28,P005,C025,3,48,12.0,126.72,32,96
T001395,2024-04-28,P007,C010,5,1850,0.0,9250.0,1200,6000
T001396,2024-04-28,P009,C008,8,600,0.0,4800.0,420,3360
T001397,2024-04-28,P005,C012,11,48,0.0,528.0,32,352
T001398,2024-04-28,P008,C022,1,6200,12.0,5456.0,4200,4200
T001399,2024-04-28,P003,C023,1,1250,10.0,1125.0,900,900
T001400,2024-04-28,P002,C031,4,900,10.0,3240.0,650,2600
T001401,2024-04-28,P001,C033,10,3200,8.0,29440.0,2400,24000
T001402,2024-04-28,P016,C035,1,2100,5.0,1995.0,1400,1400
T001403,2024-04-28,P014,C004,10,260,0.0,2600.0,180,1800
T001404,2024-04-29,P003,C033,6,1250,12.0,6600.0,900,5400
T001405,2024-04-29,P005,C029,7,48,0.0,336.0,32,224
T001406,2024-04-29,P010,C023,3,380,0.0,1140.0,260,780
T001407,2024-04-29,P016,C021,6,2100,5.0,11970.0,1400,8400
T001408,2024-04-29,P018,C020,9,78,0.0,702.0,62,558
T001409,2024-04-29,P016,C011,4,2100,12.0,7392.0,1400,5600
T001410,2024-04-29,P013,C004,6,2900,10.0,15660.0,2100,12600
T001411,2024-04-29,P019,C011,3,230,5.0,655.5,150,450
T001412,2024-04-29,P003,C031,5,1250,5.0,5937.5,900,4500
T001413,2024-04-29,P007,C010,16,1850,5.0,28120.0,1200,19200
T001414,2024-04-29,P003,C036,1,1250,10.0,1125.0,900,900
T001415,2024-04-30,P017,C016,15,420,5.0,5985.0,340,5100
T001416,2024-04-30,P005,C017,8,48,8.0,353.28,32,256
T001417,2024-04-30,P011,C032,3,2600,12.0,6864.0,1800,5400
T001418,2024-04-30,P014,C004,10,260,5.0,2470.0,180,1800
T001419,2024-04-30,P007,C026,2,1850,8.0,3404.0,1200,2400
T001420,2024-04-30,P010,C004,5,380,5.0,1805.0,260,1300
T001421,2024-04-30,P010,C016,4,380,0.0,1520.0,260,1040
T001422,2024-04-30,P012,C040,7,5200,10.0,32760.0,3800,26600
T001423,2024-04-30,P020,C023,5,3100,5.0,14725.0,2200,11000
T001424,2024-04-30,P008,C009,1,6200,8.0,5704.0,4200,4200
T001425,2024-04-30,P006,C029,1,82,0.0,82.0,55,55
T001426,2024-04-30,P019,C022,5,230,0.0,1150.0,150,750
T001427,2024-05-01,P006,C035,1,82,5.0,77.9,55,55
T001428,2024-05-01,P013,C017,7,2900,8.0,18676.0,2100,14700
T001429,2024-05-01,P016,C035,9,2100,0.0,18900.0,1400,12600
T001430,2024-05-01,P016,C025,4,2100,0.0,8400.0,1400,5600
T001431,2024-05-01,P010,C010,10,380,10.0,3420.0,260,2600
T001432,2024-05-01,P019,C038,2,230,5.0,437.0,150,300
T001433,2024-05-01,P016,C016,7,2100,0.0,14700.0,1400,9800
T001434,2024-05-01,P007,C037,5,1850,0.0,9250.0,1200,6000
T001435,2024-05-01,P006,C026,4,82,0.0,328.0,55,220
T001436,2024-05-02,P015,C003,22,520,12.0,10067.2,350,7700
T001437,2024-05-02,P005,C016,5,48,8.0,220.8,32,160
T001438,2024-05-02,P003,C022,1,1250,10.0,1125.0,900,900
T001439,2024-05-02,P003,C032,4,1250,10.0,4500.0,900,3600
T001440,2024-05-02,P011,C030,2,2600,5.0,4940.0,1800,3600
T001441,2024-05-02,P016,C036,5,2100,0.0,10500.0,1400,7000
T001442,2024-05-02,P002,C023,6,900,0.0,5400.0,650,3900
T001443,2024-05-02,P004,C019,5,340,5.0,1615.0,220,1100
T001444,2024-05-02,P009,C008,1,600,8.0,552.0,420,420
T001445,2024-05-02,P008,C019,3,6200,12.0,16368.0,4200,12600
T001446,2024-05-02,P007,C033,3,1850,0.0,5550.0,1200,3600
T001447,2024-05-03,P019,C038,9,230,10.0,1863.0,150,1350
T001448,2024-05-03,P020,C016,4,3100,5.0,11780.0,2200,8800
T001449,2024-05-03,P001,C033,3,3200,12.0,8448.0,2400,7200
T001450,2024-05-03,P006,C026,1,82,0.0,82.0,55,55
T001451,2024-05-03,P001,C002,22,3200,0.0,70400.0,2400,52800
T001452,2024-05-03,P001,C007,5,3200,8.0,14720.0,2400,12000
T001453,2024-05-03,P018,C040,4,78,0.0,312.0,62,248
T001454,2024-05-03,P004,C024,4,340,0.0,1360.0,220,880
T001455,2024-05-03,P013,C004,3,2900,0.0,8700.0,2100,6300
T001456,2024-05-03,P013,C012,8,2900,10.0,20880.0,2100,16800
T001457,2024-05-03,P017,C028,7,420,5.0,2793.0,340,2380
T001458,2024-05-03,P009,C023,7,600,5.0,3990.0,420,2940
T001459,2024-05-04,P010,C019,12,380,0.0,4560.0,260,3120
T001460,2024-05-04,P001,C035,7,3200,5.0,21280.0,2400,16800
T001461,2024-05-04,P006,C003,3,82,0.0,246.0,55,165
T001462,2024-05-04,P012,C027,5,5200,12.0,22880.0,3800,19000
T001463,2024-05-04,P002,C009,5,900,10.0,4050.0,650,3250
T001464,2024-05-04,P003,C012,2,1250,0.0,2500.0,900,1800
T001465,2024-05-04,P017,C027,10,420,10.0,3780.0,340,3400
T001466,2024-05-04,P001,C032,8,3200,12.0,22528.0,2400,19200
T001467,2024-05-04,P005,C035,17,48,0.0,816.0,32,544
T001468,2024-05-04,P009,C007,14,600,0.0,8400.0,420,5880
T001469,2024-05-04,P017,C005,11,420,5.0,4389.0,340,3740
T001470,2024-05-04,P011,C033,14,2600,0.0,36400.0,1800,25200
T001471,2024-05-04,P008,C020,5,6200,10.0,27900.0,4200,21000
T001472,2024-05-04,P018,C007,4,78,5.0,296.4,62,248
T001473,2024-05-04,P004,C005,4,340,10.0,1224.0,220,880
T001474,2024-05-05,P011,C035,5,2600,0.0,13000.0,1800,9000
T001475,2024-05-05,P004,C025,7,340,0.0,2380.0,220,1540
T001476,2024-05-05,P016,C018,6,2100,8.0,11592.0,1400,8400
T001477,2024-05-05,P020,C001,14,3100,0.0,43400.0,2200,30800
T001478,2024-05-05,P005,C003,2,48,0.0,96.0,32,64
T001479,2024-05-05,P020,C029,7,3100,0.0,21700.0,2200,15400
T001480,2024-05-05,P016,C032,4,2100,10.0,7560.0,1400,5600
T001481,2024-05-05,P005,C024,1,48,0.0,48.0,32,32
T001482,2024-05-05,P017,C019,7,420,0.0,2940.0,340,2380
T001483,2024-05-05,P013,C018,8,2900,0.0,23200.0,2100,16800
T001484,2024-05-05,P018,C010,9,78,0.0,702.0,62,558
T001485,2024-05-05,P004,C038,30,340,0.0,10200.0,220,6600
T001486,2024-05-05,P017,C002,2,420,0.0,840.0,340,680
T001487,2024-05-05,P020,C013,5,3100,10.0,13950.0,2200,11000
T001488,2024-05-06,P008,C033,4,6200,0.0,24800.0,4200,16800
T001489,2024-05-06,P018,C020,6,78,5.0,444.6,62,372
T001490,2024-05-06,P020,C035,11,3100,0.0,34100.0,2200,24200
T001491,2024-05-06,P012,C009,3,5200,0.0,15600.0,3800,11400
T001492,2024-05-06,P019,C005,13,230,0.0,2990.0,150,1950
T001493,2024-05-06,P013,C035,8,2900,0.0,23200.0,2100,16800
T001494,2024-05-06,P011,C032,3,2600,8.0,7176.0,1800,5400
T001495,2024-05-06,P019,C034,6,230,0.0,1380.0,150,900
T001496,2024-05-06,P020,C005,5,3100,0.0,15500.0,2200,11000
T001497,2024-05-06,P014,C010,1,260,0.0,260.0,180,180
T001498,2024-05-06,P006,C023,7,82,0.0,574.0,55,385
T001499,2024-05-06,P017,C014,2,420,12.0,739.2,340,680
T001500,2024-05-07,P013,C001,8,2900,5.0,22040.0,2100,16800
T001501,2024-05-07,P008,C032,2,6200,12.0,10912.0,4200,8400
T001502,2024-05-07,P017,C027,4,420,5.0,1596.0,340,1360
T001503,2024-05-07,P007,C015,4,1850,8.0,6808.0,1200,4800
T001504,2024-05-07,P009,C009,5,600,0.0,3000.0,420,2100
T001505,2024-05-07,P006,C024,1,82,8.0,75.44,55,55
T001506,2024-05-07,P017,C023,6,420,0.0,2520.0,340,2040
T001507,2024-05-07,P001,C031,3,3200,8.0,8832.0,2400,7200
T001508,2024-05-07,P003,C002,18,1250,10.0,20250.0,900,16200
T001509,2024-05-07,P009,C035,1,600,0.0,600.0,420,420
T001510,2024-05-07,P007,C012,3,1850,0.0,5550.0,1200,3600
T001511,2024-05-07,P006,C025,2,82,12.0,144.32,55,110
T001512,2024-05-07,P003,C039,4,1250,12.0,4400.0,900,3600
T001513,2024-05-08,P018,C023,1,78,0.0,78.0,62,62
T001514,2024-05-08,P017,C012,2,420,0.0,840.0,340,680
T001515,2024-05-08,P010,C007,5,380,12.0,1672.0,260,1300
T001516,2024-05-08,P020,C005,7,3100,0.0,21700.0,2200,15400
T001517,2024-05-08,P019,C017,2,230,12.0,404.8,150,300
T001518,2024-05-08,P002,C022,6,900,5.0,5130.0,650,3900
T001519,2024-05-08,P014,C002,17,260,0.0,4420.0,180,3060
T001520,2024-05-08,P009,C001,2,600,5.0,1140.0,420,840
T001521,2024-05-08,P016,C014,1,2100,0.0,2100.0,1400,1400
T001522,2024-05-08,P017,C028,8,420,0.0,3360.0,340,2720
T001523,2024-05-08,P007,C022,5,1850,0.0,9250.0,1200,6000
T001524,2024-05-08,P010,C009,7,380,10.0,2394.0,260,1820
T001525,2024-05-08,P018,C030,2,78,0.0,156.0,62,124
T001526,2024-05-08,P008,C005,2,6200,10.0,11160.0,4200,8400
T001527,2024-05-08,P014,C009,6,260,12.0,1372.8,180,1080
T001528,2024-05-09,P008,C030,4,6200,0.0,24800.0,4200,16800
T001529,2024-05-09,P010,C038,2,380,0.0,760.0,260,520
T001530,2024-05-09,P008,C022,1,6200,0.0,6200.0,4200,4200
T001531,2024-05-09,P014,C031,17,260,8.0,4066.4,180,3060
T001532,2024-05-09,P018,C013,3,78,0.0,234.0,62,186
T001533,2024-05-09,P002,C014,7,900,0.0,6300.0,650,4550
T001534,2024-05-09,P005,C024,4,48,10.0,172.8,32,128
T001535,2024-05-09,P004,C017,1,340,10.0,306.0,220,220
T001536,2024-05-10,P005,C019,12,48,12.0,506.88,32,384
T001537,2024-05-10,P002,C037,17,900,0.0,15300.0,650,11050
T001538,2024-05-10,P007,C006,3,1850,10.0,4995.0,1200,3600
T001539,2024-05-10,P018,C021,11,78,10.0,772.2,62,682
T001540,2024-05-10,P002,C014,2,900,0.0,1800.0,650,1300
T001541,2024-05-10,P014,C003,15,260,0.0,3900.0,180,2700
T001542,2024-05-10,P016,C040,1,2100,0.0,2100.0,1400,1400
T001543,2024-05-10,P018,C034,2,78,0.0,156.0,62,124
T001544,2024-05-10,P016,C011,7,2100,8.0,13524.0,1400,9800
T001545,2024-05-10,P011,C013,4,2600,0.0,10400.0,1800,7200
T001546,2024-05-10,P008,C030,3,6200,8.0,17112.0,4200,12600
T001547,2024-05-10,P007,C020,6,1850,5.0,10545.0,1200,7200
T001548,2024-05-10,P005,C033,5,48,12.0,211.2,32,160
T001549,2024-05-10,P002,C010,5,900,5.0,4275.0,650,3250
T001550,2024-05-10,P010,C031,10,380,0.0,3800.0,260,2600
T001551,2024-05-10,P016,C002,5,2100,0.0,10500.0,1400,7000
T001552,2024-05-10,P011,C001,9,2600,8.0,21528.0,1800,16200
T001553,2024-05-10,P003,C005,7,1250,8.0,8050.0,900,6300
T001554,2024-05-10,P006,C015,9,82,10.0,664.2,55,495
T001555,2024-05-10,P013,C031,2,2900,0.0,5800.0,2100,4200
T001556,2024-05-10,P019,C009,2,230,5.0,437.0,150,300
T001557,2024-05-10,P010,C021,4,380,12.0,1337.6,260,1040
T001558,2024-05-10,P006,C009,10,82,5.0,779.0,55,550
T001559,2024-05-10,P004,C016,4,340,0.0,1360.0,220,880
T001560,2024-05-10,P018,C003,5,78,8.0,358.8,62,310
T001561,2024-05-11,P001,C038,13,3200,5.0,39520.0,2400,31200
T001562,2024-05-11,P012,C018,5,5200,0.0,26000.0,3800,19000
T001563,2024-05-11,P014,C015,9,260,0.0,2340.0,180,1620
T001564,2024-05-11,P003,C005,9,1250,8.0,10350.0,900,8100
T001565,2024-05-11,P015,C022,4,520,5.0,1976.0,350,1400
T001566,2024-05-11,P016,C037,1,2100,5.0,1995.0,1400,1400
T001567,2024-05-11,P005,C037,4,48,0.0,192.0,32,128
T001568,2024-05-11,P003,C003,11,1250,10.0,12375.0,900,9900
T001569,2024-05-11,P001,C001,15,3200,0.0,48000.0,2400,36000
T001570,2024-05-11,P019,C022,10,230,5.0,2185.0,150,1500
T001571,2024-05-11,P011,C028,9,2600,0.0,23400.0,1800,16200
T001572,2024-05-12,P009,C007,7,600,5.0,3990.0,420,2940
T001573,2024-05-12,P005,C007,5,48,0.0,240.0,32,160
T001574,2024-05-12,P004,C001,4,340,5.0,1292.0,220,880
T001575,2024-05-12,P009,C012,29,600,0.0,17400.0,420,12180
T001576,2024-05-12,P009,C011,14,600,0.0,8400.0,420,5880
T001577,2024-05-12,P014,C024,7,260,10.0,1638.0,180,1260
T001578,2024-05-12,P008,C025,6,6200,0.0,37200.0,4200,25200
T001579,2024-05-12,P011,C030,2,2600,0.0,5200.0,1800,3600
T001580,2024-05-12,P020,C037,13,3100,0.0,40300.0,2200,28600
T001581,2024-05-12,P007,C019,1,1850,0.0,1850.0,1200,1200
T001582,2024-05-12,P016,C001,9,2100,5.0,17955.0,1400,12600
T001583,2024-05-12,P020,C005,2,3100,0.0,6200.0,2200,4400
T001584,2024-05-12,P007,C022,18,1850,10.0,29970.0,1200,21600
T001585,2024-05-12,P006,C036,7,82,0.0,574.0,55,385
T001586,2024-05-12,P019,C028,7,230,10.0,1449.0,150,1050
T001587,2024-05-12,P009,C037,4,600,12.0,2112.0,420,1680
T001588,2024-05-13,P008,C005,6,6200,8.0,34224.0,4200,25200
T001589,2024-05-13,P010,C037,3,380,8.0,1048.8,260,780
T001590,2024-05-13,P019,C011,5,230,10.0,1035.0,150,750
T001591,2024-05-13,P007,C034,1,1850,8.0,1702.0,1200,1200
T001592,2024-05-13,P011,C021,11,2600,0.0,28600.0,1800,19800
T001593,2024-05-13,P008,C007,2,6200,0.0,12400.0,4200,8400
T001594,2024-05-13,P006,C028,11,82,8.0,829.84,55,605
T001595,2024-05-13,P020,C021,7,3100,0.0,21700.0,2200,15400
T001596,2024-05-13,P014,C016,18,260,5.0,4446.0,180,3240
T001597,2024-05-13,P014,C010,4,260,0.0,1040.0,180,720
T001598,2024-05-13,P005,C013,2,48,0.0,96.0,32,64
T001599,2024-05-13,P010,C030,6,380,0.0,2280.0,260,1560
T001600,2024-05-13,P018,C031,3,78,0.0,234.0,62,186
T001601,2024-05-13,P006,C018,2,82,5.0,155.8,55,110
T001602,2024-05-13,P005,C030,3,48,0.0,144.0,32,96
T001603,2024-05-13,P018,C003,5,78,0.0,390.0,62,310
T001604,2024-05-13,P010,C022,4,380,5.0,1444.0,260,1040
T001605,2024-05-13,P002,C006,8,900,12.0,6336.0,650,5200
T001606,2024-05-13,P020,C027,13,3100,12.0,35464.0,2200,28600
T001607,2024-05-14,P006,C032,1,82,8.0,75.44,55,55
T001608,2024-05-14,P006,C030,4,82,0.0,328.0,55,220
T001609,2024-05-14,P015,C009,1,520,12.0,457.6,350,350
T001610,2024-05-14,P008,C040,5,6200,8.0,28520.0,4200,21000
T001611,2024-05-14,P017,C015,8,420,12.0,2956.8,340,2720
T001612,2024-05-14,P018,C029,2,78,8.0,143.52,62,124
T001613,2024-05-14,P015,C037,5,520,0.0,2600.0,350,1750
T001614,2024-05-15,P013,C025,4,2900,10.0,10440.0,2100,8400
T001615,2024-05-15,P008,C020,4,6200,10.0,22320.0,4200,16800
T001616,2024-05-15,P010,C036,4,380,5.0,1444.0,260,1040
T001617,2024-05-15,P008,C002,1,6200,12.0,5456.0,4200,4200
T001618,2024-05-15,P013,C032,5,2900,0.0,14500.0,2100,10500
T001619,2024-05-15,P020,C012,6,3100,10.0,16740.0,2200,13200
T001620,2024-05-15,P012,C016,8,5200,0.0,41600.0,3800,30400
T001621,2024-05-15,P006,C016,5,82,0.0,410.0,55,275
T001622,2024-05-15,P019,C012,4,230,5.0,874.0,150,600
T001623,2024-05-15,P013,C027,8,2900,8.0,21344.0,2100,16800
T001624,2024-05-15,P006,C028,4,82,0.0,328.0,55,220
T001625,2024-05-15,P015,C018,6,520,5.0,2964.0,350,2100
T001626,2024-05-15,P007,C001,9,1850,0.0,16650.0,1200,10800
T001627,2024-05-15,P019,C010,5,230,0.0,1150.0,150,750
T001628,2024-05-15,P006,C040,23,82,0.0,1886.0,55,1265
T001629,2024-05-15,P018,C035,6,78,8.0,430.56,62,372
T001630,2024-05-15,P020,C018,2,3100,0.0,6200.0,2200,4400
T001631,2024-05-15,P011,C014,3,2600,12.0,6864.0,1800,5400
T001632,2024-05-16,P017,C003,8,420,12.0,2956.8,340,2720
T001633,2024-05-16,P007,C025,4,1850,10.0,6660.0,1200,4800
T001634,2024-05-16,P001,C036,3,3200,10.0,8640.0,2400,7200
T001635,2024-05-16,P018,C009,5,78,12.0,343.2,62,310
T001636,2024-05-16,P017,C023,6,420,10.0,2268.0,340,2040
T001637,2024-05-16,P001,C040,12,3200,,38400.0,2400,28800
T001638,2024-05-16,P017,C022,9,420,5.0,3591.0,340,3060
T001639,2024-05-16,P018,C006,2,78,8.0,143.52,62,124
T001640,2024-05-16,P011,C035,6,2600,5.0,14820.0,1800,10800
T001641,2024-05-16,P018,C016,1,78,0.0,78.0,62,62
T001642,2024-05-16,P011,C014,5,2600,12.0,11440.0,1800,9000
T001643,2024-05-16,P008,C005,10,6200,0.0,62000.0,4200,42000
T001644,2024-05-17,P002,C025,11,900,0.0,9900.0,650,7150
T001645,2024-05-17,P012,C034,3,5200,0.0,15600.0,3800,11400
T001646,2024-05-17,P018,C020,12,78,12.0,823.68,62,744
T001647,2024-05-17,P017,C017,4,420,8.0,1545.6,340,1360
T001648,2024-05-17,P010,C007,8,380,0.0,3040.0,260,2080
T001649,2024-05-17,P020,C037,4,3100,0.0,12400.0,2200,8800
T001650,2024-05-17,P006,C022,2,82,10.0,147.6,55,110
T001651,2024-05-17,P012,C034,4,5200,0.0,20800.0,3800,15200
T001652,2024-05-17,P012,C034,7,5200,0.0,36400.0,3800,26600
T001653,2024-05-17,P016,C035,4,2100,0.0,8400.0,1400,5600
T001654,2024-05-17,P003,C002,3,1250,10.0,3375.0,900,2700
T001655,2024-05-17,P011,C004,11,2600,0.0,28600.0,1800,19800
T001656,2024-05-17,P013,C022,2,2900,8.0,5336.0,2100,4200
T001657,2024-05-17,P020,C031,1,3100,10.0,2790.0,2200,2200
T001658,2024-05-17,P012,C006,1,5200,0.0,5200.0,3800,3800
T001659,2024-05-17,P018,C021,1,78,0.0,78.0,62,62
T001660,2024-05-17,P010,C032,4,380,0.0,1520.0,260,1040
T001661,2024-05-17,P004,C032,6,340,0.0,2040.0,220,1320
T001662,2024-05-18,P001,C008,11,3200,0.0,35200.0,2400,26400
T001663,2024-05-18,P014,C026,4,260,0.0,1040.0,180,720
T001664,2024-05-18,P011,C036,9,2600,5.0,22230.0,1800,16200
T001665,2024-05-18,P005,C033,5,48,12.0,211.2,32,160
T001666,2024-05-18,P006,C035,4,82,5.0,311.6,55,220
T001667,2024-05-18,P010,C033,4,380,8.0,1398.4,260,1040
T001668,2024-05-18,P020,C037,5,3100,0.0,15500.0,2200,11000
T001669,2024-05-18,P010,C038,3,380,0.0,1140.0,260,780
T001670,2024-05-18,P008,C032,21,6200,0.0,130200.0,4200,88200
T001671,2024-05-18,P008,C026,4,6200,5.0,23560.0,4200,16800
T001672,2024-05-18,P007,C006,2,1850,0.0,3700.0,1200,2400
T001673,2024-05-18,P010,C038,3,380,10.0,1026.0,260,780
T001674,2024-05-18,P011,C040,3,2600,12.0,6864.0,1800,5400
T001675,2024-05-19,P003,C038,4,1250,0.0,5000.0,900,3600
T001676,2024-05-19,P009,C030,5,600,0.0,3000.0,420,2100
T001677,2024-05-19,P011,C037,2,2600,0.0,5200.0,1800,3600
T001678,2024-05-19,P015,C019,2,520,8.0,956.8,350,700
T001679,2024-05-19,P011,C020,12,2600,10.0,28080.0,1800,21600
T001680,2024-05-19,P007,C029,1,1850,12.0,1628.0,1200,1200
T001681,2024-05-19,P007,C015,1,1850,10.0,1665.0,1200,1200
T001682,2024-05-19,P015,C034,3,520,0.0,1560.0,350,1050
T001683,2024-05-19,P001,C039,2,3200,10.0,5760.0,2400,4800
T001684,2024-05-19,P012,C014,1,5200,12.0,4576.0,3800,3800
T001685,2024-05-19,P003,C029,4,1250,8.0,4600.0,900,3600
T001686,2024-05-19,P014,C030,7,260,12.0,1601.6,180,1260
T001687,2024-05-19,P005,C022,3,48,0.0,144.0,32,96
T001688,2024-05-19,P013,C013,1,2900,0.0,2900.0,2100,2100
T001689,2024-05-19,P020,C033,4,3100,0.0,12400.0,2200,8800
T001690,2024-05-19,P001,C016,3,3200,0.0,9600.0,2400,7200
T001691,2024-05-19,P009,C024,3,600,8.0,1656.0,420,1260
T001692,2024-05-19,P013,C007,15,2900,8.0,40020.0,2100,31500
T001693,2024-05-19,P005,C011,2,48,12.0,84.48,32,64
T001694,2024-05-19,P002,C003,8,900,0.0,7200.0,650,5200
T001695,2024-05-19,P009,C028,3,600,0.0,1800.0,420,1260
T001696,2024-05-19,P011,C034,1,2600,12.0,2288.0,1800,1800
T001697,2024-05-20,P006,C017,13,82,12.0,938.08,55,715
T001698,2024-05-20,P009,C009,7,600,0.0,4200.0,420,2940
T001699,2024-05-20,P020,C005,4,3100,5.0,11780.0,2200,8800
T001700,2024-05-20,P006,C031,4,82,0.0,328.0,55,220
T001701,2024-05-20,P015,C023,7,520,0.0,3640.0,350,2450
T001702,2024-05-20,P020,C028,3,3100,10.0,8370.0,2200,6600
T001703,2024-05-20,P017,C017,13,420,0.0,5460.0,340,4420
T001704,2024-05-20,P016,C010,4,2100,10.0,7560.0,1400,5600
T001705,2024-05-20,P012,C028,3,5200,8.0,14352.0,3800,11400
T001706,2024-05-20,P010,C006,8,380,10.0,2736.0,260,2080
T001707,2024-05-20,P018,C017,7,78,5.0,518.7,62,434
T001708,2024-05-21,P015,C002,3,520,8.0,1435.2,350,1050
T001709,2024-05-21,P018,C036,3,78,8.0,215.28,62,186
T001710,2024-05-21,P018,C010,15,78,0.0,1170.0,62,930
T001711,2024-05-21,P008,C005,18,6200,10.0,100440.0,4200,75600
T001712,2024-05-21,P010,C025,10,380,10.0,3420.0,260,2600
T001713,2024-05-21,P013,C014,1,2900,0.0,2900.0,2100,2100
T001714,2024-05-21,P020,C038,1,3100,8.0,2852.0,2200,2200
T001715,2024-05-21,P016,C025,1,2100,0.0,2100.0,1400,1400
T001716,2024-05-21,P014,C006,2,260,0.0,520.0,180,360
T001717,2024-05-21,P006,C008,6,82,0.0,492.0,55,330
T001718,2024-05-21,P001,C017,16,3200,0.0,51200.0,2400,38400
T001719,2024-05-22,P004,C018,3,340,10.0,918.0,220,660
T001720,2024-05-22,P013,C006,8,2900,10.0,20880.0,2100,16800
T001721,2024-05-22,P015,C027,2,520,5.0,988.0,350,700
T001722,2024-05-22,P020,C031,3,3100,10.0,8370.0,2200,6600
T001723,2024-05-22,P019,C020,6,230,5.0,1311.0,150,900
T001724,2024-05-22,P014,C014,5,260,0.0,1300.0,180,900
T001725,2024-05-22,P017,C011,2,420,12.0,739.2,340,680
T001726,2024-05-22,P017,C026,11,420,0.0,4620.0,340,3740
T001727,2024-05-22,P007,C027,3,1850,0.0,5550.0,1200,3600
T001728,2024-05-22,P015,C019,9,520,12.0,4118.4,350,3150
T001729,2024-05-22,P020,C031,5,3100,5.0,14725.0,2200,11000
T001730,2024-05-22,P011,C027,4,2600,12.0,9152.0,1800,7200
T001731,2024-05-22,P017,C009,8,420,5.0,3192.0,340,2720
T001732,2024-05-22,P012,C009,-1,5200,0.0,15600.0,3800,11400
T001733,2024-05-22,P003,C017,11,1250,8.0,12650.0,900,9900
T001734,2024-05-22,P009,C012,16,600,5.0,9120.0,420,6720
T001735,2024-05-22,P016,C022,3,2100,8.0,5796.0,1400,4200
T001736,2024-05-23,P019,C008,4,230,0.0,920.0,150,600
T001737,2024-05-23,P009,C018,5,600,0.0,3000.0,420,2100
T001738,2024-05-23,P007,C016,5,1850,0.0,9250.0,1200,6000
T001739,2024-05-23,P008,C026,4,6200,0.0,24800.0,4200,16800
T001740,2024-05-23,P019,C018,1,230,0.0,230.0,150,150
T001741,2024-05-23,P011,C002,3,2600,0.0,7800.0,1800,5400
T001742,2024-05-23,P008,C013,4,6200,10.0,22320.0,4200,16800
T001743,2024-05-23,P017,C036,4,420,0.0,1680.0,340,1360
T001744,2024-05-23,P017,C039,4,420,0.0,1680.0,340,1360
T001745,2024-05-23,P004,C035,3,340,0.0,1020.0,220,660
T001746,2024-05-24,P018,C038,3,78,0.0,234.0,62,186
T001747,2024-05-24,P001,C029,12,3200,10.0,34560.0,2400,28800
T001748,2024-05-24,P016,C020,8,2100,10.0,15120.0,1400,11200
T001749,2024-05-24,P004,C037,5,340,0.0,1700.0,220,1100
T001750,2024-05-24,P003,C014,8,1250,0.0,10000.0,900,7200
T001751,2024-05-24,P006,C011,2,82,12.0,144.32,55,110
T001752,2024-05-24,P018,C030,1,78,0.0,78.0,62,62
T001753,2024-05-24,P004,C001,4,340,10.0,1224.0,220,880
T001754,2024-05-24,P007,C015,1,1850,8.0,1702.0,1200,1200
T001755,2024-05-24,P016,C013,5,2100,0.0,10500.0,1400,7000
T001756,2024-05-24,P020,C019,5,3100,0.0,15500.0,2200,11000
T001757,2024-05-24,P019,C028,2,230,8.0,423.2,150,300
T001758,2024-05-24,P010,C035,2,380,0.0,760.0,260,520
T001759,2024-05-24,P008,C026,6,6200,0.0,37200.0,4200,25200
T001760,2024-05-24,P017,C027,8,420,12.0,2956.8,340,2720
T001761,2024-05-24,P009,C001,14,600,5.0,7980.0,420,5880
T001762,2024-05-25,P009,C040,3,600,0.0,1800.0,420,1260
T001763,2024-05-25,P007,C016,4,1850,0.0,7400.0,1200,4800
T001764,2024-05-25,P017,C031,6,420,0.0,2520.0,340,2040
T001765,2024-05-25,P004,C021,12,340,5.0,3876.0,220,2640
T001766,2024-05-25,P016,C007,5,2100,0.0,10500.0,1400,7000
T001767,2024-05-25,P001,C035,3,3200,0.0,9600.0,2400,7200
T001768,2024-05-25,P012,C021,7,5200,8.0,33488.0,3800,26600
T001769,2024-05-25,P013,C036,14,2900,0.0,40600.0,2100,29400
T001770,2024-05-25,P011,C035,1,2600,8.0,2392.0,1800,1800
T001771,2024-05-25,P005,C037,8,48,0.0,384.0,32,256
T001772,2024-05-25,P011,C012,6,2600,0.0,15600.0,1800,10800
T001773,2024-05-25,P003,C015,8,1250,0.0,10000.0,900,7200
T001774,2024-05-25,P013,C030,5,2900,0.0,14500.0,2100,10500
T001775,2024-05-26,P015,C017,8,520,0.0,4160.0,350,2800
T001776,2024-05-26,P013,C007,4,2900,0.0,11600.0,2100,8400
T001777,2024-05-26,P002,C025,3,900,5.0,2565.0,650,1950
T001778,2024-05-26,P018,C019,13,78,5.0,963.3,62,806
T001779,2024-05-26,P019,C036,5,230,0.0,1150.0,150,750
T001780,2024-05-26,P018,C012,8,78,8.0,574.08,62,496
T001781,2024-05-26,P005,C024,11,48,8.0,485.76,32,352
T001782,2024-05-26,P001,C025,4,3200,0.0,12800.0,2400,9600
T001783,2024-05-26,P020,C002,3,3100,12.0,8184.0,2200,6600
T001784,2024-05-26,P003,C028,2,1250,10.0,2250.0,900,1800
T001785,2024-05-26,P009,C026,5,600,0.0,3000.0,420,2100
T001786,2024-05-26,P006,C016,3,82,0.0,246.0,55,165
T001787,2024-05-27,P001,C015,9,3200,10.0,25920.0,2400,21600
T001788,2024-05-27,P002,C019,17,900,0.0,15300.0,650,11050
T001789,2024-05-27,P003,C014,23,1250,12.0,25300.0,900,20700
T001790,2024-05-27,P001,C027,10,3200,8.0,29440.0,2400,24000
T001791,2024-05-27,P006,C014,4,82,8.0,301.76,55,220
T001792,2024-05-27,P011,C005,6,2600,5.0,14820.0,1800,10800
T001793,2024-05-27,P018,C033,3,78,0.0,234.0,62,186
T001794,2024-05-27,P004,C037,-1,340,8.0,2189.6,220,1540
T001795,2024-05-27,P019,C024,6,230,0.0,1380.0,150,900
T001796,2024-05-27,P002,C017,9,900,12.0,7128.0,650,5850
T001797,2024-05-27,P004,C030,2,340,12.0,598.4,220,440
T001798,2024-05-27,P017,C039,1,420,,386.4,340,340
T001799,2024-05-27,P020,C025,3,3100,12.0,8184.0,2200,6600
T001800,2024-05-27,P005,C019,4,48,8.0,176.64,32,128
T001801,2024-05-27,P001,C008,11,3200,0.0,35200.0,2400,26400
T001802,2024-05-27,P013,C017,4,2900,0.0,11600.0,2100,8400
T001803,2024-05-28,P008,C002,9,6200,0.0,55800.0,4200,37800
T001804,2024-05-28,P004,C017,4,340,10.0,1224.0,220,880
T001805,2024-05-28,P019,C021,3,230,8.0,634.8,150,450
T001806,2024-05-28,P020,C033,1,3100,8.0,2852.0,2200,2200
T001807,2024-05-28,P016,C038,7,2100,10.0,13230.0,1400,9800
T001808,2024-05-28,P009,C025,3,600,0.0,1800.0,420,1260
T001809,2024-05-28,P019,C038,4,230,0.0,920.0,150,600
T001810,2024-05-28,P001,C026,2,3200,8.0,5888.0,2400,4800
T001811,2024-05-28,P004,C029,6,340,8.0,1876.8,220,1320
T001812,2024-05-28,P008,C038,9,6200,0.0,55800.0,4200,37800
T001813,2024-05-28,P010,C035,14,380,0.0,5320.0,260,3640
T001814,2024-05-28,P009,C031,3,600,5.0,1710.0,420,1260
T001815,2024-05-28,P007,C018,5,1850,0.0,9250.0,1200,6000
T001816,2024-05-28,P006,C034,6,82,0.0,492.0,55,330
T001817,2024-05-28,P013,C039,4,2900,0.0,11600.0,2100,8400
T001818,2024-05-28,P012,C026,5,5200,0.0,26000.0,3800,19000
T001819,2024-05-28,P002,C001,5,900,10.0,4050.0,650,3250
T001820,2024-05-28,P009,C007,4,600,0.0,2400.0,420,1680
T001821,2024-05-29,P009,C002,7,600,0.0,4200.0,420,2940
T001822,2024-05-29,P006,C018,3,82,8.0,226.32,55,165
T001823,2024-05-29,P005,C011,7,48,0.0,336.0,32,224
T001824,2024-05-29,P016,C008,3,2100,0.0,6300.0,1400,4200
T001825,2024-05-29,P017,C017,10,420,12.0,3696.0,340,3400
T001826,2024-05-29,P007,C022,3,1850,10.0,4995.0,1200,3600
T001827,2024-05-29,P008,C022,8,6200,0.0,49600.0,4200,33600
T001828,2024-05-29,P007,C040,5,1850,0.0,9250.0,1200,6000
T001829,2024-05-29,P007,C014,11,1850,0.0,20350.0,1200,13200
T001830,2024-05-29,P004,C004,3,340,0.0,1020.0,220,660
T001831,2024-05-29,P008,C033,3,6200,0.0,18600.0,4200,12600
T001832,2024-05-29,P003,C039,3,1250,10.0,3375.0,900,2700
T001833,2024-05-29,P009,C004,7,600,0.0,4200.0,420,2940
T001834,2024-05-29,P018,C007,2,78,5.0,148.2,62,124
T001835,2024-05-29,P009,C013,7,600,5.0,3990.0,420,2940
T001836,2024-05-30,P001,C021,2,3200,0.0,6400.0,2400,4800
T001837,2024-05-30,P010,C010,14,380,8.0,4894.4,260,3640
T001838,2024-05-30,P016,C002,10,2100,0.0,21000.0,1400,14000
T001839,2024-05-30,P012,C038,7,5200,5.0,34580.0,3800,26600
T001840,2024-05-30,P005,C025,3,48,8.0,132.48,32,96
T001841,2024-05-30,P016,C010,2,2100,12.0,3696.0,1400,2800
T001842,2024-05-30,P009,C023,14,600,5.0,7980.0,420,5880
T001843,2024-05-30,P008,C015,1,6200,10.0,5580.0,4200,4200
T001844,2024-05-30,P015,C020,3,520,8.0,1435.2,350,1050
T001845,2024-05-30,P009,C019,3,600,8.0,1656.0,420,1260
T001846,2024-05-30,P011,C007,16,2600,5.0,39520.0,1800,28800
T001847,2024-05-30,P012,C040,8,5200,0.0,41600.0,3800,30400
T001848,2024-05-30,P001,C036,3,3200,10.0,8640.0,2400,7200
T001849,2024-05-30,P019,C012,2,230,10.0,414.0,150,300
T001850,2024-05-30,P018,C011,11,78,12.0,755.04,62,682
T001851,2024-05-30,P016,C033,7,2100,0.0,14700.0,1400,9800
T001852,2024-05-30,P002,C020,10,900,0.0,9000.0,650,6500
T001853,2024-05-31,P006,C001,2,82,0.0,164.0,55,110
T001854,2024-05-31,P014,C022,5,260,12.0,1144.0,180,900
T001855,2024-05-31,P013,C021,5,2900,0.0,14500.0,2100,10500
T001856,2024-05-31,P018,C036,4,78,0.0,312.0,62,248
T001857,2024-05-31,P015,C023,5,520,0.0,2600.0,350,1750
T001858,2024-05-31,P012,C009,14,5200,10.0,65520.0,3800,53200
T001859,2024-05-31,P007,C007,3,1850,5.0,5272.5,1200,3600
T001860,2024-05-31,P015,C003,2,520,0.0,1040.0,350,700
T001861,2024-05-31,P012,C030,1,5200,10.0,4680.0,3800,3800
T001862,2024-05-31,P011,C027,12,2600,8.0,28704.0,1800,21600
T001863,2024-05-31,P001,C007,1,3200,10.0,2880.0,2400,2400
T001864,2024-05-31,P013,C026,3,2900,12.0,7656.0,2100,6300
T001865,2024-05-31,P015,C038,12,520,0.0,6240.0,350,4200
T001866,2024-06-01,P009,C028,3,600,0.0,1800.0,420,1260
T001867,2024-06-01,P012,C026,12,5200,0.0,62400.0,3800,45600
T001868,2024-06-01,P011,C024,5,2600,0.0,13000.0,1800,9000
T001869,2024-06-01,P004,C003,3,340,5.0,969.0,220,660
T001870,2024-06-01,P006,C014,3,82,0.0,246.0,55,165
T001871,2024-06-01,P003,C008,4,1250,5.0,4750.0,900,3600
T001872,2024-06-01,P011,C011,12,2600,0.0,31200.0,1800,21600
T001873,2024-06-02,P005,C005,3,48,0.0,144.0,32,96
T001874,2024-06-02,P004,C010,5,340,12.0,1496.0,220,1100
T001875,2024-06-02,P003,C022,1,1250,8.0,1150.0,900,900
T001876,2024-06-02,P008,C031,1,6200,0.0,6200.0,4200,4200
T001877,2024-06-02,P015,C022,7,520,0.0,3640.0,350,2450
T001878,2024-06-02,P004,C029,5,340,0.0,1700.0,220,1100
T001879,2024-06-02,P001,C021,2,3200,8.0,5888.0,2400,4800
T001880,2024-06-02,P018,C038,3,78,10.0,210.6,62,186
T001881,2024-06-02,P002,C014,8,900,5.0,6840.0,650,5200
T001882,2024-06-02,P010,C012,4,380,8.0,1398.4,260,1040
T001883,2024-06-02,P004,C004,1,340,0.0,340.0,220,220
T001884,2024-06-03,P003,C006,2,1250,0.0,2500.0,900,1800
T001885,2024-06-03,P010,C038,3,380,0.0,1140.0,260,780
T001886,2024-06-03,P007,C026,10,1850,5.0,17575.0,1200,12000
T001887,2024-06-03,P003,C004,10,1250,8.0,11500.0,900,9000
T001888,2024-06-03,P008,C023,8,6200,12.0,43648.0,4200,33600
T001889,2024-06-03,P003,C023,6,1250,8.0,6900.0,900,5400
T001890,2024-06-03,P005,C020,4,48,8.0,176.64,32,128
T001891,2024-06-03,P001,C019,10,3200,8.0,29440.0,2400,24000
T001892,2024-06-03,P009,C039,6,600,0.0,3600.0,420,2520
T001893,2024-06-03,P009,C015,5,600,12.0,2640.0,420,2100
T001894,2024-06-03,P019,C028,2,230,0.0,460.0,150,300
T001895,2024-06-03,P018,C034,7,78,5.0,518.7,62,434
T001896,2024-06-03,P017,C018,3,420,5.0,1197.0,340,1020
T001897,2024-06-03,P010,C019,5,380,0.0,1900.0,260,1300
T001898,2024-06-04,P015,C035,9,520,5.0,4446.0,350,3150
T001899,2024-06-04,P008,C007,4,6200,12.0,21824.0,4200,16800
T001900,2024-06-04,P004,C022,2,340,0.0,680.0,220,440
T001901,2024-06-04,P007,C021,9,1850,12.0,14652.0,1200,10800
T001902,2024-06-04,P002,C005,9,900,5.0,7695.0,650,5850
T001903,2024-06-04,P004,C004,4,340,8.0,1251.2,220,880
T001904,2024-06-04,P015,C040,6,520,0.0,3120.0,350,2100
T001905,2024-06-04,P011,C019,3,2600,0.0,7800.0,1800,5400
T001906,2024-06-04,P007,C026,7,1850,0.0,12950.0,1200,8400
T001907,2024-06-04,P007,C029,2,1850,5.0,3515.0,1200,2400
T001908,2024-06-04,P006,C031,6,82,0.0,492.0,55,330
T001909,2024-06-04,P011,C001,1,2600,12.0,2288.0,1800,1800
T001910,2024-06-04,P020,C026,3,3100,0.0,9300.0,2200,6600
T001911,2024-06-05,P017,C018,5,420,8.0,1932.0,340,1700
T001912,2024-06-05,P005,C038,6,48,5.0,273.6,32,192
T001913,2024-06-05,P006,C010,2,82,0.0,164.0,55,110
T001914,2024-06-05,P019,C023,2,230,10.0,414.0,150,300
T001915,2024-06-05,P003,C033,7,1250,5.0,8312.5,900,6300
T001916,2024-06-05,P020,C034,6,3100,0.0,18600.0,2200,13200
T001917,2024-06-05,P010,C025,4,380,10.0,1368.0,260,1040
T001918,2024-06-05,P020,C025,10,3100,0.0,31000.0,2200,22000
T001919,2024-06-05,P017,C024,1,420,8.0,386.4,340,340
T001920,2024-06-06,P004,C002,3,340,12.0,897.6,220,660
T001921,2024-06-06,P009,C032,1,600,0.0,600.0,420,420
T001922,2024-06-06,P019,C023,8,230,0.0,1840.0,150,1200
T001923,2024-06-06,P015,C035,16,520,0.0,8320.0,350,5600
T001924,2024-06-06,P013,C011,11,2900,0.0,31900.0,2100,23100
T001925,2024-06-06,P014,C027,2,260,10.0,468.0,180,360
T001926,2024-06-06,P006,C019,12,82,10.0,885.6,55,660
T001927,2024-06-06,P006,C002,4,82,8.0,301.76,55,220
T001928,2024-06-06,P009,C038,6,600,0.0,3600.0,420,2520
T001929,2024-06-06,P001,C037,3,3200,8.0,8832.0,2400,7200
T001930,2024-06-07,P018,C034,2,78,12.0,137.28,62,124
T001931,2024-06-07,P018,C030,1,78,0.0,78.0,62,62
T001932,2024-06-07,P018,C003,4,78,10.0,280.8,62,248
T001933,2024-06-07,P006,C031,3,82,0.0,246.0,55,165
T001934,2024-06-07,P016,C033,5,2100,5.0,9975.0,1400,7000
T001935,2024-06-07,P011,C040,2,2600,0.0,5200.0,1800,3600
T001936,2024-06-07,P020,C007,4,3100,5.0,11780.0,2200,8800
T001937,2024-06-07,P016,C014,18,2100,0.0,37800.0,1400,25200
T001938,2024-06-07,P008,C034,3,6200,8.0,17112.0,4200,12600
T001939,2024-06-08,P005,C028,4,48,5.0,182.4,32,128
T001940,2024-06-08,P020,C036,6,3100,0.0,18600.0,2200,13200
T001941,2024-06-08,P018,C040,2,78,5.0,148.2,62,124
T001942,2024-06-08,P010,C010,8,380,0.0,3040.0,260,2080
T001943,2024-06-08,P002,C001,2,900,0.0,1800.0,650,1300
T001944,2024-06-08,P008,C040,3,6200,8.0,17112.0,4200,12600
T001945,2024-06-08,P020,C013,3,3100,10.0,8370.0,2200,6600
T001946,2024-06-09,P003,C012,1,1250,0.0,1250.0,900,900
T001947,2024-06-09,P010,C026,14,380,5.0,5054.0,260,3640
T001948,2024-06-09,P016,C026,1,2100,12.0,1848.0,1400,1400
T001949,2024-06-09,P012,C006,2,5200,0.0,10400.0,3800,7600
T001950,2024-06-09,P004,C018,10,340,0.0,3400.0,220,2200
T001951,2024-06-09,P010,C038,7,380,0.0,2660.0,260,1820
T001952,2024-06-09,P005,C004,6,48,0.0,288.0,32,192
T001953,2024-06-09,P017,C020,9,420,0.0,3780.0,340,3060
T001954,2024-06-09,P007,C034,2,1850,8.0,3404.0,1200,2400
T001955,2024-06-09,P008,C021,5,6200,0.0,31000.0,4200,21000
T001956,2024-06-09,P015,C032,3,520,12.0,1372.8,350,1050
T001957,2024-06-09,P019,C033,3,230,0.0,690.0,150,450
T001958,2024-06-10,P001,C010,11,3200,0.0,35200.0,2400,26400
T001959,2024-06-10,P013,C037,10,2900,8.0,26680.0,2100,21000
T001960,2024-06-10,P016,C011,1,2100,0.0,2100.0,1400,1400
T001961,2024-06-10,P004,C019,6,340,0.0,2040.0,220,1320
T001962,2024-06-10,P002,C012,1,900,12.0,792.0,650,650
T001963,2024-06-10,P003,C022,7,1250,0.0,8750.0,900,6300
T001964,2024-06-10,P014,C033,1,260,12.0,228.8,180,180
T001965,2024-06-11,P004,C029,1,340,8.0,312.8,220,220
T001966,2024-06-11,P002,C007,6,900,5.0,5130.0,650,3900
T001967,2024-06-11,P004,C039,7,340,0.0,2380.0,220,1540
T001968,2024-06-11,P011,C006,2,2600,10.0,4680.0,1800,3600
T001969,2024-06-11,P003,C006,1,1250,0.0,1250.0,900,900
T001970,2024-06-11,P002,C013,9,900,0.0,8100.0,650,5850
T001971,2024-06-11,P004,C025,1,340,8.0,312.8,220,220
T001972,2024-06-11,P014,C036,10,260,0.0,2600.0,180,1800
T001973,2024-06-11,P003,C013,18,1250,12.0,19800.0,900,16200
T001974,2024-06-11,P015,C005,1,520,12.0,457.6,350,350
T001975,2024-06-12,P014,C039,4,260,12.0,915.2,180,720
T001976,2024-06-12,P006,C037,7,82,10.0,516.6,55,385
T001977,2024-06-12,P009,C030,7,600,10.0,3780.0,420,2940
T001978,2024-06-13,P008,C030,3,6200,0.0,18600.0,4200,12600
T001979,2024-06-13,P004,C010,3,340,12.0,897.6,220,660
T001980,2024-06-13,P013,C011,3,2900,5.0,8265.0,2100,6300
T001981,2024-06-13,P013,C026,1,2900,8.0,2668.0,2100,2100
T001982,2024-06-13,P011,C038,7,2600,0.0,18200.0,1800,12600
T001983,2024-06-13,P016,C030,3,2100,8.0,5796.0,1400,4200
T001984,2024-06-13,P016,C008,1,2100,0.0,2100.0,1400,1400
T001985,2024-06-13,P012,C023,17,5200,0.0,88400.0,3800,64600
T001986,2024-06-13,P002,C005,3,900,0.0,2700.0,650,1950
T001987,2024-06-13,P012,C002,7,5200,5.0,34580.0,3800,26600
T001988,2024-06-13,P020,C016,7,3100,10.0,19530.0,2200,15400
T001989,2024-06-13,P002,C037,1,900,0.0,900.0,650,650
T001990,2024-06-13,P018,C014,5,78,0.0,390.0,62,310
T001991,2024-06-13,P016,C013,4,2100,0.0,8400.0,1400,5600
T001992,2024-06-13,P017,C037,3,420,0.0,1260.0,340,1020
T001993,2024-06-13,P014,C037,2,260,12.0,457.6,180,360
T001994,2024-06-13,P011,C009,1,2600,12.0,2288.0,1800,1800
T001995,2024-06-13,P005,C011,10,48,12.0,422.4,32,320
T001996,2024-06-13,P015,C033,7,520,12.0,3203.2,350,2450
T001997,2024-06-14,P011,C007,11,2600,8.0,26312.0,1800,19800
T001998,2024-06-14,P005,C016,6,48,0.0,288.0,32,192
T001999,2024-06-14,P004,C017,4,340,8.0,1251.2,220,880
T002000,2024-06-14,P010,C026,-1,380,12.0,5684.8,260,4420
T002001,2024-06-14,P017,C035,2,420,5.0,798.0,340,680
T002002,2024-06-14,P005,C002,14,48,0.0,672.0,32,448
T002003,2024-06-14,P012,C025,4,5200,12.0,18304.0,3800,15200
T002004,2024-06-15,P008,C019,4,6200,10.0,22320.0,4200,16800
T002005,2024-06-15,P020,C012,2,3100,8.0,5704.0,2200,4400
T002006,2024-06-15,P017,C018,3,420,8.0,1159.2,340,1020
T002007,2024-06-15,P005,C031,1,48,10.0,43.2,32,32
T002008,2024-06-15,P012,C024,11,5200,5.0,54340.0,3800,41800
T002009,2024-06-15,P013,C018,5,2900,10.0,13050.0,2100,10500
T002010,2024-06-15,P015,C036,4,520,8.0,1913.6,350,1400
T002011,2024-06-15,P006,C012,1,82,0.0,82.0,55,55
T002012,2024-06-15,P015,C025,10,520,5.0,4940.0,350,3500
T002013,2024-06-15,P008,C019,13,6200,10.0,72540.0,4200,54600
T002014,2024-06-15,P016,C014,8,2100,8.0,15456.0,1400,11200
T002015,2024-06-16,P017,C038,4,420,12.0,1478.4,340,1360
T002016,2024-06-16,P017,C013,3,420,0.0,1260.0,340,1020
T002017,2024-06-16,P017,C031,1,420,0.0,420.0,340,340
T002018,2024-06-16,P008,C013,2,6200,12.0,10912.0,4200,8400
T002019,2024-06-16,P019,C028,6,230,5.0,1311.0,150,900
T002020,2024-06-16,P004,C011,3,340,0.0,1020.0,220,660
T002021,2024-06-16,P019,C005,11,230,10.0,2277.0,150,1650
T002022,2024-06-16,P014,C011,2,260,10.0,468.0,180,360
T002023,2024-06-16,P007,C032,6,1850,12.0,9768.0,1200,7200
T002024,2024-06-16,P020,C001,7,3100,12.0,19096.0,2200,15400
T002025,2024-06-17,P018,C039,4,78,8.0,287.04,62,248
T002026,2024-06-17,P002,C018,6,900,0.0,5400.0,650,3900
T002027,2024-06-17,P008,C020,5,6200,10.0,27900.0,4200,21000
T002028,2024-06-17,P018,C007,3,78,8.0,215.28,62,186
T002029,2024-06-17,P019,C028,11,230,12.0,2226.4,150,1650
T002030,2024-06-17,P009,C018,4,600,5.0,2280.0,420,1680
T002031,2024-06-17,P020,C016,10,3100,0.0,31000.0,2200,22000
T002032,2024-06-17,P006,C008,8,82,12.0,577.28,55,440
T002033,2024-06-17,P009,C009,8,600,0.0,4800.0,420,3360
T002034,2024-06-17,P004,C002,1,340,12.0,299.2,220,220
T002035,2024-06-17,P010,C033,9,380,10.0,3078.0,260,2340
T002036,2024-06-17,P016,C022,1,2100,12.0,1848.0,1400,1400
T002037,2024-06-18,P008,C013,13,6200,0.0,80600.0,4200,54600
T002038,2024-06-18,P007,C007,9,1850,8.0,15318.0,1200,10800
T002039,2024-06-18,P012,C039,4,5200,0.0,20800.0,3800,15200
T002040,2024-06-18,P009,C024,6,600,0.0,3600.0,420,2520
T002041,2024-06-18,P005,C032,10,48,8.0,441.6,32,320
T002042,2024-06-18,P002,C011,1,900,8.0,828.0,650,650
T002043,2024-06-18,P014,C018,4,260,5.0,988.0,180,720
T002044,2024-06-18,P015,C035,8,520,0.0,4160.0,350,2800
T002045,2024-06-18,P002,C009,4,900,0.0,3600.0,650,2600
T002046,2024-06-18,P013,C015,2,2900,0.0,5800.0,2100,4200
T002047,2024-06-19,P005,C025,1,48,5.0,45.6,32,32
T002048,2024-06-19,P009,C035,5,600,5.0,2850.0,420,2100
T002049,2024-06-19,P012,C018,7,5200,0.0,36400.0,3800,26600
T002050,2024-06-19,P003,C040,5,1250,5.0,5937.5,900,4500
T002051,2024-06-19,P020,C030,5,3100,8.0,14260.0,2200,11000
T002052,2024-06-19,P002,C017,2,900,10.0,1620.0,650,1300
T002053,2024-06-19,P001,C028,1,3200,8.0,2944.0,2400,2400
T002054,2024-06-19,P020,C025,5,3100,8.0,14260.0,2200,11000
T002055,2024-06-19,P018,C019,2,78,8.0,143.52,62,124
T002056,2024-06-19,P005,C028,1,48,10.0,43.2,32,32
T002057,2024-06-19,P001,C023,1,3200,8.0,2944.0,2400,2400
T002058,2024-06-20,P003,C010,6,1250,12.0,6600.0,900,5400
T002059,2024-06-20,P011,C019,3,2600,0.0,7800.0,1800,5400
T002060,2024-06-20,P017,C028,5,420,0.0,2100.0,340,1700
T002061,2024-06-20,P009,C003,6,600,10.0,3240.0,420,2520
T002062,2024-06-20,P013,C036,5,2900,5.0,13775.0,2100,10500
T002063,2024-06-20,P001,C033,1,3200,12.0,2816.0,2400,2400
T002064,2024-06-20,P001,C026,4,3200,12.0,11264.0,2400,9600
T002065,2024-06-21,P002,C004,25,900,5.0,21375.0,650,16250
T002066,2024-06-21,P002,C015,2,900,0.0,1800.0,650,1300
T002067,2024-06-21,P016,C011,6,2100,0.0,12600.0,1400,8400
T002068,2024-06-21,P013,C031,4,2900,10.0,10440.0,2100,8400
T002069,2024-06-21,P006,C019,2,82,5.0,155.8,55,110
T002070,2024-06-21,P015,C035,4,520,0.0,2080.0,350,1400
T002071,2024-06-21,P012,C001,5,5200,0.0,26000.0,3800,19000
T002072,2024-06-21,P005,C036,4,48,0.0,192.0,32,128
T002073,2024-06-21,P019,C031,10,230,0.0,2300.0,150,1500
T002074,2024-06-21,P018,C030,1,78,5.0,74.1,62,62
T002075,2024-06-21,P008,C013,7,6200,10.0,39060.0,4200,29400
T002076,2024-06-21,P008,C032,5,6200,12.0,27280.0,4200,21000
T002077,2024-06-21,P009,C022,2,600,0.0,1200.0,420,840
T002078,2024-06-21,P008,C022,8,6200,8.0,45632.0,4200,33600
T002079,2024-06-21,P005,C006,8,48,12.0,337.92,32,256
T002080,2024-06-21,P006,C016,4,82,0.0,328.0,55,220
T002081,2024-06-21,P020,C030,9,3100,8.0,25668.0,2200,19800
T002082,2024-06-22,P013,C021,13,2900,0.0,37700.0,2100,27300
T002083,2024-06-22,P020,C016,1,3100,12.0,2728.0,2200,2200
T002084,2024-06-22,P018,C004,1,78,8.0,71.76,62,62
T002085,2024-06-22,P015,C021,1,520,10.0,468.0,350,350
T002086,2024-06-22,P010,C036,1,380,8.0,349.6,260,260
T002087,2024-06-23,P018,C002,6,78,8.0,430.56,62,372
T002088,2024-06-23,P001,C040,4,3200,8.0,11776.0,2400,9600
T002089,2024-06-23,P020,C001,3,3100,5.0,8835.0,2200,6600
T002090,2024-06-23,P018,C023,4,78,0.0,312.0,62,248
T002091,2024-06-23,P006,C040,4,82,8.0,301.76,55,220
T002092,2024-06-23,P009,C007,6,600,12.0,3168.0,420,2520
T002093,2024-06-23,P004,C031,2,340,8.0,625.6,220,440
T002094,2024-06-23,P004,C039,3,340,0.0,1020.0,220,660
T002095,2024-06-23,P016,C027,1,2100,8.0,1932.0,1400,1400
T002096,2024-06-23,P008,C003,3,6200,0.0,18600.0,4200,12600
T002097,2024-06-23,P019,C004,8,230,12.0,1619.2,150,1200
T002098,2024-06-23,P009,C033,4,600,0.0,2400.0,420,1680
T002099,2024-06-23,P007,C019,2,1850,0.0,3700.0,1200,2400
T002100,2024-06-23,P018,C030,9,78,8.0,645.84,62,558
T002101,2024-06-24,P009,C009,15,600,8.0,8280.0,420,6300
T002102,2024-06-24,P014,C017,2,260,0.0,520.0,180,360
T002103,2024-06-24,P005,C001,9,48,0.0,432.0,32,288
T002104,2024-06-24,P015,C032,4,520,0.0,2080.0,350,1400
T002105,2024-06-24,P020,C039,13,3100,0.0,40300.0,2200,28600
T002106,2024-06-24,P016,C005,12,2100,12.0,22176.0,1400,16800
T002107,2024-06-24,P001,C022,17,3200,8.0,50048.0,2400,40800
T002108,2024-06-24,P012,C025,7,5200,5.0,34580.0,3800,26600
T002109,2024-06-25,P019,C038,1,230,5.0,218.5,150,150
T002110,2024-06-25,P007,C013,3,1850,10.0,4995.0,1200,3600
T002111,2024-06-25,P009,C024,5,600,8.0,2760.0,420,2100
T002112,2024-06-25,P002,C023,1,900,12.0,792.0,650,650
T002113,2024-06-25,P009,C020,5,600,0.0,3000.0,420,2100
T002114,2024-06-25,P008,C014,11,6200,5.0,64790.0,4200,46200
T002115,2024-06-25,P011,C032,2,2600,0.0,5200.0,1800,3600
T002116,2024-06-25,P011,C010,6,2600,0.0,15600.0,1800,10800
T002117,2024-06-25,P005,C005,4,48,8.0,176.64,32,128
T002118,2024-06-25,P010,C008,8,380,5.0,2888.0,260,2080
T002119,2024-06-26,P010,C028,1,380,8.0,349.6,260,260
T002120,2024-06-26,P018,C023,3,78,0.0,234.0,62,186
T002121,2024-06-26,P016,C038,9,2100,10.0,17010.0,1400,12600
T002122,2024-06-26,P020,C029,5,3100,10.0,13950.0,2200,11000
T002123,2024-06-27,P007,C034,8,1850,10.0,13320.0,1200,9600
T002124,2024-06-27,P009,C036,3,600,0.0,1800.0,420,1260
T002125,2024-06-27,P017,C018,11,420,8.0,4250.4,340,3740
T002126,2024-06-27,P016,C036,4,2100,10.0,7560.0,1400,5600
T002127,2024-06-27,P020,C018,2,3100,0.0,6200.0,2200,4400
T002128,2024-06-27,P007,C039,15,1850,0.0,27750.0,1200,18000
T002129,2024-06-27,P005,C013,3,48,12.0,126.72,32,96
T002130,2024-06-27,P007,C026,3,1850,0.0,5550.0,1200,3600
T002131,2024-06-27,P006,C024,3,82,12.0,216.48,55,165
T002132,2024-06-28,P015,C039,2,520,12.0,915.2,350,700
T002133,2024-06-28,P006,C022,1,82,5.0,77.9,55,55
T002134,2024-06-28,P001,C002,1,3200,0.0,3200.0,2400,2400
T002135,2024-06-28,P012,C017,1,5200,0.0,5200.0,3800,3800
T002136,2024-06-28,P005,C021,2,48,0.0,96.0,32,64
T002137,2024-06-28,P009,C013,2,600,0.0,1200.0,420,840
T002138,2024-06-28,P003,C039,4,1250,0.0,5000.0,900,3600
T002139,2024-06-28,P017,C021,7,420,0.0,2940.0,340,2380
T002140,2024-06-28,P014,C031,8,260,0.0,2080.0,180,1440
T002141,2024-06-29,P009,C029,3,600,10.0,1620.0,420,1260
T002142,2024-06-29,P019,C037,5,230,0.0,1150.0,150,750
T002143,2024-06-29,P003,C037,10,1250,0.0,12500.0,900,9000
T002144,2024-06-29,P004,C005,8,340,0.0,2720.0,220,1760
T002145,2024-06-29,P015,C030,9,520,10.0,4212.0,350,3150
T002146,2024-06-29,P010,C018,7,380,12.0,2340.8,260,1820
T002147,2024-06-29,P020,C040,7,3100,8.0,19964.0,2200,15400
T002148,2024-06-29,P004,C036,13,340,12.0,3889.6,220,2860
T002149,2024-06-29,P004,C010,1,340,12.0,299.2,220,220
T002150,2024-06-29,P020,C034,7,3100,8.0,19964.0,2200,15400
T002151,2024-06-29,P015,C028,6,520,5.0,2964.0,350,2100
T002152,2024-06-29,P018,C010,7,78,5.0,518.7,62,434
T002153,2024-06-29,P004,C037,8,340,0.0,2720.0,220,1760
T002154,2024-06-29,P002,C019,10,900,10.0,8100.0,650,6500
T002155,2024-06-29,P006,C012,1,82,0.0,82.0,55,55
T002156,2024-06-29,P010,C009,5,380,10.0,1710.0,260,1300
T002157,2024-06-29,P002,C025,4,900,0.0,3600.0,650,2600
T002158,2024-06-29,P020,C008,3,3100,0.0,9300.0,2200,6600
T002159,2024-06-29,P020,C035,2,3100,0.0,6200.0,2200,4400
T002160,2024-06-29,P020,C032,8,3100,10.0,22320.0,2200,17600
T002161,2024-06-29,P010,C020,3,380,12.0,1003.2,260,780
T002162,2024-06-30,P015,C031,11,520,0.0,5720.0,350,3850
T002163,2024-06-30,P003,C037,11,1250,0.0,13750.0,900,9900
T002164,2024-06-30,P001,C040,5,3200,12.0,14080.0,2400,12000
T002165,2024-06-30,P017,C028,6,420,5.0,2394.0,340,2040
T002166,2024-06-30,P013,C039,11,2900,10.0,28710.0,2100,23100
T002167,2024-06-30,P009,C030,1,600,8.0,552.0,420,420
T002168,2024-06-30,P005,C020,6,48,0.0,288.0,32,192
T002169,2024-06-30,P014,C016,2,260,12.0,457.6,180,360
T002170,2024-06-30,P002,C019,7,900,5.0,5985.0,650,4550
T002171,2024-06-30,P014,C029,2,260,0.0,520.0,180,360
T002172,2024-07-01,P001,C040,1,3200,8.0,2944.0,2400,2400
T002173,2024-07-02,P016,C035,5,2100,10.0,9450.0,1400,7000
T002174,2024-07-02,P001,C035,6,3200,0.0,19200.0,2400,14400
T002175,2024-07-02,P019,C033,3,230,10.0,621.0,150,450
T002176,2024-07-02,P009,C038,4,600,5.0,2280.0,420,1680
T002177,2024-07-02,P020,C027,1,3100,12.0,2728.0,2200,2200
T002178,2024-07-02,P014,C040,5,260,0.0,1300.0,180,900
T002179,2024-07-02,P007,C013,5,1850,0.0,9250.0,1200,6000
T002180,2024-07-03,P007,C006,12,1850,0.0,22200.0,1200,14400
T002181,2024-07-03,P017,C035,6,420,8.0,2318.4,340,2040
T002182,2024-07-03,P008,C013,4,6200,8.0,22816.0,4200,16800
T002183,2024-07-03,P020,C038,14,3100,0.0,43400.0,2200,30800
T002184,2024-07-03,P002,C030,7,900,8.0,5796.0,650,4550
T002185,2024-07-03,P019,C026,6,230,10.0,1242.0,150,900
T002186,2024-07-03,P009,C032,4,600,5.0,2280.0,420,1680
T002187,2024-07-03,P005,C002,1,48,5.0,45.6,32,32
T002188,2024-07-04,P012,C009,4,5200,0.0,20800.0,3800,15200
T002189,2024-07-04,P016,C005,1,2100,5.0,1995.0,1400,1400
T002190,2024-07-04,P013,C028,1,2900,0.0,2900.0,2100,2100
T002191,2024-07-04,P001,C026,1,3200,5.0,3040.0,2400,2400
T002192,2024-07-04,P015,C005,10,520,10.0,4680.0,350,3500
T002193,2024-07-04,P010,C008,6,380,12.0,2006.4,260,1560
T002194,2024-07-04,P013,C029,1,2900,12.0,2552.0,2100,2100
T002195,2024-07-05,P016,C004,3,2100,0.0,6300.0,1400,4200
T002196,2024-07-05,P013,C007,12,2900,0.0,34800.0,2100,25200
T002197,2024-07-05,P007,C036,3,1850,8.0,5106.0,1200,3600
T002198,2024-07-05,P020,C005,7,3100,0.0,21700.0,2200,15400
T002199,2024-07-05,P005,C006,6,48,0.0,288.0,32,192
T002200,2024-07-05,P002,C035,3,900,0.0,2700.0,650,1950
T002201,2024-07-06,P007,C009,3,1850,0.0,5550.0,1200,3600
T002202,2024-07-06,P001,C025,8,3200,5.0,24320.0,2400,19200
T002203,2024-07-06,P013,C015,7,2900,5.0,19285.0,2100,14700
T002204,2024-07-06,P009,C012,4,600,10.0,2160.0,420,1680
T002205,2024-07-07,P020,C017,3,3100,0.0,9300.0,2200,6600
T002206,2024-07-07,P001,C002,1,3200,12.0,2816.0,2400,2400
T002207,2024-07-07,P003,C027,4,1250,0.0,5000.0,900,3600
T002208,2024-07-07,P007,C006,1,1850,8.0,1702.0,1200,1200
T002209,2024-07-07,P005,C033,9,48,0.0,432.0,32,288
T002210,2024-07-07,P016,C039,4,2100,5.0,7980.0,1400,5600
T002211,2024-07-08,P013,C015,10,2900,0.0,29000.0,2100,21000
T002212,2024-07-08,P011,C009,1,2600,0.0,2600.0,1800,1800
T002213,2024-07-08,P018,C024,10,78,0.0,780.0,62,620
T002214,2024-07-08,P020,C024,1,3100,5.0,2945.0,2200,2200
T002215,2024-07-08,P019,C023,10,230,0.0,2300.0,150,1500
T002216,2024-07-09,P012,C022,4,5200,0.0,20800.0,3800,15200
T002217,2024-07-09,P009,C005,6,600,12.0,3168.0,420,2520
T002218,2024-07-09,P004,C015,9,340,5.0,2907.0,220,1980
T002219,2024-07-09,P003,C001,6,1250,8.0,6900.0,900,5400
T002220,2024-07-09,P015,C028,4,520,12.0,1830.4,350,1400
T002221,2024-07-10,P013,C030,6,2900,0.0,17400.0,2100,12600
T002222,2024-07-10,P010,C007,2,380,5.0,722.0,260,520
T002223,2024-07-10,P009,C025,1,600,10.0,540.0,420,420
T002224,2024-07-10,P017,C040,9,420,8.0,3477.6,340,3060
T002225,2024-07-10,P002,C010,12,900,8.0,9936.0,650,7800
T002226,2024-07-10,P010,C039,5,380,0.0,1900.0,260,1300
T002227,2024-07-10,P004,C022,24,340,10.0,7344.0,220,5280
T002228,2024-07-10,P020,C001,1,3100,12.0,2728.0,2200,2200
T002229,2024-07-11,P012,C026,6,5200,10.0,28080.0,3800,22800
T002230,2024-07-11,P018,C012,10,78,0.0,780.0,62,620
T002231,2024-07-11,P012,C030,2,5200,12.0,9152.0,3800,7600
T002232,2024-07-11,P008,C023,5,6200,0.0,31000.0,4200,21000
T002233,2024-07-11,P007,C003,11,1850,0.0,20350.0,1200,13200
T002234,2024-07-11,P010,C019,12,380,,4104.0,260,3120
T002235,2024-07-11,P005,C015,7,48,0.0,336.0,32,224
T002236,2024-07-12,P005,C033,7,48,10.0,302.4,32,224
T002237,2024-07-12,P014,C009,17,260,10.0,3978.0,180,3060
T002238,2024-07-12,P008,C003,9,6200,12.0,49104.0,4200,37800
T002239,2024-07-12,P015,C027,10,520,0.0,5200.0,350,3500
T002240,2024-07-12,P011,C003,2,2600,12.0,4576.0,1800,3600
T002241,2024-07-12,P003,C032,7,1250,0.0,8750.0,900,6300
T002242,2024-07-12,P015,C007,1,520,0.0,520.0,350,350
T002243,2024-07-12,P020,C026,2,3100,0.0,6200.0,2200,4400
T002244,2024-07-13,P003,C002,1,1250,10.0,1125.0,900,900
T002245,2024-07-13,P004,C001,5,340,5.0,1615.0,220,1100
T002246,2024-07-13,P016,C024,1,2100,12.0,1848.0,1400,1400
T002247,2024-07-13,P015,C022,4,520,5.0,1976.0,350,1400
T002248,2024-07-14,P001,C031,4,3200,12.0,11264.0,2400,9600
T002249,2024-07-14,P020,C019,3,3100,5.0,8835.0,2200,6600
T002250,2024-07-14,P012,C020,1,5200,5.0,4940.0,3800,3800
T002251,2024-07-14,P004,C005,2,340,0.0,680.0,220,440
T002252,2024-07-14,P011,C003,2,2600,0.0,5200.0,1800,3600
T002253,2024-07-14,P018,C017,3,78,0.0,234.0,62,186
T002254,2024-07-15,P008,C037,4,6200,8.0,22816.0,4200,16800
T002255,2024-07-15,P020,C025,9,3100,8.0,25668.0,2200,19800
T002256,2024-07-15,P001,C038,10,3200,10.0,28800.0,2400,24000
T002257,2024-07-15,P020,C008,5,3100,5.0,14725.0,2200,11000
T002258,2024-07-15,P002,C032,4,900,0.0,3600.0,650,2600
T002259,2024-07-15,P004,C023,5,340,10.0,1530.0,220,1100
T002260,2024-07-15,P016,C034,2,2100,5.0,3990.0,1400,2800
T002261,2024-07-16,P007,C032,3,1850,5.0,5272.5,1200,3600
T002262,2024-07-16,P017,C004,1,420,12.0,369.6,340,340
T002263,2024-07-16,P019,C027,20,230,10.0,4140.0,150,3000
T002264,2024-07-16,P005,C017,11,48,0.0,528.0,32,352
T002265,2024-07-17,P020,C018,3,3100,8.0,8556.0,2200,6600
T002266,2024-07-17,P007,C006,1,1850,10.0,1665.0,1200,1200
T002267,2024-07-17,P019,C035,3,230,10.0,621.0,150,450
T002268,2024-07-17,P008,C039,3,6200,0.0,18600.0,4200,12600
T002269,2024-07-17,P017,C033,3,420,8.0,1159.2,340,1020
T002270,2024-07-17,P009,C012,9,600,0.0,5400.0,420,3780
T002271,2024-07-17,P019,C010,1,230,0.0,230.0,150,150
T002272,2024-07-17,P015,C035,3,520,5.0,1482.0,350,1050
T002273,2024-07-17,P005,C010,2,48,5.0,91.2,32,64
T002274,2024-07-17,P001,C021,1,3200,5.0,3040.0,2400,2400
T002275,2024-07-17,P004,C034,6,340,0.0,2040.0,220,1320
T002276,2024-07-17,P020,C029,5,3100,5.0,14725.0,2200,11000
T002277,2024-07-17,P010,C023,5,380,5.0,1805.0,260,1300
T002278,2024-07-18,P006,C017,4,82,0.0,328.0,55,220
T002279,2024-07-18,P015,C022,3,520,0.0,1560.0,350,1050
T002280,2024-07-18,P007,C012,2,1850,0.0,3700.0,1200,2400
T002281,2024-07-18,P011,C004,7,2600,0.0,18200.0,1800,12600
T002282,2024-07-19,P016,C010,10,2100,0.0,21000.0,1400,14000
T002283,2024-07-19,P007,C034,4,1850,0.0,7400.0,1200,4800
T002284,2024-07-19,P012,C013,7,5200,5.0,34580.0,3800,26600
T002285,2024-07-19,P006,C033,4,82,8.0,301.76,55,220
T002286,2024-07-19,P008,C014,4,6200,8.0,22816.0,4200,16800
T002287,2024-07-19,P019,C007,1,230,10.0,207.0,150,150
T002288,2024-07-19,P009,C027,4,600,5.0,2280.0,420,1680
T002289,2024-07-19,P009,C031,4,600,12.0,2112.0,420,1680
T002290,2024-07-19,P002,C001,4,900,10.0,3240.0,650,2600
T002291,2024-07-19,P014,C026,4,260,0.0,1040.0,180,720
T002292,2024-07-19,P020,C033,5,3100,5.0,14725.0,2200,11000
T002293,2024-07-20,P006,C020,3,82,8.0,226.32,55,165
T002294,2024-07-20,P018,C013,8,78,0.0,624.0,62,496
T002295,2024-07-20,P020,C031,3,3100,0.0,9300.0,2200,6600
T002296,2024-07-20,P018,C001,3,78,0.0,234.0,62,186
T002297,2024-07-20,P001,C040,2,3200,8.0,5888.0,2400,4800
T002298,2024-07-20,P018,C033,1,78,0.0,78.0,62,62
T002299,2024-07-20,P003,C007,3,1250,8.0,3450.0,900,2700
T002300,2024-07-20,P009,C011,5,600,12.0,2640.0,420,2100
T002301,2024-07-21,P001,C011,3,3200,8.0,8832.0,2400,7200
T002302,2024-07-21,P018,C007,3,78,0.0,234.0,62,186
T002303,2024-07-21,P002,C024,2,900,0.0,1800.0,650,1300
T002304,2024-07-21,P011,C016,8,2600,12.0,18304.0,1800,14400
T002305,2024-07-22,P018,C006,4,78,12.0,274.56,62,248
T002306,2024-07-22,P010,C015,1,380,8.0,349.6,260,260
T002307,2024-07-22,P009,C024,5,600,5.0,2850.0,420,2100
T002308,2024-07-22,P003,C017,6,1250,5.0,7125.0,900,5400
T002309,2024-07-22,P014,C009,3,260,5.0,741.0,180,540
T002310,2024-07-22,P003,C025,9,1250,12.0,9900.0,900,8100
T002311,2024-07-23,P011,C001,2,2600,0.0,5200.0,1800,3600
T002312,2024-07-23,P011,C017,7,2600,12.0,16016.0,1800,12600
T002313,2024-07-23,P013,C015,1,2900,10.0,2610.0,2100,2100
T002314,2024-07-24,P013,C012,10,2900,10.0,26100.0,2100,21000
T002315,2024-07-24,P001,C027,3,3200,10.0,8640.0,2400,7200
T002316,2024-07-24,P001,C021,1,3200,5.0,3040.0,2400,2400
T002317,2024-07-24,P003,C012,1,1250,5.0,1187.5,900,900
T002318,2024-07-24,P001,C038,2,3200,5.0,6080.0,2400,4800
T002319,2024-07-24,P019,C001,2,230,10.0,414.0,150,300
T002320,2024-07-24,P008,C023,2,6200,8.0,11408.0,4200,8400
T002321,2024-07-24,P012,C031,4,5200,10.0,18720.0,3800,15200
T002322,2024-07-25,P001,C012,11,3200,5.0,33440.0,2400,26400
T002323,2024-07-25,P005,C011,7,48,0.0,336.0,32,224
T002324,2024-07-25,P002,C021,6,900,12.0,4752.0,650,3900
T002325,2024-07-25,P003,C009,1,1250,10.0,1125.0,900,900
T002326,2024-07-25,P017,C023,1,420,0.0,420.0,340,340
T002327,2024-07-25,P005,C038,1,48,0.0,48.0,32,32
T002328,2024-07-25,P001,C007,2,3200,0.0,6400.0,2400,4800
T002329,2024-07-25,P011,C028,4,2600,0.0,10400.0,1800,7200
T002330,2024-07-25,P005,C030,5,48,8.0,220.8,32,160
T002331,2024-07-25,P020,C009,2,3100,8.0,5704.0,2200,4400
T002332,2024-07-26,P005,C021,5,48,8.0,220.8,32,160
T002333,2024-07-26,P006,C001,1,82,0.0,82.0,55,55
T002334,2024-07-27,P014,C021,6,260,8.0,1435.2,180,1080
T002335,2024-07-27,P019,C008,3,230,0.0,690.0,150,450
T002336,2024-07-27,P003,C031,5,1250,0.0,6250.0,900,4500
T002337,2024-07-27,P003,C023,3,1250,8.0,3450.0,900,2700
T002338,2024-07-27,P019,C018,4,230,8.0,846.4,150,600
T002339,2024-07-27,P002,C030,5,900,12.0,3960.0,650,3250
T002340,2024-07-27,P007,C032,1,1850,12.0,1628.0,1200,1200
T002341,2024-07-28,P005,C009,6,48,10.0,259.2,32,192
T002342,2024-07-28,P014,C004,5,260,0.0,1300.0,180,900
T002343,2024-07-28,P004,C031,10,340,0.0,3400.0,220,2200
T002344,2024-07-28,P005,C036,3,48,0.0,144.0,32,96
T002345,2024-07-29,P018,C038,5,78,0.0,390.0,62,310
T002346,2024-07-29,P006,C012,5,82,8.0,377.2,55,275
T002347,2024-07-29,P007,C015,1,1850,0.0,1850.0,1200,1200
T002348,2024-07-29,P018,C024,9,78,10.0,631.8,62,558
T002349,2024-07-29,P009,C008,9,600,0.0,5400.0,420,3780
T002350,2024-07-29,P001,C009,13,3200,0.0,41600.0,2400,31200
T002351,2024-07-30,P007,C013,4,1850,0.0,7400.0,1200,4800
T002352,2024-07-30,P013,C013,2,2900,0.0,5800.0,2100,4200
T002353,2024-07-30,P019,C030,3,230,0.0,690.0,150,450
T002354,2024-07-30,P009,C010,3,600,8.0,1656.0,420,1260
T002355,2024-07-30,P014,C013,7,260,0.0,1820.0,180,1260
T002356,2024-07-31,P017,C030,8,420,5.0,3192.0,340,2720
T002357,2024-07-31,P008,C020,16,6200,8.0,91264.0,4200,67200
T002358,2024-07-31,P002,C031,1,900,12.0,792.0,650,650
T002359,2024-07-31,P012,C029,5,5200,0.0,26000.0,3800,19000
T002360,2024-07-31,P018,C031,9,78,10.0,631.8,62,558
T002361,2024-07-31,P016,C002,16,2100,0.0,33600.0,1400,22400
T002362,2024-07-31,P018,C020,5,78,0.0,390.0,62,310
T002363,2024-07-31,P010,C014,2,380,5.0,722.0,260,520
T002364,2024-08-01,P017,C005,3,420,0.0,1260.0,340,1020
T002365,2024-08-01,P020,C019,1,3100,0.0,3100.0,2200,2200
T002366,2024-08-02,P015,C019,8,520,8.0,3827.2,350,2800
T002367,2024-08-02,P001,C036,-1,3200,10.0,8640.0,2400,7200
T002368,2024-08-02,P020,C009,11,3100,0.0,34100.0,2200,24200
T002369,2024-08-02,P011,C020,3,2600,12.0,6864.0,1800,5400
T002370,2024-08-02,P002,C005,2,900,0.0,1800.0,650,1300
T002371,2024-08-03,P006,C003,12,82,12.0,865.92,55,660
T002372,2024-08-03,P019,C027,5,230,5.0,1092.5,150,750
T002373,2024-08-03,P007,C008,6,1850,5.0,10545.0,1200,7200
T002374,2024-08-03,P015,C012,11,520,5.0,5434.0,350,3850
T002375,2024-08-03,P011,C029,6,2600,0.0,15600.0,1800,10800
T002376,2024-08-03,P011,C031,4,2600,10.0,9360.0,1800,7200
T002377,2024-08-03,P002,C007,7,900,5.0,5985.0,650,4550
T002378,2024-08-03,P016,C037,6,2100,10.0,11340.0,1400,8400
T002379,2024-08-04,P020,C009,1,3100,10.0,2790.0,2200,2200
T002380,2024-08-04,P017,C032,5,420,0.0,2100.0,340,1700
T002381,2024-08-04,P019,C039,8,230,5.0,1748.0,150,1200
T002382,2024-08-04,P018,C003,4,78,0.0,312.0,62,248
T002383,2024-08-04,P009,C012,2,600,5.0,1140.0,420,840
T002384,2024-08-04,P018,C038,5,78,0.0,390.0,62,310
T002385,2024-08-05,P009,C031,1,600,8.0,552.0,420,420
T002386,2024-08-05,P001,C009,2,3200,0.0,6400.0,2400,4800
T002387,2024-08-05,P014,C001,13,260,0.0,3380.0,180,2340
T002388,2024-08-05,P010,C014,1,380,5.0,361.0,260,260
T002389,2024-08-05,P001,C019,17,3200,0.0,54400.0,2400,40800
T002390,2024-08-05,P009,C001,1,600,0.0,600.0,420,420
T002391,2024-08-06,P006,C034,3,82,0.0,246.0,55,165
T002392,2024-08-06,P014,C021,5,260,0.0,1300.0,180,900
T002393,2024-08-06,P016,C028,1,2100,0.0,2100.0,1400,1400
T002394,2024-08-06,P019,C021,6,230,12.0,1214.4,150,900
T002395,2024-08-06,P010,C020,5,380,8.0,1748.0,260,1300
T002396,2024-08-06,P011,C009,7,2600,10.0,16380.0,1800,12600
T002397,2024-08-07,P001,C039,4,3200,8.0,11776.0,2400,9600
T002398,2024-08-07,P012,C017,1,5200,0.0,5200.0,3800,3800
T002399,2024-08-07,P020,C011,1,3100,0.0,3100.0,2200,2200
T002400,2024-08-07,P002,C025,1,900,0.0,900.0,650,650
T002401,2024-08-07,P007,C017,7,1850,12.0,11396.0,1200,8400
T002402,2024-08-07,P016,C021,1,2100,10.0,1890.0,1400,1400
T002403,2024-08-08,P013,C039,4,2900,0.0,11600.0,2100,8400
T002404,2024-08-09,P006,C013,3,82,5.0,233.7,55,165
T002405,2024-08-09,P009,C007,4,600,10.0,2160.0,420,1680
T002406,2024-08-09,P009,C031,2,600,8.0,1104.0,420,840
T002407,2024-08-09,P020,C017,1,3100,5.0,2945.0,2200,2200
T002408,2024-08-09,P015,C017,3,520,5.0,1482.0,350,1050
T002409,2024-08-09,P012,C031,3,5200,10.0,14040.0,3800,11400
T002410,2024-08-10,P005,C009,5,48,5.0,228.0,32,160
T002411,2024-08-10,P006,C013,1,82,10.0,73.8,55,55
T002412,2024-08-10,P004,C016,8,340,0.0,2720.0,220,1760
T002413,2024-08-10,P020,C008,1,3100,12.0,2728.0,2200,2200
T002414,2024-08-10,P001,C025,13,3200,5.0,39520.0,2400,31200
T002415,2024-08-10,P002,C003,4,900,5.0,3420.0,650,2600
T002416,2024-08-11,P015,C005,5,520,0.0,2600.0,350,1750
T002417,2024-08-11,P006,C028,7,82,0.0,574.0,55,385
T002418,2024-08-11,P004,C009,4,340,5.0,1292.0,220,880
T002419,2024-08-12,P002,C018,11,900,0.0,9900.0,650,7150
T002420,2024-08-12,P010,C022,3,380,10.0,1026.0,260,780
T002421,2024-08-12,P004,C019,6,340,0.0,2040.0,220,1320
T002422,2024-08-12,P006,C003,6,82,0.0,492.0,55,330
T002423,2024-08-12,P019,C031,17,230,0.0,3910.0,150,2550
T002424,2024-08-12,P018,C002,9,78,0.0,702.0,62,558
T002425,2024-08-13,P007,C023,8,1850,5.0,14060.0,1200,9600
T002426,2024-08-13,P013,C037,7,2900,0.0,20300.0,2100,14700
T002427,2024-08-13,P011,C013,6,2600,10.0,14040.0,1800,10800
T002428,2024-08-13,P005,C013,3,48,0.0,144.0,32,96
T002429,2024-08-13,P012,C039,10,5200,0.0,52000.0,3800,38000
T002430,2024-08-13,P003,C012,1,1250,0.0,1250.0,900,900
T002431,2024-08-13,P004,C016,2,340,0.0,680.0,220,440
T002432,2024-08-13,P002,C033,4,900,5.0,3420.0,650,2600
T002433,2024-08-14,P016,C023,2,2100,0.0,4200.0,1400,2800
T002434,2024-08-14,P009,C027,4,600,0.0,2400.0,420,1680
T002435,2024-08-14,P013,C005,2,2900,5.0,5510.0,2100,4200
T002436,2024-08-14,P004,C023,9,340,0.0,3060.0,220,1980
T002437,2024-08-14,P012,C027,12,5200,8.0,57408.0,3800,45600
T002438,2024-08-14,P013,C039,3,2900,5.0,8265.0,2100,6300
T002439,2024-08-14,P017,C006,4,420,0.0,1680.0,340,1360
T002440,2024-08-14,P011,C002,4,2600,8.0,9568.0,1800,7200
T002441,2024-08-14,P008,C006,9,6200,10.0,50220.0,4200,37800
T002442,2024-08-15,P001,C022,1,3200,5.0,3040.0,2400,2400
T002443,2024-08-15,P018,C012,4,78,0.0,312.0,62,248
T002444,2024-08-16,P014,C033,2,260,0.0,520.0,180,360
T002445,2024-08-16,P017,C037,7,420,0.0,2940.0,340,2380
T002446,2024-08-16,P019,C010,1,230,0.0,230.0,150,150
T002447,2024-08-16,P007,C001,5,1850,0.0,9250.0,1200,6000
T002448,2024-08-16,P012,C018,7,5200,8.0,33488.0,3800,26600
T002449,2024-08-16,P004,C025,10,340,10.0,3060.0,220,2200
T002450,2024-08-16,P016,C011,7,2100,0.0,14700.0,1400,9800
T002451,2024-08-16,P020,C014,4,3100,5.0,11780.0,2200,8800
T002452,2024-08-16,P009,C006,2,600,10.0,1080.0,420,840
T002453,2024-08-16,P013,C018,6,2900,8.0,16008.0,2100,12600
T002454,2024-08-16,P014,C019,6,260,12.0,1372.8,180,1080
T002455,2024-08-16,P018,C031,2,78,12.0,137.28,62,124
T002456,2024-08-16,P008,C019,8,6200,0.0,49600.0,4200,33600
T002457,2024-08-17,P001,C001,12,3200,8.0,35328.0,2400,28800
T002458,2024-08-17,P019,C010,2,230,0.0,460.0,150,300
T002459,2024-08-17,P014,C025,3,260,0.0,780.0,180,540
T002460,2024-08-17,P009,C011,10,600,5.0,5700.0,420,4200
T002461,2024-08-17,P006,C015,2,82,12.0,144.32,55,110
T002462,2024-08-17,P005,C021,1,48,12.0,42.24,32,32
T002463,2024-08-17,P016,C029,1,2100,0.0,2100.0,1400,1400
T002464,2024-08-17,P006,C036,20,82,5.0,1558.0,55,1100
T002465,2024-08-17,P007,C026,2,1850,5.0,3515.0,1200,2400
T002466,2024-08-17,P017,C029,3,420,0.0,1260.0,340,1020
T002467,2024-08-17,P001,C003,3,3200,8.0,8832.0,2400,7200
T002468,2024-08-18,P013,C005,7,2900,5.0,19285.0,2100,14700
T002469,2024-08-18,P004,C034,1,340,0.0,340.0,220,220
T002470,2024-08-18,P017,C005,4,420,5.0,1596.0,340,1360
T002471,2024-08-18,P005,C037,8,48,8.0,353.28,32,256
T002472,2024-08-18,P004,C018,5,340,0.0,1700.0,220,1100
T002473,2024-08-19,P015,C015,11,520,5.0,5434.0,350,3850
T002474,2024-08-19,P018,C006,9,78,12.0,617.76,62,558
T002475,2024-08-19,P015,C020,1,520,5.0,494.0,350,350
T002476,2024-08-19,P014,C035,3,260,,686.4,180,540
T002477,2024-08-19,P005,C005,5,48,0.0,240.0,32,160
T002478,2024-08-19,P008,C037,4,6200,8.0,22816.0,4200,16800
T002479,2024-08-19,P009,C017,1,600,5.0,570.0,420,420
T002480,2024-08-20,P014,C018,6,260,8.0,1435.2,180,1080
T002481,2024-08-20,P003,C037,1,1250,0.0,1250.0,900,900
T002482,2024-08-20,P002,C003,3,900,10.0,2430.0,650,1950
T002483,2024-08-20,P012,C035,7,5200,12.0,32032.0,3800,26600
T002484,2024-08-21,P014,C010,15,260,12.0,3432.0,180,2700
T002485,2024-08-21,P008,C021,4,6200,5.0,23560.0,4200,16800
T002486,2024-08-21,P008,C010,1,6200,10.0,5580.0,4200,4200
T002487,2024-08-21,P017,C026,3,420,0.0,1260.0,340,1020
T002488,2024-08-21,P014,C011,7,260,5.0,1729.0,180,1260
T002489,2024-08-22,P016,C028,1,2100,0.0,2100.0,1400,1400
T002490,2024-08-22,P004,C015,5,340,5.0,1615.0,220,1100
T002491,2024-08-22,P005,C036,2,48,5.0,91.2,32,64
T002492,2024-08-22,P014,C004,7,260,10.0,1638.0,180,1260
T002493,2024-08-22,P011,C009,4,2600,0.0,10400.0,1800,7200
T002494,2024-08-23,P013,C021,16,2900,0.0,46400.0,2100,33600
T002495,2024-08-23,P008,C025,4,6200,8.0,22816.0,4200,16800
T002496,2024-08-23,P006,C013,2,82,10.0,147.6,55,110
T002497,2024-08-23,P010,C039,1,380,10.0,342.0,260,260
T002498,2024-08-23,P015,C001,7,520,0.0,3640.0,350,2450
T002499,2024-08-23,P013,C015,3,2900,0.0,8700.0,2100,6300
T002500,2024-08-24,P004,C023,10,340,0.0,3400.0,220,2200
T002501,2024-08-24,P011,C004,3,2600,12.0,6864.0,1800,5400
T002502,2024-08-24,P019,C003,11,230,10.0,2277.0,150,1650
T002503,2024-08-24,P001,C021,7,3200,10.0,20160.0,2400,16800
T002504,2024-08-24,P014,C014,4,260,0.0,1040.0,180,720
T002505,2024-08-24,P004,C014,1,340,12.0,299.2,220,220
T002506,2024-08-25,P017,C036,7,420,8.0,2704.8,340,2380
T002507,2024-08-25,P020,C019,10,3100,0.0,31000.0,2200,22000
T002508,2024-08-25,P011,C035,11,2600,0.0,28600.0,1800,19800
T002509,2024-08-25,P009,C014,4,600,0.0,2400.0,420,1680
T002510,2024-08-25,P004,C031,10,340,0.0,3400.0,220,2200
T002511,2024-08-25,P005,C004,3,48,5.0,136.8,32,96
T002512,2024-08-25,P018,C039,8,78,0.0,624.0,62,496
T002513,2024-08-25,P001,C039,5,3200,0.0,16000.0,2400,12000
T002514,2024-08-26,P012,C009,2,5200,5.0,9880.0,3800,7600
T002515,2024-08-26,P017,C005,2,420,0.0,840.0,340,680
T002516,2024-08-26,P014,C029,3,260,0.0,780.0,180,540
T002517,2024-08-26,P005,C007,4,48,10.0,172.8,32,128
T002518,2024-08-26,P011,C018,10,2600,5.0,24700.0,1800,18000
T002519,2024-08-26,P001,C029,2,3200,12.0,5632.0,2400,4800
T002520,2024-08-26,P001,C019,14,3200,0.0,44800.0,2400,33600
T002521,2024-08-26,P015,C017,4,520,8.0,1913.6,350,1400
T002522,2024-08-27,P009,C028,16,600,12.0,8448.0,420,6720
T002523,2024-08-27,P019,C023,5,230,12.0,1012.0,150,750
T002524,2024-08-27,P002,C022,9,900,10.0,7290.0,650,5850
T002525,2024-08-27,P005,C031,7,48,0.0,336.0,32,224
T002526,2024-08-27,P014,C006,6,260,0.0,1560.0,180,1080
T002527,2024-08-27,P005,C013,1,48,5.0,45.6,32,32
T002528,2024-08-27,P014,C035,3,260,0.0,780.0,180,540
T002529,2024-08-27,P011,C003,10,2600,0.0,26000.0,1800,18000
T002530,2024-08-27,P003,C033,5,1250,0.0,6250.0,900,4500
T002531,2024-08-27,P007,C035,3,1850,0.0,5550.0,1200,3600
T002532,2024-08-28,P001,C023,1,3200,12.0,2816.0,2400,2400
T002533,2024-08-28,P004,C017,7,340,10.0,2142.0,220,1540
T002534,2024-08-28,P001,C014,5,3200,5.0,15200.0,2400,12000
T002535,2024-08-29,P010,C029,4,380,0.0,1520.0,260,1040
T002536,2024-08-29,P017,C018,9,420,0.0,3780.0,340,3060
T002537,2024-08-29,P001,C003,4,3200,10.0,11520.0,2400,9600
T002538,2024-08-29,P020,C029,9,3100,8.0,25668.0,2200,19800
T002539,2024-08-29,P009,C002,6,600,5.0,3420.0,420,2520
T002540,2024-08-29,P001,C008,7,3200,10.0,20160.0,2400,16800
T002541,2024-08-29,P005,C018,6,48,8.0,264.96,32,192
T002542,2024-08-29,P015,C023,6,520,0.0,3120.0,350,2100
T002543,2024-08-29,P018,C040,3,78,0.0,234.0,62,186
T002544,2024-08-29,P011,C008,14,2600,0.0,36400.0,1800,25200
T002545,2024-08-29,P007,C033,6,1850,10.0,9990.0,1200,7200
T002546,2024-08-29,P002,C024,2,900,5.0,1710.0,650,1300
T002547,2024-08-30,P018,C024,3,78,10.0,210.6,62,186
T002548,2024-08-30,P005,C031,1,48,0.0,48.0,32,32
T002549,2024-08-30,P018,C021,3,78,0.0,234.0,62,186
T002550,2024-08-30,P002,C030,5,900,5.0,4275.0,650,3250
T002551,2024-08-30,P001,C019,3,3200,5.0,9120.0,2400,7200
T002552,2024-08-30,P009,C030,2,600,12.0,1056.0,420,840
T002553,2024-08-30,P004,C005,6,340,8.0,1876.8,220,1320
T002554,2024-08-31,P008,C033,8,6200,0.0,49600.0,4200,33600
T002555,2024-08-31,P009,C025,2,600,12.0,1056.0,420,840
T002556,2024-08-31,P011,C029,15,2600,8.0,35880.0,1800,27000
T002557,2024-08-31,P012,C005,10,5200,0.0,52000.0,3800,38000
T002558,2024-09-01,P016,C027,10,2100,0.0,21000.0,1400,14000
T002559,2024-09-01,P003,C007,2,1250,12.0,2200.0,900,1800
T002560,2024-09-01,P012,C016,7,5200,5.0,34580.0,3800,26600
T002561,2024-09-01,P008,C037,2,6200,0.0,12400.0,4200,8400
T002562,2024-09-01,P004,C029,5,340,10.0,1530.0,220,1100
T002563,2024-09-01,P017,C020,2,420,8.0,772.8,340,680
T002564,2024-09-01,P017,C036,3,420,8.0,1159.2,340,1020
T002565,2024-09-01,P020,C036,8,3100,12.0,21824.0,2200,17600
T002566,2024-09-02,P007,C027,3,1850,12.0,4884.0,1200,3600
T002567,2024-09-02,P018,C023,2,78,8.0,143.52,62,124
T002568,2024-09-02,P020,C014,5,3100,10.0,13950.0,2200,11000
T002569,2024-09-02,P007,C040,7,1850,0.0,12950.0,1200,8400
T002570,2024-09-02,P004,C011,6,340,0.0,2040.0,220,1320
T002571,2024-09-02,P018,C012,10,78,0.0,780.0,62,620
T002572,2024-09-02,P019,C036,3,230,0.0,690.0,150,450
T002573,2024-09-02,P007,C018,12,1850,8.0,20424.0,1200,14400
T002574,2024-09-02,P010,C040,4,380,0.0,1520.0,260,1040
T002575,2024-09-03,P014,C009,4,260,10.0,936.0,180,720
T002576,2024-09-03,P011,C010,1,2600,0.0,2600.0,1800,1800
T002577,2024-09-03,P002,C037,1,900,10.0,810.0,650,650
T002578,2024-09-03,P009,C023,10,600,12.0,5280.0,420,4200
T002579,2024-09-03,P006,C030,29,82,5.0,2259.1,55,1595
T002580,2024-09-03,P015,C035,2,520,10.0,936.0,350,700
T002581,2024-09-04,P011,C016,5,2600,0.0,13000.0,1800,9000
T002582,2024-09-04,P001,C005,8,3200,8.0,23552.0,2400,19200
T002583,2024-09-04,P009,C028,12,600,10.0,6480.0,420,5040
T002584,2024-09-04,P010,C004,7,380,12.0,2340.8,260,1820
T002585,2024-09-04,P018,C011,9,78,12.0,617.76,62,558
T002586,2024-09-04,P005,C033,5,48,10.0,216.0,32,160
T002587,2024-09-04,P008,C011,10,6200,10.0,55800.0,4200,42000
T002588,2024-09-05,P015,C004,17,520,0.0,8840.0,350,5950
T002589,2024-09-05,P006,C040,8,82,8.0,603.52,55,440
T002590,2024-09-05,P010,C039,1,380,8.0,349.6,260,260
T002591,2024-09-05,P019,C034,8,230,10.0,1656.0,150,1200
T002592,2024-09-05,P020,C037,9,3100,5.0,26505.0,2200,19800
T002593,2024-09-05,P003,C028,16,1250,12.0,17600.0,900,14400
T002594,2024-09-05,P015,C039,2,520,0.0,1040.0,350,700
T002595,2024-09-05,P019,C040,1,230,0.0,230.0,150,150
T002596,2024-09-05,P019,C010,4,230,5.0,874.0,150,600
T002597,2024-09-05,P005,C009,6,48,8.0,264.96,32,192
T002598,2024-09-06,P003,C040,1,1250,0.0,1250.0,900,900
T002599,2024-09-06,P010,C016,4,380,12.0,1337.6,260,1040
T002600,2024-09-06,P019,C010,15,230,5.0,3277.5,150,2250
T002601,2024-09-06,P013,C032,1,2900,10.0,2610.0,2100,2100
T002602,2024-09-06,P007,C013,4,1850,0.0,7400.0,1200,4800
T002603,2024-09-06,P015,C003,5,520,0.0,2600.0,350,1750
T002604,2024-09-06,P018,C034,1,78,8.0,71.76,62,62
T002605,2024-09-06,P019,C016,4,230,0.0,920.0,150,600
T002606,2024-09-06,P005,C011,3,48,8.0,132.48,32,96
T002607,2024-09-06,P003,C027,5,1250,5.0,5937.5,900,4500
T002608,2024-09-06,P004,C003,6,340,0.0,2040.0,220,1320
T002609,2024-09-07,P010,C010,3,380,12.0,1003.2,260,780
T002610,2024-09-07,P016,C002,4,2100,0.0,8400.0,1400,5600
T002611,2024-09-07,P002,C010,1,900,10.0,810.0,650,650
T002612,2024-09-07,P004,C007,3,340,5.0,969.0,220,660
T002613,2024-09-07,P016,C023,8,2100,12.0,14784.0,1400,11200
T002614,2024-09-07,P012,C035,5,5200,0.0,26000.0,3800,19000
T002615,2024-09-07,P016,C018,2,2100,0.0,4200.0,1400,2800
T002616,2024-09-07,P020,C026,5,3100,5.0,14725.0,2200,11000
T002617,2024-09-07,P013,C001,3,2900,0.0,8700.0,2100,6300
T002618,2024-09-08,P006,C016,10,82,10.0,738.0,55,550
T002619,2024-09-08,P006,C013,4,82,0.0,328.0,55,220
T002620,2024-09-08,P005,C008,3,48,0.0,144.0,32,96
T002621,2024-09-08,P013,C019,3,2900,12.0,7656.0,2100,6300
T002622,2024-09-08,P004,C032,2,340,12.0,598.4,220,440
T002623,2024-09-08,P009,C003,3,600,8.0,1656.0,420,1260
T002624,2024-09-08,P004,C034,2,340,12.0,598.4,220,440
T002625,2024-09-08,P012,C032,2,5200,12.0,9152.0,3800,7600
T002626,2024-09-08,P016,C004,1,2100,0.0,2100.0,1400,1400
T002627,2024-09-08,P010,C038,10,380,5.0,3610.0,260,2600
T002628,2024-09-09,P016,C002,5,2100,0.0,10500.0,1400,7000
T002629,2024-09-09,P004,C022,1,340,0.0,340.0,220,220
T002630,2024-09-09,P014,C027,8,260,12.0,1830.4,180,1440
T002631,2024-09-09,P006,C018,4,82,0.0,328.0,55,220
T002632,2024-09-09,P011,C017,3,2600,8.0,7176.0,1800,5400
T002633,2024-09-09,P003,C007,1,1250,12.0,1100.0,900,900
T002634,2024-09-09,P009,C038,8,600,0.0,4800.0,420,3360
T002635,2024-09-09,P015,C001,3,520,0.0,1560.0,350,1050
T002636,2024-09-10,P009,C029,5,600,0.0,3000.0,420,2100
T002637,2024-09-10,P014,C006,5,260,12.0,1144.0,180,900
T002638,2024-09-10,P009,C005,9,600,0.0,5400.0,420,3780
T002639,2024-09-10,P018,C009,2,78,12.0,137.28,62,124
T002640,2024-09-11,P017,C010,11,420,0.0,4620.0,340,3740
T002641,2024-09-11,P008,C004,6,6200,8.0,34224.0,4200,25200
T002642,2024-09-11,P008,C027,15,6200,0.0,93000.0,4200,63000
T002643,2024-09-11,P003,C008,5,1250,12.0,5500.0,900,4500
T002644,2024-09-11,P013,C020,6,2900,10.0,15660.0,2100,12600
T002645,2024-09-11,P005,C007,5,48,8.0,220.8,32,160
T002646,2024-09-11,P020,C011,3,3100,0.0,9300.0,2200,6600
T002647,2024-09-11,P006,C016,19,82,10.0,1402.2,55,1045
T002648,2024-09-12,P006,C019,4,82,0.0,328.0,55,220
T002649,2024-09-12,P001,C037,14,3200,0.0,44800.0,2400,33600
T002650,2024-09-12,P004,C036,5,340,5.0,1615.0,220,1100
T002651,2024-09-12,P014,C013,1,260,8.0,239.2,180,180
T002652,2024-09-12,P001,C030,9,3200,10.0,25920.0,2400,21600
T002653,2024-09-12,P015,C018,16,520,8.0,7654.4,350,5600
T002654,2024-09-13,P010,C023,4,380,0.0,1520.0,260,1040
T002655,2024-09-13,P011,C013,16,2600,0.0,41600.0,1800,28800
T002656,2024-09-13,P015,C024,2,520,0.0,1040.0,350,700
T002657,2024-09-13,P010,C001,7,380,0.0,2660.0,260,1820
T002658,2024-09-13,P017,C034,14,420,0.0,5880.0,340,4760
T002659,2024-09-13,P006,C035,5,82,5.0,389.5,55,275
T002660,2024-09-13,P009,C016,8,600,12.0,4224.0,420,3360
T002661,2024-09-13,P004,C017,3,340,8.0,938.4,220,660
T002662,2024-09-13,P014,C027,6,260,0.0,1560.0,180,1080
T002663,2024-09-13,P019,C003,13,230,0.0,2990.0,150,1950
T002664,2024-09-14,P015,C028,9,520,10.0,4212.0,350,3150
T002665,2024-09-14,P019,C011,12,230,5.0,2622.0,150,1800
T002666,2024-09-14,P006,C014,7,82,12.0,505.12,55,385
T002667,2024-09-14,P014,C012,12,260,10.0,2808.0,180,2160
T002668,2024-09-14,P005,C011,4,48,5.0,182.4,32,128
T002669,2024-09-14,P016,C005,9,2100,,16632.0,1400,12600
T002670,2024-09-15,P015,C013,5,520,12.0,2288.0,350,1750
T002671,2024-09-15,P001,C024,5,3200,0.0,16000.0,2400,12000
T002672,2024-09-15,P013,C023,6,2900,12.0,15312.0,2100,12600
T002673,2024-09-15,P008,C016,6,6200,12.0,32736.0,4200,25200
T002674,2024-09-15,P005,C023,3,48,12.0,126.72,32,96
T002675,2024-09-15,P016,C022,6,2100,8.0,11592.0,1400,8400
T002676,2024-09-16,P019,C004,10,230,0.0,2300.0,150,1500
T002677,2024-09-16,P014,C036,1,260,0.0,260.0,180,180
T002678,2024-09-16,P019,C025,2,230,0.0,460.0,150,300
T002679,2024-09-16,P006,C004,3,82,0.0,246.0,55,165
T002680,2024-09-16,P004,C017,1,340,10.0,306.0,220,220
T002681,2024-09-17,P014,C036,11,260,10.0,2574.0,180,1980
T002682,2024-09-17,P019,C031,2,230,10.0,414.0,150,300
T002683,2024-09-17,P014,C031,7,260,12.0,1601.6,180,1260
T002684,2024-09-17,P009,C002,6,600,5.0,3420.0,420,2520
T002685,2024-09-17,P011,C037,2,2600,5.0,4940.0,1800,3600
T002686,2024-09-17,P016,C021,2,2100,5.0,3990.0,1400,2800
T002687,2024-09-17,P019,C035,1,230,0.0,230.0,150,150
T002688,2024-09-17,P003,C020,1,1250,12.0,1100.0,900,900
T002689,2024-09-17,P013,C040,3,2900,10.0,7830.0,2100,6300
T002690,2024-09-17,P009,C008,3,600,0.0,1800.0,420,1260
T002691,2024-09-17,P015,C038,3,520,8.0,1435.2,350,1050
T002692,2024-09-18,P009,C023,1,600,12.0,528.0,420,420
T002693,2024-09-18,P001,C032,4,3200,0.0,12800.0,2400,9600
T002694,2024-09-18,P001,C027,11,3200,12.0,30976.0,2400,26400
T002695,2024-09-18,P020,C019,6,3100,0.0,18600.0,2200,13200
T002696,2024-09-18,P017,C034,10,420,0.0,4200.0,340,3400
T002697,2024-09-18,P012,C040,1,5200,5.0,4940.0,3800,3800
T002698,2024-09-18,P006,C017,7,82,0.0,574.0,55,385
T002699,2024-09-18,P006,C027,2,82,0.0,164.0,55,110
T002700,2024-09-18,P020,C035,4,3100,5.0,11780.0,2200,8800
T002701,2024-09-19,P012,C037,3,5200,0.0,15600.0,3800,11400
T002702,2024-09-19,P013,C010,3,2900,8.0,8004.0,2100,6300
T002703,2024-09-19,P009,C023,10,600,12.0,5280.0,420,4200
T002704,2024-09-19,P009,C023,1,600,0.0,600.0,420,420
T002705,2024-09-19,P009,C038,8,600,0.0,4800.0,420,3360
T002706,2024-09-19,P003,C027,6,1250,12.0,6600.0,900,5400
T002707,2024-09-19,P005,C018,1,48,10.0,43.2,32,32
T002708,2024-09-20,P005,C021,4,48,0.0,192.0,32,128
T002709,2024-09-20,P007,C033,5,1850,0.0,9250.0,1200,6000
T002710,2024-09-20,P017,C040,3,420,8.0,1159.2,340,1020
T002711,2024-09-20,P011,C022,1,2600,5.0,2470.0,1800,1800
T002712,2024-09-20,P004,C024,1,340,12.0,299.2,220,220
T002713,2024-09-20,P019,C011,3,230,0.0,690.0,150,450
T002714,2024-09-20,P009,C033,1,600,8.0,552.0,420,420
T002715,2024-09-20,P017,C012,10,420,12.0,3696.0,340,3400
T002716,2024-09-20,P012,C004,6,5200,12.0,27456.0,3800,22800
T002717,2024-09-21,P011,C010,1,2600,0.0,2600.0,1800,1800
T002718,2024-09-21,P016,C012,8,2100,8.0,15456.0,1400,11200
T002719,2024-09-21,P002,C027,3,900,10.0,2430.0,650,1950
T002720,2024-09-21,P018,C008,14,78,10.0,982.8,62,868
T002721,2024-09-21,P017,C015,4,420,0.0,1680.0,340,1360
T002722,2024-09-21,P006,C019,2,82,12.0,144.32,55,110
T002723,2024-09-21,P020,C025,7,3100,8.0,19964.0,2200,15400
T002724,2024-09-21,P003,C019,16,1250,0.0,20000.0,900,14400
T002725,2024-09-22,P014,C033,3,260,12.0,686.4,180,540
T002726,2024-09-22,P004,C022,9,340,5.0,2907.0,220,1980
T002727,2024-09-22,P017,C032,5,420,5.0,1995.0,340,1700
T002728,2024-09-22,P014,C027,3,260,12.0,686.4,180,540
T002729,2024-09-22,P011,C039,5,2600,0.0,13000.0,1800,9000
T002730,2024-09-22,P015,C035,8,520,12.0,3660.8,350,2800
T002731,2024-09-22,P001,C007,2,3200,0.0,6400.0,2400,4800
T002732,2024-09-22,P020,C026,9,3100,12.0,24552.0,2200,19800
T002733,2024-09-22,P001,C035,2,3200,12.0,5632.0,2400,4800
T002734,2024-09-22,P009,C014,6,600,0.0,3600.0,420,2520
T002735,2024-09-22,P001,C012,5,3200,0.0,16000.0,2400,12000
T002736,2024-09-23,P016,C008,7,2100,0.0,14700.0,1400,9800
T002737,2024-09-23,P010,C019,1,380,0.0,380.0,260,260
T002738,2024-09-23,P014,C016,1,260,0.0,260.0,180,180
T002739,2024-09-23,P010,C009,1,380,0.0,380.0,260,260
T002740,2024-09-23,P001,C009,1,3200,0.0,3200.0,2400,2400
T002741,2024-09-23,P010,C029,10,380,10.0,3420.0,260,2600
T002742,2024-09-23,P017,C013,2,420,0.0,840.0,340,680
T002743,2024-09-23,P018,C018,2,78,0.0,156.0,62,124
T002744,2024-09-24,P002,C008,5,900,10.0,4050.0,650,3250
T002745,2024-09-24,P020,C020,5,3100,8.0,14260.0,2200,11000
T002746,2024-09-24,P015,C019,4,520,0.0,2080.0,350,1400
T002747,2024-09-24,P012,C007,1,5200,0.0,5200.0,3800,3800
T002748,2024-09-24,P014,C026,5,260,12.0,1144.0,180,900
T002749,2024-09-24,P011,C034,2,2600,5.0,4940.0,1800,3600
T002750,2024-09-24,P001,C025,1,3200,0.0,3200.0,2400,2400
T002751,2024-09-24,P005,C008,7,48,8.0,309.12,32,224
T002752,2024-09-24,P013,C027,1,2900,0.0,2900.0,2100,2100
T002753,2024-09-24,P014,C001,8,260,10.0,1872.0,180,1440
T002754,2024-09-24,P011,C021,1,2600,,2392.0,1800,1800
T002755,2024-09-25,P011,C013,1,2600,8.0,2392.0,1800,1800
T002756,2024-09-25,P007,C001,1,1850,10.0,1665.0,1200,1200
T002757,2024-09-25,P001,C018,1,3200,0.0,3200.0,2400,2400
T002758,2024-09-25,P004,C012,2,340,5.0,646.0,220,440
T002759,2024-09-25,P003,C006,4,1250,0.0,5000.0,900,3600
T002760,2024-09-25,P019,C029,7,230,0.0,1610.0,150,1050
T002761,2024-09-26,P004,C013,6,340,0.0,2040.0,220,1320
T002762,2024-09-26,P008,C005,9,6200,12.0,49104.0,4200,37800
T002763,2024-09-26,P020,C028,6,3100,8.0,17112.0,2200,13200
T002764,2024-09-26,P003,C036,6,1250,10.0,6750.0,900,5400
T002765,2024-09-26,P013,C014,6,2900,5.0,16530.0,2100,12600
T002766,2024-09-26,P016,C037,8,2100,0.0,16800.0,1400,11200
T002767,2024-09-26,P018,C040,14,78,0.0,1092.0,62,868
T002768,2024-09-26,P009,C015,7,600,5.0,3990.0,420,2940
T002769,2024-09-26,P010,C032,4,380,0.0,1520.0,260,1040
T002770,2024-09-26,P014,C015,3,260,0.0,780.0,180,540
T002771,2024-09-26,P015,C011,3,520,8.0,1435.2,350,1050
T002772,2024-09-26,P011,C028,5,2600,0.0,13000.0,1800,9000
T002773,2024-09-26,P001,C031,11,3200,0.0,35200.0,2400,26400
T002774,2024-09-26,P015,C020,8,520,12.0,3660.8,350,2800
T002775,2024-09-26,P001,C037,11,3200,5.0,33440.0,2400,26400
T002776,2024-09-26,P004,C029,5,340,10.0,1530.0,220,1100
T002777,2024-09-27,P011,C004,8,2600,5.0,19760.0,1800,14400
T002778,2024-09-27,P017,C025,3,420,8.0,1159.2,340,1020
T002779,2024-09-27,P007,C010,10,1850,5.0,17575.0,1200,12000
T002780,2024-09-27,P020,C014,5,3100,12.0,13640.0,2200,11000
T002781,2024-09-27,P002,C028,4,900,5.0,3420.0,650,2600
T002782,2024-09-27,P008,C009,7,6200,10.0,39060.0,4200,29400
T002783,2024-09-27,P020,C040,8,3100,12.0,21824.0,2200,17600
T002784,2024-09-27,P018,C029,2,78,10.0,140.4,62,124
T002785,2024-09-27,P015,C035,7,520,5.0,3458.0,350,2450
T002786,2024-09-27,P002,C004,4,900,10.0,3240.0,650,2600
T002787,2024-09-27,P004,C039,15,340,0.0,5100.0,220,3300
T002788,2024-09-27,P009,C030,1,600,5.0,570.0,420,420
T002789,2024-09-27,P002,C008,8,900,12.0,6336.0,650,5200
T002790,2024-09-27,P015,C034,10,520,10.0,4680.0,350,3500
T002791,2024-09-27,P011,C001,1,2600,0.0,2600.0,1800,1800
T002792,2024-09-28,P002,C017,1,900,10.0,810.0,650,650
T002793,2024-09-28,P005,C006,8,48,8.0,353.28,32,256
T002794,2024-09-28,P003,C004,16,1250,0.0,20000.0,900,14400
T002795,2024-09-28,P017,C008,10,420,0.0,4200.0,340,3400
T002796,2024-09-28,P012,C010,6,5200,8.0,28704.0,3800,22800
T002797,2024-09-28,P016,C023,5,2100,0.0,10500.0,1400,7000
T002798,2024-09-29,P008,C017,9,6200,0.0,55800.0,4200,37800
T002799,2024-09-29,P010,C016,5,380,10.0,1710.0,260,1300
T002800,2024-09-29,P019,C032,2,230,12.0,404.8,150,300
T002801,2024-09-29,P017,C027,5,420,10.0,1890.0,340,1700
T002802,2024-09-29,P010,C001,3,380,5.0,1083.0,260,780
T002803,2024-09-29,P014,C025,2,260,10.0,468.0,180,360
T002804,2024-09-29,P006,C002,5,82,0.0,410.0,55,275
T002805,2024-09-29,P008,C030,1,6200,12.0,5456.0,4200,4200
T002806,2024-09-29,P007,C029,18,1850,0.0,33300.0,1200,21600
T002807,2024-09-29,P018,C033,3,78,8.0,215.28,62,186
T002808,2024-09-29,P013,C014,4,2900,12.0,10208.0,2100,8400
T002809,2024-09-30,P008,C028,1,6200,10.0,5580.0,4200,4200
T002810,2024-09-30,P019,C004,3,230,12.0,607.2,150,450
T002811,2024-09-30,P006,C018,7,82,0.0,574.0,55,385
T002812,2024-09-30,P010,C008,10,380,12.0,3344.0,260,2600
T002813,2024-09-30,P002,C023,8,900,0.0,7200.0,650,5200
T002814,2024-09-30,P002,C005,4,900,8.0,3312.0,650,2600
T002815,2024-09-30,P009,C001,8,600,0.0,4800.0,420,3360
T002816,2024-09-30,P006,C024,2,82,12.0,144.32,55,110
T002817,2024-09-30,P010,C027,4,380,12.0,1337.6,260,1040
T002818,2024-10-01,P002,C011,3,900,0.0,2700.0,650,1950
T002819,2024-10-01,P015,C006,6,520,8.0,2870.4,350,2100
T002820,2024-10-01,P008,C022,2,6200,0.0,12400.0,4200,8400
T002821,2024-10-01,P005,C016,3,48,0.0,144.0,32,96
T002822,2024-10-01,P004,C007,13,340,10.0,3978.0,220,2860
T002823,2024-10-01,P007,C024,4,1850,0.0,7400.0,1200,4800
T002824,2024-10-01,P007,C010,8,1850,12.0,13024.0,1200,9600
T002825,2024-10-01,P011,C003,13,2600,0.0,33800.0,1800,23400
T002826,2024-10-01,P016,C012,6,2100,10.0,11340.0,1400,8400
T002827,2024-10-01,P005,C029,1,48,5.0,45.6,32,32
T002828,2024-10-01,P015,C037,4,520,0.0,2080.0,350,1400
T002829,2024-10-02,P017,C008,6,420,5.0,2394.0,340,2040
T002830,2024-10-02,P011,C023,10,2600,5.0,24700.0,1800,18000
T002831,2024-10-02,P008,C021,2,6200,0.0,12400.0,4200,8400
T002832,2024-10-02,P011,C007,4,2600,8.0,9568.0,1800,7200
T002833,2024-10-02,P004,C039,4,340,5.0,1292.0,220,880
T002834,2024-10-02,P012,C035,3,5200,0.0,15600.0,3800,11400
T002835,2024-10-02,P012,C004,4,5200,12.0,18304.0,3800,15200
T002836,2024-10-02,P017,C029,12,420,0.0,5040.0,340,4080
T002837,2024-10-02,P011,C010,3,2600,0.0,7800.0,1800,5400
T002838,2024-10-02,P010,C009,13,380,12.0,4347.2,260,3380
T002839,2024-10-03,P001,C036,3,3200,0.0,9600.0,2400,7200
T002840,2024-10-03,P002,C028,11,900,5.0,9405.0,650,7150
T002841,2024-10-03,P012,C023,4,5200,12.0,18304.0,3800,15200
T002842,2024-10-03,P007,C007,3,1850,0.0,5550.0,1200,3600
T002843,2024-10-03,P004,C022,1,340,0.0,340.0,220,220
T002844,2024-10-03,P002,C040,22,900,0.0,19800.0,650,14300
T002845,2024-10-03,P011,C029,5,2600,5.0,12350.0,1800,9000
T002846,2024-10-03,P019,C001,13,230,10.0,2691.0,150,1950
T002847,2024-10-04,P012,C029,12,5200,8.0,57408.0,3800,45600
T002848,2024-10-04,P020,C034,11,3100,0.0,34100.0,2200,24200
T002849,2024-10-04,P015,C036,7,520,5.0,3458.0,350,2450
T002850,2024-10-04,P015,C037,4,520,0.0,2080.0,350,1400
T002851,2024-10-04,P020,C036,5,3100,10.0,13950.0,2200,11000
T002852,2024-10-04,P016,C028,5,2100,5.0,9975.0,1400,7000
T002853,2024-10-04,P010,C034,9,380,10.0,3078.0,260,2340
T002854,2024-10-04,P006,C013,1,82,0.0,82.0,55,55
T002855,2024-10-04,P017,C021,2,420,0.0,840.0,340,680
T002856,2024-10-04,P015,C035,2,520,0.0,1040.0,350,700
T002857,2024-10-04,P016,C037,5,2100,10.0,9450.0,1400,7000
T002858,2024-10-05,P014,C017,9,260,10.0,2106.0,180,1620
T002859,2024-10-05,P004,C021,3,340,0.0,1020.0,220,660
T002860,2024-10-05,P008,C036,7,6200,8.0,39928.0,4200,29400
T002861,2024-10-05,P010,C012,9,380,0.0,3420.0,260,2340
T002862,2024-10-05,P009,C016,1,600,0.0,600.0,420,420
T002863,2024-10-05,P002,C022,1,900,0.0,900.0,650,650
T002864,2024-10-05,P013,C040,5,2900,0.0,14500.0,2100,10500
T002865,2024-10-05,P017,C007,3,420,10.0,1134.0,340,1020
T002866,2024-10-05,P018,C039,11,78,0.0,858.0,62,682
T002867,2024-10-05,P015,C003,5,520,0.0,2600.0,350,1750
T002868,2024-10-05,P015,C017,10,520,5.0,4940.0,350,3500
T002869,2024-10-05,P020,C039,4,3100,0.0,12400.0,2200,8800
T002870,2024-10-05,P011,C040,-1,2600,0.0,2600.0,1800,1800
T002871,2024-10-05,P019,C008,4,230,0.0,920.0,150,600
T002872,2024-10-05,P014,C031,6,260,5.0,1482.0,180,1080
T002873,2024-10-05,P010,C030,2,380,10.0,684.0,260,520
T002874,2024-10-06,P004,C023,6,340,0.0,2040.0,220,1320
T002875,2024-10-06,P008,C005,4,6200,0.0,24800.0,4200,16800
T002876,2024-10-06,P014,C025,2,260,0.0,520.0,180,360
T002877,2024-10-06,P005,C030,3,48,0.0,144.0,32,96
T002878,2024-10-06,P001,C029,3,3200,0.0,9600.0,2400,7200
T002879,2024-10-06,P007,C015,8,1850,8.0,13616.0,1200,9600
T002880,2024-10-06,P017,C018,4,420,0.0,1680.0,340,1360
T002881,2024-10-06,P007,C024,-1,1850,8.0,8510.0,1200,6000
T002882,2024-10-06,P007,C023,2,1850,10.0,3330.0,1200,2400
T002883,2024-10-06,P003,C016,7,1250,8.0,8050.0,900,6300
T002884,2024-10-06,P001,C023,3,3200,0.0,9600.0,2400,7200
T002885,2024-10-06,P020,C032,1,3100,,2790.0,2200,2200
T002886,2024-10-06,P004,C032,2,340,8.0,625.6,220,440
T002887,2024-10-07,P001,C013,5,3200,10.0,14400.0,2400,12000
T002888,2024-10-07,P004,C002,10,340,10.0,3060.0,220,2200
T002889,2024-10-07,P019,C024,8,230,10.0,1656.0,150,1200
T002890,2024-10-07,P017,C001,9,420,12.0,3326.4,340,3060
T002891,2024-10-07,P001,C022,-1,3200,5.0,9120.0,2400,7200
T002892,2024-10-07,P005,C015,1,48,12.0,42.24,32,32
T002893,2024-10-08,P003,C024,3,1250,5.0,3562.5,900,2700
T002894,2024-10-08,P002,C040,4,900,12.0,3168.0,650,2600
T002895,2024-10-08,P016,C030,3,2100,12.0,5544.0,1400,4200
T002896,2024-10-08,P005,C026,1,48,0.0,48.0,32,32
T002897,2024-10-08,P019,C016,9,230,0.0,2070.0,150,1350
T002898,2024-10-08,P019,C037,5,230,0.0,1150.0,150,750
T002899,2024-10-08,P014,C012,6,260,12.0,1372.8,180,1080
T002900,2024-10-08,P016,C036,6,2100,12.0,11088.0,1400,8400
T002901,2024-10-09,P003,C012,8,1250,0.0,10000.0,900,7200
T002902,2024-10-09,P019,C018,9,230,12.0,1821.6,150,1350
T002903,2024-10-09,P002,C020,1,900,0.0,900.0,650,650
T002904,2024-10-09,P020,C004,8,3100,0.0,24800.0,2200,17600
T002905,2024-10-09,P015,C036,14,520,12.0,6406.4,350,4900
T002906,2024-10-09,P016,C024,1,2100,12.0,1848.0,1400,1400
T002907,2024-10-09,P006,C009,6,82,8.0,452.64,55,330
T002908,2024-10-09,P015,C018,4,520,0.0,2080.0,350,1400
T002909,2024-10-09,P004,C007,5,340,0.0,1700.0,220,1100
T002910,2024-10-09,P007,C002,23,1850,12.0,37444.0,1200,27600
T002911,2024-10-09,P014,C002,9,260,12.0,2059.2,180,1620
T002912,2024-10-09,P004,C015,4,340,12.0,1196.8,220,880
T002913,2024-10-10,P003,C036,10,1250,5.0,11875.0,900,9000
T002914,2024-10-10,P006,C011,3,82,12.0,216.48,55,165
T002915,2024-10-10,P014,C027,3,260,12.0,686.4,180,540
T002916,2024-10-10,P010,C028,5,380,10.0,1710.0,260,1300
T002917,2024-10-10,P007,C019,2,1850,5.0,3515.0,1200,2400
T002918,2024-10-10,P005,C019,3,48,8.0,132.48,32,96
T002919,2024-10-10,P008,C014,1,6200,0.0,6200.0,4200,4200
T002920,2024-10-10,P006,C016,5,82,,410.0,55,275
T002921,2024-10-10,P008,C032,12,6200,10.0,66960.0,4200,50400
T002922,2024-10-10,P020,C015,9,3100,10.0,25110.0,2200,19800
T002923,2024-10-10,P015,C004,1,520,10.0,468.0,350,350
T002924,2024-10-10,P013,C024,7,2900,0.0,20300.0,2100,14700
T002925,2024-10-10,P008,C012,18,6200,0.0,111600.0,4200,75600
T002926,2024-10-10,P003,C028,6,1250,0.0,7500.0,900,5400
T002927,2024-10-10,P009,C037,1,600,12.0,528.0,420,420
T002928,2024-10-10,P003,C032,6,1250,10.0,6750.0,900,5400
T002929,2024-10-10,P008,C022,7,6200,10.0,39060.0,4200,29400
T002930,2024-10-11,P014,C026,4,260,0.0,1040.0,180,720
T002931,2024-10-11,P009,C034,4,600,5.0,2280.0,420,1680
T002932,2024-10-11,P003,C030,7,1250,0.0,8750.0,900,6300
T002933,2024-10-11,P020,C040,5,3100,5.0,14725.0,2200,11000
T002934,2024-10-11,P018,C014,1,78,0.0,78.0,62,62
T002935,2024-10-11,P002,C030,5,900,0.0,4500.0,650,3250
T002936,2024-10-11,P010,C037,2,380,5.0,722.0,260,520
T002937,2024-10-11,P014,C020,11,260,0.0,2860.0,180,1980
T002938,2024-10-11,P011,C003,1,2600,12.0,2288.0,1800,1800
T002939,2024-10-11,P008,C019,3,6200,0.0,18600.0,4200,12600
T002940,2024-10-11,P006,C009,2,82,0.0,164.0,55,110
T002941,2024-10-11,P004,C022,2,340,0.0,680.0,220,440
T002942,2024-10-11,P005,C029,1,48,12.0,42.24,32,32
T002943,2024-10-11,P006,C035,6,82,10.0,442.8,55,330
T002944,2024-10-11,P019,C018,12,230,0.0,2760.0,150,1800
T002945,2024-10-11,P016,C038,7,2100,0.0,14700.0,1400,9800
T002946,2024-10-11,P002,C002,7,900,0.0,6300.0,650,4550
T002947,2024-10-11,P013,C009,1,2900,12.0,2552.0,2100,2100
T002948,2024-10-12,P020,C004,19,3100,10.0,53010.0,2200,41800
T002949,2024-10-12,P017,C003,5,420,5.0,1995.0,340,1700
T002950,2024-10-12,P011,C019,5,2600,12.0,11440.0,1800,9000
T002951,2024-10-12,P009,C004,11,600,8.0,6072.0,420,4620
T002952,2024-10-12,P012,C004,2,5200,12.0,9152.0,3800,7600
T002953,2024-10-12,P009,C013,2,600,0.0,1200.0,420,840
T002954,2024-10-12,P004,C002,3,340,12.0,897.6,220,660
T002955,2024-10-12,P009,C008,1,600,10.0,540.0,420,420
T002956,2024-10-12,P010,C017,5,380,5.0,1805.0,260,1300
T002957,2024-10-12,P010,C020,4,380,10.0,1368.0,260,1040
T002958,2024-10-12,P002,C035,2,900,12.0,1584.0,650,1300
T002959,2024-10-12,P009,C039,2,600,12.0,1056.0,420,840
T002960,2024-10-12,P013,C002,8,2900,10.0,20880.0,2100,16800
T002961,2024-10-12,P007,C024,3,1850,0.0,5550.0,1200,3600
T002962,2024-10-13,P020,C025,11,3100,0.0,34100.0,2200,24200
T002963,2024-10-13,P003,C015,2,1250,10.0,2250.0,900,1800
T002964,2024-10-13,P002,C011,8,900,0.0,7200.0,650,5200
T002965,2024-10-13,P020,C002,3,3100,10.0,8370.0,2200,6600
T002966,2024-10-13,P009,C009,3,600,0.0,1800.0,420,1260
T002967,2024-10-13,P003,C027,4,1250,8.0,4600.0,900,3600
T002968,2024-10-13,P019,C003,3,230,8.0,634.8,150,450
T002969,2024-10-13,P010,C029,4,380,0.0,1520.0,260,1040
T002970,2024-10-13,P008,C027,11,6200,5.0,64790.0,4200,46200
T002971,2024-10-13,P002,C033,2,900,0.0,1800.0,650,1300
T002972,2024-10-13,P009,C039,4,600,12.0,2112.0,420,1680
T002973,2024-10-14,P001,C006,2,3200,0.0,6400.0,2400,4800
T002974,2024-10-14,P008,C023,16,6200,0.0,99200.0,4200,67200
T002975,2024-10-14,P018,C015,4,78,8.0,287.04,62,248
T002976,2024-10-14,P002,C004,2,900,0.0,1800.0,650,1300
T002977,2024-10-14,P012,C011,5,5200,10.0,23400.0,3800,19000
T002978,2024-10-14,P016,C001,14,2100,10.0,26460.0,1400,19600
T002979,2024-10-14,P011,C033,5,2600,12.0,11440.0,1800,9000
T002980,2024-10-14,P011,C009,11,2600,0.0,28600.0,1800,19800
T002981,2024-10-14,P018,C036,2,78,0.0,156.0,62,124
T002982,2024-10-15,P002,C019,11,900,12.0,8712.0,650,7150
T002983,2024-10-15,P019,C038,7,230,0.0,1610.0,150,1050
T002984,2024-10-15,P017,C040,6,420,0.0,2520.0,340,2040
T002985,2024-10-15,P012,C010,8,5200,12.0,36608.0,3800,30400
T002986,2024-10-15,P012,C031,7,5200,10.0,32760.0,3800,26600
T002987,2024-10-15,P019,C002,4,230,5.0,874.0,150,600
T002988,2024-10-15,P008,C029,2,6200,10.0,11160.0,4200,8400
T002989,2024-10-15,P019,C039,1,230,5.0,218.5,150,150
T002990,2024-10-15,P007,C015,7,1850,0.0,12950.0,1200,8400
T002991,2024-10-15,P003,C011,4,1250,5.0,4750.0,900,3600
T002992,2024-10-15,P004,C016,3,340,8.0,938.4,220,660
T002993,2024-10-15,P003,C020,7,1250,0.0,8750.0,900,6300
T002994,2024-10-15,P004,C040,5,340,0.0,1700.0,220,1100
T002995,2024-10-16,P010,C006,3,380,0.0,1140.0,260,780
T002996,2024-10-16,P012,C038,1,5200,8.0,4784.0,3800,3800
T002997,2024-10-16,P011,C018,2,2600,8.0,4784.0,1800,3600
T002998,2024-10-16,P018,C037,8,78,0.0,624.0,62,496
T002999,2024-10-16,P017,C033,2,420,0.0,840.0,340,680
T003000,2024-10-16,P020,C006,3,3100,0.0,9300.0,2200,6600
T003001,2024-10-16,P020,C011,15,3100,8.0,42780.0,2200,33000
T003002,2024-10-16,P011,C005,8,2600,12.0,18304.0,1800,14400
T003003,2024-10-16,P009,C019,2,600,0.0,1200.0,420,840
T003004,2024-10-17,P008,C010,11,6200,0.0,68200.0,4200,46200
T003005,2024-10-17,P015,C014,5,520,0.0,2600.0,350,1750
T003006,2024-10-17,P012,C019,4,5200,12.0,18304.0,3800,15200
T003007,2024-10-17,P008,C030,11,6200,5.0,64790.0,4200,46200
T003008,2024-10-17,P009,C018,4,600,0.0,2400.0,420,1680
T003009,2024-10-17,P018,C015,12,78,0.0,936.0,62,744
T003010,2024-10-17,P018,C006,1,78,0.0,78.0,62,62
T003011,2024-10-17,P018,C005,5,78,0.0,390.0,62,310
T003012,2024-10-17,P008,C040,6,6200,10.0,33480.0,4200,25200
T003013,2024-10-17,P003,C015,4,1250,0.0,5000.0,900,3600
T003014,2024-10-18,P001,C019,7,3200,12.0,19712.0,2400,16800
T003015,2024-10-18,P007,C025,3,1850,12.0,4884.0,1200,3600
T003016,2024-10-18,P006,C026,7,82,8.0,528.08,55,385
T003017,2024-10-18,P009,C015,1,600,12.0,528.0,420,420
T003018,2024-10-18,P015,C018,5,520,8.0,2392.0,350,1750
T003019,2024-10-18,P006,C035,4,82,10.0,295.2,55,220
T003020,2024-10-18,P010,C028,2,380,0.0,760.0,260,520
T003021,2024-10-19,P020,C023,2,3100,0.0,6200.0,2200,4400
T003022,2024-10-19,P008,C032,7,6200,8.0,39928.0,4200,29400
T003023,2024-10-19,P003,C010,8,1250,10.0,9000.0,900,7200
T003024,2024-10-19,P013,C017,11,2900,0.0,31900.0,2100,23100
T003025,2024-10-19,P014,C037,4,260,0.0,1040.0,180,720
T003026,2024-10-19,P005,C022,9,48,0.0,432.0,32,288
T003027,2024-10-19,P006,C023,8,82,0.0,656.0,55,440
T003028,2024-10-20,P017,C039,1,420,5.0,399.0,340,340
T003029,2024-10-20,P016,C034,2,2100,8.0,3864.0,1400,2800
T003030,2024-10-20,P004,C023,3,340,0.0,1020.0,220,660
T003031,2024-10-20,P015,C020,1,520,0.0,520.0,350,350
T003032,2024-10-20,P001,C005,5,3200,0.0,16000.0,2400,12000
T003033,2024-10-20,P005,C003,4,48,5.0,182.4,32,128
T003034,2024-10-20,P016,C011,1,2100,5.0,1995.0,1400,1400
T003035,2024-10-20,P013,C018,7,2900,0.0,20300.0,2100,14700
T003036,2024-10-20,P020,C002,4,3100,0.0,12400.0,2200,8800
T003037,2024-10-20,P017,C022,4,420,0.0,1680.0,340,1360
T003038,2024-10-20,P017,C035,14,420,10.0,5292.0,340,4760
T003039,2024-10-20,P007,C026,4,1850,5.0,7030.0,1200,4800
T003040,2024-10-21,P008,C004,12,6200,0.0,74400.0,4200,50400
T003041,2024-10-21,P004,C002,10,340,0.0,3400.0,220,2200
T003042,2024-10-21,P018,C006,5,78,8.0,358.8,62,310
T003043,2024-10-21,P005,C009,9,48,12.0,380.16,32,288
T003044,2024-10-21,P013,C008,14,2900,5.0,38570.0,2100,29400
T003045,2024-10-21,P002,C004,3,900,0.0,2700.0,650,1950
T003046,2024-10-21,P015,C035,2,520,10.0,936.0,350,700
T003047,2024-10-21,P020,C029,10,3100,8.0,28520.0,2200,22000
T003048,2024-10-21,P019,C013,4,230,0.0,920.0,150,600
T003049,2024-10-21,P012,C029,3,5200,0.0,15600.0,3800,11400
T003050,2024-10-21,P007,C024,5,1850,0.0,9250.0,1200,6000
T003051,2024-10-21,P005,C008,5,48,8.0,220.8,32,160
T003052,2024-10-21,P017,C005,5,420,5.0,1995.0,340,1700
T003053,2024-10-21,P012,C039,4,5200,0.0,20800.0,3800,15200
T003054,2024-10-22,P005,C007,9,48,10.0,388.8,32,288
T003055,2024-10-22,P019,C007,12,230,0.0,2760.0,150,1800
T003056,2024-10-22,P004,C006,2,340,0.0,680.0,220,440
T003057,2024-10-22,P004,C040,3,340,0.0,1020.0,220,660
T003058,2024-10-22,P007,C013,1,1850,0.0,1850.0,1200,1200
T003059,2024-10-22,P018,C011,9,78,8.0,645.84,62,558
T003060,2024-10-22,P009,C005,4,600,0.0,2400.0,420,1680
T003061,2024-10-22,P005,C027,7,48,10.0,302.4,32,224
T003062,2024-10-22,P007,C040,5,1850,8.0,8510.0,1200,6000
T003063,2024-10-22,P010,C037,5,380,0.0,1900.0,260,1300
T003064,2024-10-22,P007,C037,2,1850,8.0,3404.0,1200,2400
T003065,2024-10-23,P004,C006,2,340,10.0,612.0,220,440
T003066,2024-10-23,P008,C020,7,6200,0.0,43400.0,4200,29400
T003067,2024-10-23,P002,C004,15,900,12.0,11880.0,650,9750
T003068,2024-10-23,P020,C003,12,3100,5.0,35340.0,2200,26400
T003069,2024-10-23,P014,C036,16,260,8.0,3827.2,180,2880
T003070,2024-10-23,P018,C040,6,78,0.0,468.0,62,372
T003071,2024-10-23,P003,C007,1,1250,10.0,1125.0,900,900
T003072,2024-10-23,P010,C027,1,380,0.0,380.0,260,260
T003073,2024-10-23,P011,C025,3,2600,5.0,7410.0,1800,5400
T003074,2024-10-23,P015,C014,2,520,0.0,1040.0,350,700
T003075,2024-10-23,P003,C008,3,1250,0.0,3750.0,900,2700
T003076,2024-10-23,P016,C001,4,2100,10.0,7560.0,1400,5600
T003077,2024-10-23,P013,C028,4,2900,10.0,10440.0,2100,8400
T003078,2024-10-23,P005,C031,4,48,8.0,176.64,32,128
T003079,2024-10-23,P010,C025,19,380,8.0,6642.4,260,4940
T003080,2024-10-23,P008,C014,4,6200,0.0,24800.0,4200,16800
T003081,2024-10-23,P016,C032,6,2100,10.0,11340.0,1400,8400
T003082,2024-10-23,P007,C029,3,1850,0.0,5550.0,1200,3600
T003083,2024-10-23,P013,C025,1,2900,10.0,2610.0,2100,2100
T003084,2024-10-24,P009,C013,4,600,0.0,2400.0,420,1680
T003085,2024-10-24,P017,C018,4,420,0.0,1680.0,340,1360
T003086,2024-10-24,P003,C004,3,1250,0.0,3750.0,900,2700
T003087,2024-10-24,P003,C024,1,1250,10.0,1125.0,900,900
T003088,2024-10-24,P005,C003,8,48,0.0,384.0,32,256
T003089,2024-10-24,P004,C008,2,340,0.0,680.0,220,440
T003090,2024-10-24,P001,C014,5,3200,10.0,14400.0,2400,12000
T003091,2024-10-24,P012,C039,2,5200,8.0,9568.0,3800,7600
T003092,2024-10-24,P012,C001,3,5200,10.0,14040.0,3800,11400
T003093,2024-10-25,P007,C011,1,1850,0.0,1850.0,1200,1200
T003094,2024-10-25,P002,C006,8,900,0.0,7200.0,650,5200
T003095,2024-10-25,P012,C029,4,5200,0.0,20800.0,3800,15200
T003096,2024-10-25,P009,C017,3,600,10.0,1620.0,420,1260
T003097,2024-10-25,P001,C003,10,3200,12.0,28160.0,2400,24000
T003098,2024-10-25,P015,C030,2,520,0.0,1040.0,350,700
T003099,2024-10-25,P016,C033,11,2100,8.0,21252.0,1400,15400
T003100,2024-10-26,P006,C022,4,82,8.0,301.76,55,220
T003101,2024-10-26,P011,C011,3,2600,0.0,7800.0,1800,5400
T003102,2024-10-26,P008,C021,3,6200,12.0,16368.0,4200,12600
T003103,2024-10-26,P014,C015,1,260,8.0,239.2,180,180
T003104,2024-10-26,P004,C037,6,340,0.0,2040.0,220,1320
T003105,2024-10-26,P007,C019,3,1850,8.0,5106.0,1200,3600
T003106,2024-10-27,P005,C028,1,48,10.0,43.2,32,32
T003107,2024-10-27,P007,C018,13,1850,10.0,21645.0,1200,15600
T003108,2024-10-27,P013,C004,3,2900,0.0,8700.0,2100,6300
T003109,2024-10-27,P004,C016,9,340,10.0,2754.0,220,1980
T003110,2024-10-27,P001,C003,3,3200,5.0,9120.0,2400,7200
T003111,2024-10-27,P020,C039,4,3100,5.0,11780.0,2200,8800
T003112,2024-10-27,P015,C004,3,520,5.0,1482.0,350,1050
T003113,2024-10-27,P001,C032,6,3200,0.0,19200.0,2400,14400
T003114,2024-10-27,P004,C027,1,340,5.0,323.0,220,220
T003115,2024-10-27,P004,C023,12,340,12.0,3590.4,220,2640
T003116,2024-10-27,P014,C012,2,260,12.0,457.6,180,360
T003117,2024-10-27,P020,C027,9,3100,0.0,27900.0,2200,19800
T003118,2024-10-27,P012,C020,8,5200,12.0,36608.0,3800,30400
T003119,2024-10-28,P020,C030,2,3100,0.0,6200.0,2200,4400
T003120,2024-10-28,P003,C014,1,1250,0.0,1250.0,900,900
T003121,2024-10-28,P005,C027,6,48,0.0,288.0,32,192
T003122,2024-10-28,P004,C004,4,340,8.0,1251.2,220,880
T003123,2024-10-28,P006,C017,8,82,0.0,656.0,55,440
T003124,2024-10-28,P004,C012,2,340,10.0,612.0,220,440
T003125,2024-10-28,P005,C020,3,48,10.0,129.6,32,96
T003126,2024-10-28,P007,C024,7,1850,5.0,12302.5,1200,8400
T003127,2024-10-29,P001,C002,11,3200,12.0,30976.0,2400,26400
T003128,2024-10-29,P003,C032,5,1250,0.0,6250.0,900,4500
T003129,2024-10-29,P019,C006,8,230,0.0,1840.0,150,1200
T003130,2024-10-29,P012,C032,4,5200,5.0,19760.0,3800,15200
T003131,2024-10-29,P016,C030,2,2100,5.0,3990.0,1400,2800
T003132,2024-10-29,P007,C040,4,1850,0.0,7400.0,1200,4800
T003133,2024-10-29,P013,C040,13,2900,0.0,37700.0,2100,27300
T003134,2024-10-29,P003,C020,2,1250,8.0,2300.0,900,1800
T003135,2024-10-29,P005,C008,5,48,8.0,220.8,32,160
T003136,2024-10-29,P017,C013,2,420,10.0,756.0,340,680
T003137,2024-10-29,P003,C028,2,1250,12.0,2200.0,900,1800
T003138,2024-10-30,P010,C017,16,380,0.0,6080.0,260,4160
T003139,2024-10-30,P014,C032,5,260,10.0,1170.0,180,900
T003140,2024-10-30,P010,C017,6,380,12.0,2006.4,260,1560
T003141,2024-10-30,P016,C040,3,2100,12.0,5544.0,1400,4200
T003142,2024-10-30,P016,C003,1,2100,8.0,1932.0,1400,1400
T003143,2024-10-30,P019,C040,8,230,10.0,1656.0,150,1200
T003144,2024-10-30,P012,C034,1,5200,8.0,4784.0,3800,3800
T003145,2024-10-30,P011,C037,7,2600,8.0,16744.0,1800,12600
T003146,2024-10-30,P002,C014,11,900,12.0,8712.0,650,7150
T003147,2024-10-30,P018,C002,10,78,0.0,780.0,62,620
T003148,2024-10-30,P002,C037,1,900,8.0,828.0,650,650
T003149,2024-10-31,P006,C028,4,82,0.0,328.0,55,220
T003150,2024-10-31,P004,C033,4,340,8.0,1251.2,220,880
T003151,2024-10-31,P007,C019,1,1850,12.0,1628.0,1200,1200
T003152,2024-10-31,P006,C034,4,82,5.0,311.6,55,220
T003153,2024-10-31,P016,C006,10,2100,0.0,21000.0,1400,14000
T003154,2024-10-31,P010,C024,7,380,8.0,2447.2,260,1820
T003155,2024-10-31,P015,C001,7,520,0.0,3640.0,350,2450
T003156,2024-10-31,P011,C018,10,2600,12.0,22880.0,1800,18000
T003157,2024-10-31,P014,C030,2,260,5.0,494.0,180,360
T003158,2024-10-31,P014,C035,1,260,8.0,239.2,180,180
T003159,2024-10-31,P002,C020,7,900,8.0,5796.0,650,4550
T003160,2024-10-31,P009,C020,4,600,0.0,2400.0,420,1680
T003161,2024-10-31,P017,C011,6,420,12.0,2217.6,340,2040
T003162,2024-10-31,P001,C003,4,3200,0.0,12800.0,2400,9600
T003163,2024-11-01,P014,C009,1,260,0.0,260.0,180,180
T003164,2024-11-01,P011,C005,3,2600,5.0,7410.0,1800,5400
T003165,2024-11-01,P006,C038,5,82,12.0,360.8,55,275
T003166,2024-11-01,P006,C016,10,82,8.0,754.4,55,550
T003167,2024-11-01,P017,C032,7,420,0.0,2940.0,340,2380
T003168,2024-11-01,P005,C033,9,48,0.0,432.0,32,288
T003169,2024-11-01,P007,C025,8,1850,0.0,14800.0,1200,9600
T003170,2024-11-01,P010,C029,2,380,0.0,760.0,260,520
T003171,2024-11-01,P004,C021,7,340,12.0,2094.4,220,1540
T003172,2024-11-02,P007,C004,5,1850,12.0,8140.0,1200,6000
T003173,2024-11-02,P018,C005,2,78,5.0,148.2,62,124
T003174,2024-11-02,P009,C040,1,600,12.0,528.0,420,420
T003175,2024-11-02,P002,C020,1,900,0.0,900.0,650,650
T003176,2024-11-02,P011,C007,7,2600,0.0,18200.0,1800,12600
T003177,2024-11-02,P017,C015,1,420,8.0,386.4,340,340
T003178,2024-11-02,P011,C003,19,2600,0.0,49400.0,1800,34200
T003179,2024-11-02,P017,C011,2,420,5.0,798.0,340,680
T003180,2024-11-02,P019,C032,13,230,10.0,2691.0,150,1950
T003181,2024-11-02,P014,C015,1,260,0.0,260.0,180,180
T003182,2024-11-02,P007,C016,3,1850,0.0,5550.0,1200,3600
T003183,2024-11-02,P004,C022,5,340,8.0,1564.0,220,1100
T003184,2024-11-02,P015,C020,2,520,8.0,956.8,350,700
T003185,2024-11-02,P020,C005,2,3100,0.0,6200.0,2200,4400
T003186,2024-11-02,P013,C016,4,2900,8.0,10672.0,2100,8400
T003187,2024-11-02,P003,C020,6,1250,0.0,7500.0,900,5400
T003188,2024-11-02,P013,C018,3,2900,0.0,8700.0,2100,6300
T003189,2024-11-02,P017,C028,12,420,10.0,4536.0,340,4080
T003190,2024-11-03,P015,C007,4,520,0.0,2080.0,350,1400
T003191,2024-11-03,P005,C029,1,48,0.0,48.0,32,32
T003192,2024-11-03,P016,C004,1,2100,0.0,2100.0,1400,1400
T003193,2024-11-03,P004,C003,10,340,0.0,3400.0,220,2200
T003194,2024-11-03,P008,C025,7,6200,8.0,39928.0,4200,29400
T003195,2024-11-03,P015,C019,4,520,0.0,2080.0,350,1400
T003196,2024-11-03,P002,C018,4,900,10.0,3240.0,650,2600
T003197,2024-11-04,P010,C018,2,380,12.0,668.8,260,520
T003198,2024-11-04,P006,C040,1,82,12.0,72.16,55,55
T003199,2024-11-04,P003,C034,1,1250,8.0,1150.0,900,900
T003200,2024-11-04,P001,C039,7,3200,8.0,20608.0,2400,16800
T003201,2024-11-04,P001,C013,8,3200,10.0,23040.0,2400,19200
T003202,2024-11-04,P017,C007,6,420,0.0,2520.0,340,2040
T003203,2024-11-04,P018,C032,5,78,0.0,390.0,62,310
T003204,2024-11-04,P016,C038,5,2100,0.0,10500.0,1400,7000
T003205,2024-11-04,P014,C015,7,260,0.0,1820.0,180,1260
T003206,2024-11-04,P014,C031,1,260,0.0,260.0,180,180
T003207,2024-11-04,P004,C006,9,340,5.0,2907.0,220,1980
T003208,2024-11-04,P013,C009,10,2900,0.0,29000.0,2100,21000
T003209,2024-11-05,P020,C023,13,3100,8.0,37076.0,2200,28600
T003210,2024-11-05,P003,C040,8,1250,0.0,10000.0,900,7200
T003211,2024-11-05,P011,C037,5,2600,8.0,11960.0,1800,9000
T003212,2024-11-05,P013,C030,7,2900,12.0,17864.0,2100,14700
T003213,2024-11-05,P011,C017,2,2600,0.0,5200.0,1800,3600
T003214,2024-11-05,P004,C036,4,340,12.0,1196.8,220,880
T003215,2024-11-05,P004,C005,2,340,10.0,612.0,220,440
T003216,2024-11-05,P002,C003,2,900,5.0,1710.0,650,1300
T003217,2024-11-06,P001,C029,3,3200,10.0,8640.0,2400,7200
T003218,2024-11-06,P004,C002,4,340,0.0,1360.0,220,880
T003219,2024-11-06,P008,C017,3,6200,10.0,16740.0,4200,12600
T003220,2024-11-06,P005,C031,11,48,0.0,528.0,32,352
T003221,2024-11-06,P012,C005,1,5200,0.0,5200.0,3800,3800
T003222,2024-11-06,P017,C007,7,420,8.0,2704.8,340,2380
T003223,2024-11-06,P001,C007,3,3200,10.0,8640.0,2400,7200
T003224,2024-11-07,P011,C014,17,2600,12.0,38896.0,1800,30600
T003225,2024-11-07,P018,C032,3,78,10.0,210.6,62,186
T003226,2024-11-07,P019,C004,13,230,0.0,2990.0,150,1950
T003227,2024-11-07,P001,C037,4,3200,12.0,11264.0,2400,9600
T003228,2024-11-07,P014,C019,13,260,0.0,3380.0,180,2340
T003229,2024-11-07,P012,C032,2,5200,0.0,10400.0,3800,7600
T003230,2024-11-07,P014,C009,1,260,12.0,228.8,180,180
T003231,2024-11-07,P016,C026,9,2100,10.0,17010.0,1400,12600
T003232,2024-11-07,P013,C015,2,2900,0.0,5800.0,2100,4200
T003233,2024-11-08,P011,C030,1,2600,0.0,2600.0,1800,1800
T003234,2024-11-08,P003,C009,3,1250,0.0,3750.0,900,2700
T003235,2024-11-08,P014,C020,4,260,0.0,1040.0,180,720
T003236,2024-11-08,P006,C013,1,82,0.0,82.0,55,55
T003237,2024-11-08,P019,C035,1,230,5.0,218.5,150,150
T003238,2024-11-08,P011,C008,11,2600,0.0,28600.0,1800,19800
T003239,2024-11-08,P010,C026,3,380,0.0,1140.0,260,780
T003240,2024-11-08,P001,C008,1,3200,0.0,3200.0,2400,2400
T003241,2024-11-08,P005,C009,5,48,8.0,220.8,32,160
T003242,2024-11-08,P015,C002,5,520,5.0,2470.0,350,1750
T003243,2024-11-08,P011,C036,11,2600,5.0,27170.0,1800,19800
T003244,2024-11-08,P008,C017,8,6200,0.0,49600.0,4200,33600
T003245,2024-11-08,P003,C006,6,1250,0.0,7500.0,900,5400
T003246,2024-11-08,P018,C037,5,78,12.0,343.2,62,310
T003247,2024-11-08,P018,C024,1,78,5.0,74.1,62,62
T003248,2024-11-08,P019,C006,4,230,0.0,920.0,150,600
T003249,2024-11-09,P019,C009,27,230,10.0,5589.0,150,4050
T003250,2024-11-09,P017,C019,8,420,0.0,3360.0,340,2720
T003251,2024-11-09,P004,C036,4,340,5.0,1292.0,220,880
T003252,2024-11-09,P003,C011,7,1250,5.0,8312.5,900,6300
T003253,2024-11-09,P016,C020,5,2100,0.0,10500.0,1400,7000
T003254,2024-11-09,P007,C004,4,1850,0.0,7400.0,1200,4800
T003255,2024-11-09,P020,C001,16,3100,0.0,49600.0,2200,35200
T003256,2024-11-09,P012,C015,4,5200,12.0,18304.0,3800,15200
T003257,2024-11-09,P004,C009,3,340,10.0,918.0,220,660
T003258,2024-11-09,P005,C011,10,48,8.0,441.6,32,320
T003259,2024-11-09,P009,C025,1,600,5.0,570.0,420,420
T003260,2024-11-09,P004,C010,7,340,0.0,2380.0,220,1540
T003261,2024-11-09,P017,C021,6,420,10.0,2268.0,340,2040
T003262,2024-11-10,P010,C005,4,380,8.0,1398.4,260,1040
T003263,2024-11-10,P003,C026,2,1250,0.0,2500.0,900,1800
T003264,2024-11-10,P016,C003,1,2100,10.0,1890.0,1400,1400
T003265,2024-11-10,P020,C027,5,3100,0.0,15500.0,2200,11000
T003266,2024-11-10,P005,C017,1,48,12.0,42.24,32,32
T003267,2024-11-10,P020,C009,5,3100,0.0,15500.0,2200,11000
T003268,2024-11-10,P004,C027,12,340,5.0,3876.0,220,2640
T003269,2024-11-10,P007,C013,9,1850,0.0,16650.0,1200,10800
T003270,2024-11-10,P015,C022,1,520,0.0,520.0,350,350
T003271,2024-11-10,P005,C004,23,48,0.0,1104.0,32,736
T003272,2024-11-10,P018,C023,6,78,5.0,444.6,62,372
T003273,2024-11-10,P006,C020,3,82,12.0,216.48,55,165
T003274,2024-11-10,P016,C019,2,2100,0.0,4200.0,1400,2800
T003275,2024-11-10,P014,C003,3,260,0.0,780.0,180,540
T003276,2024-11-10,P012,C016,1,5200,0.0,5200.0,3800,3800
T003277,2024-11-10,P012,C008,1,5200,8.0,4784.0,3800,3800
T003278,2024-11-10,P015,C036,4,520,10.0,1872.0,350,1400
T003279,2024-11-10,P019,C010,6,230,0.0,1380.0,150,900
T003280,2024-11-11,P015,C036,4,520,8.0,1913.6,350,1400
T003281,2024-11-11,P016,C005,21,2100,8.0,40572.0,1400,29400
T003282,2024-11-11,P017,C017,1,420,10.0,378.0,340,340
T003283,2024-11-11,P016,C015,12,2100,8.0,23184.0,1400,16800
T003284,2024-11-11,P016,C022,14,2100,0.0,29400.0,1400,19600
T003285,2024-11-11,P020,C012,3,3100,12.0,8184.0,2200,6600
T003286,2024-11-11,P016,C007,1,2100,12.0,1848.0,1400,1400
T003287,2024-11-11,P011,C014,7,2600,0.0,18200.0,1800,12600
T003288,2024-11-11,P006,C030,5,82,8.0,377.2,55,275
T003289,2024-11-11,P010,C007,5,380,12.0,1672.0,260,1300
T003290,2024-11-11,P007,C036,5,1850,0.0,9250.0,1200,6000
T003291,2024-11-11,P017,C017,4,420,10.0,1512.0,340,1360
T003292,2024-11-12,P006,C013,13,82,8.0,980.72,55,715
T003293,2024-11-12,P007,C028,4,1850,0.0,7400.0,1200,4800
T003294,2024-11-12,P006,C035,5,82,0.0,410.0,55,275
T003295,2024-11-12,P012,C001,3,5200,8.0,14352.0,3800,11400
T003296,2024-11-12,P018,C009,11,78,10.0,772.2,62,682
T003297,2024-11-12,P003,C011,2,1250,0.0,2500.0,900,1800
T003298,2024-11-12,P002,C006,7,900,0.0,6300.0,650,4550
T003299,2024-11-12,P010,C028,9,380,12.0,3009.6,260,2340
T003300,2024-11-12,P008,C029,6,6200,10.0,33480.0,4200,25200
T003301,2024-11-12,P002,C040,7,900,5.0,5985.0,650,4550
T003302,2024-11-12,P013,C002,3,2900,0.0,8700.0,2100,6300
T003303,2024-11-12,P017,C010,10,420,8.0,3864.0,340,3400
T003304,2024-11-12,P003,C012,4,1250,12.0,4400.0,900,3600
T003305,2024-11-12,P014,C026,-1,260,0.0,260.0,180,180
T003306,2024-11-12,P013,C040,3,2900,0.0,8700.0,2100,6300
T003307,2024-11-13,P016,C004,6,2100,8.0,11592.0,1400,8400
T003308,2024-11-13,P001,C029,13,3200,12.0,36608.0,2400,31200
T003309,2024-11-13,P012,C015,14,5200,12.0,64064.0,3800,53200
T003310,2024-11-13,P013,C040,4,2900,5.0,11020.0,2100,8400
T003311,2024-11-13,P001,C015,6,3200,5.0,18240.0,2400,14400
T003312,2024-11-13,P018,C008,23,78,0.0,1794.0,62,1426
T003313,2024-11-13,P007,C006,2,1850,5.0,3515.0,1200,2400
T003314,2024-11-13,P011,C019,1,2600,8.0,2392.0,1800,1800
T003315,2024-11-13,P002,C037,1,900,12.0,792.0,650,650
T003316,2024-11-13,P003,C004,4,1250,0.0,5000.0,900,3600
T003317,2024-11-13,P009,C003,4,600,0.0,2400.0,420,1680
T003318,2024-11-13,P020,C020,9,3100,0.0,27900.0,2200,19800
T003319,2024-11-14,P015,C023,3,520,5.0,1482.0,350,1050
T003320,2024-11-14,P005,C038,4,48,8.0,176.64,32,128
T003321,2024-11-14,P014,C038,5,260,0.0,1300.0,180,900
T003322,2024-11-14,P007,C026,5,1850,8.0,8510.0,1200,6000
T003323,2024-11-14,P003,C022,3,1250,8.0,3450.0,900,2700
T003324,2024-11-14,P004,C020,6,340,5.0,1938.0,220,1320
T003325,2024-11-14,P016,C024,12,2100,5.0,23940.0,1400,16800
T003326,2024-11-14,P006,C001,1,82,12.0,72.16,55,55
T003327,2024-11-14,P013,C034,3,2900,8.0,8004.0,2100,6300
T003328,2024-11-14,P005,C002,2,48,5.0,91.2,32,64
T003329,2024-11-15,P002,C003,6,900,0.0,5400.0,650,3900
T003330,2024-11-15,P020,C008,2,3100,0.0,6200.0,2200,4400
T003331,2024-11-15,P009,C036,4,600,5.0,2280.0,420,1680
T003332,2024-11-15,P011,C001,9,2600,12.0,20592.0,1800,16200
T003333,2024-11-15,P015,C016,3,520,10.0,1404.0,350,1050
T003334,2024-11-15,P011,C022,1,2600,12.0,2288.0,1800,1800
T003335,2024-11-15,P004,C039,2,340,5.0,646.0,220,440
T003336,2024-11-15,P011,C018,9,2600,0.0,23400.0,1800,16200
T003337,2024-11-15,P003,C018,4,1250,0.0,5000.0,900,3600
T003338,2024-11-15,P006,C020,2,82,8.0,150.88,55,110
T003339,2024-11-15,P009,C020,3,600,5.0,1710.0,420,1260
T003340,2024-11-15,P002,C002,10,900,0.0,9000.0,650,6500
T003341,2024-11-15,P017,C029,5,420,10.0,1890.0,340,1700
T003342,2024-11-15,P019,C035,3,230,,690.0,150,450
T003343,2024-11-16,P009,C029,3,600,0.0,1800.0,420,1260
T003344,2024-11-16,P018,C023,4,78,0.0,312.0,62,248
T003345,2024-11-16,P018,C003,3,78,10.0,210.6,62,186
T003346,2024-11-16,P010,C025,10,380,12.0,3344.0,260,2600
T003347,2024-11-16,P020,C002,6,3100,0.0,18600.0,2200,13200
T003348,2024-11-16,P005,C033,14,48,12.0,591.36,32,448
T003349,2024-11-16,P009,C008,2,600,8.0,1104.0,420,840
T003350,2024-11-16,P007,C031,2,1850,0.0,3700.0,1200,2400
T003351,2024-11-16,P003,C024,8,1250,5.0,9500.0,900,7200
T003352,2024-11-16,P006,C010,4,82,8.0,301.76,55,220
T003353,2024-11-16,P004,C040,9,340,0.0,3060.0,220,1980
T003354,2024-11-16,P007,C025,6,1850,0.0,11100.0,1200,7200
T003355,2024-11-16,P003,C021,-1,1250,0.0,5000.0,900,3600
T003356,2024-11-16,P007,C022,-1,1850,0.0,7400.0,1200,4800
T003357,2024-11-16,P011,C015,1,2600,0.0,2600.0,1800,1800
T003358,2024-11-16,P009,C001,2,600,0.0,1200.0,420,840
T003359,2024-11-16,P010,C026,6,380,0.0,2280.0,260,1560
T003360,2024-11-16,P012,C008,1,5200,0.0,5200.0,3800,3800
T003361,2024-11-17,P019,C038,8,230,0.0,1840.0,150,1200
T003362,2024-11-17,P004,C008,5,340,12.0,1496.0,220,1100
T003363,2024-11-17,P016,C028,1,2100,0.0,2100.0,1400,1400
T003364,2024-11-17,P011,C001,10,2600,5.0,24700.0,1800,18000
T003365,2024-11-17,P017,C031,5,420,5.0,1995.0,340,1700
T003366,2024-11-17,P015,C030,2,520,10.0,936.0,350,700
T003367,2024-11-17,P008,C014,8,6200,5.0,47120.0,4200,33600
T003368,2024-11-17,P017,C005,16,420,0.0,6720.0,340,5440
T003369,2024-11-17,P020,C024,2,3100,5.0,5890.0,2200,4400
T003370,2024-11-17,P005,C011,12,48,10.0,518.4,32,384
T003371,2024-11-17,P012,C034,11,5200,0.0,57200.0,3800,41800
T003372,2024-11-18,P012,C033,6,5200,8.0,28704.0,3800,22800
T003373,2024-11-18,P007,C040,6,1850,10.0,9990.0,1200,7200
T003374,2024-11-18,P002,C008,13,900,5.0,11115.0,650,8450
T003375,2024-11-18,P001,C037,10,3200,12.0,28160.0,2400,24000
T003376,2024-11-18,P019,C034,9,230,0.0,2070.0,150,1350
T003377,2024-11-18,P012,C024,2,5200,12.0,9152.0,3800,7600
T003378,2024-11-18,P016,C011,7,2100,5.0,13965.0,1400,9800
T003379,2024-11-18,P015,C027,2,520,0.0,1040.0,350,700
T003380,2024-11-18,P018,C006,3,78,0.0,234.0,62,186
T003381,2024-11-18,P009,C034,6,600,8.0,3312.0,420,2520
T003382,2024-11-18,P013,C016,6,2900,0.0,17400.0,2100,12600
T003383,2024-11-18,P001,C039,13,3200,12.0,36608.0,2400,31200
T003384,2024-11-19,P013,C007,1,2900,10.0,2610.0,2100,2100
T003385,2024-11-19,P006,C014,8,82,5.0,623.2,55,440
T003386,2024-11-19,P011,C024,3,2600,0.0,7800.0,1800,5400
T003387,2024-11-19,P016,C026,3,2100,12.0,5544.0,1400,4200
T003388,2024-11-19,P008,C038,10,6200,12.0,54560.0,4200,42000
T003389,2024-11-19,P007,C039,6,1850,0.0,11100.0,1200,7200
T003390,2024-11-19,P004,C008,13,340,8.0,4066.4,220,2860
T003391,2024-11-19,P006,C039,2,82,8.0,150.88,55,110
T003392,2024-11-19,P010,C013,4,380,10.0,1368.0,260,1040
T003393,2024-11-19,P004,C026,4,340,10.0,1224.0,220,880
T003394,2024-11-19,P018,C027,13,78,10.0,912.6,62,806
T003395,2024-11-19,P010,C038,13,380,10.0,4446.0,260,3380
T003396,2024-11-19,P011,C011,1,2600,10.0,2340.0,1800,1800
T003397,2024-11-19,P016,C037,3,2100,12.0,5544.0,1400,4200
T003398,2024-11-19,P006,C004,1,82,0.0,82.0,55,55
T003399,2024-11-20,P012,C012,7,5200,0.0,36400.0,3800,26600
T003400,2024-11-20,P007,C017,7,1850,5.0,12302.5,1200,8400
T003401,2024-11-20,P017,C008,9,420,12.0,3326.4,340,3060
T003402,2024-11-20,P014,C010,8,260,0.0,2080.0,180,1440
T003403,2024-11-20,P017,C007,3,420,5.0,1197.0,340,1020
T003404,2024-11-20,P013,C031,7,2900,0.0,20300.0,2100,14700
T003405,2024-11-20,P016,C017,5,2100,10.0,9450.0,1400,7000
T003406,2024-11-20,P007,C022,12,1850,0.0,22200.0,1200,14400
T003407,2024-11-20,P019,C019,5,230,12.0,1012.0,150,750
T003408,2024-11-20,P010,C033,9,380,8.0,3146.4,260,2340
T003409,2024-11-20,P004,C039,2,340,0.0,680.0,220,440
T003410,2024-11-20,P011,C009,4,2600,0.0,10400.0,1800,7200
T003411,2024-11-20,P018,C015,11,78,0.0,858.0,62,682
T003412,2024-11-20,P017,C014,1,420,0.0,420.0,340,340
T003413,2024-11-20,P004,C027,3,340,0.0,1020.0,220,660
T003414,2024-11-21,P005,C002,7,48,10.0,302.4,32,224
T003415,2024-11-21,P018,C030,2,78,5.0,148.2,62,124
T003416,2024-11-21,P017,C039,-1,420,10.0,4914.0,340,4420
T003417,2024-11-21,P010,C022,12,380,8.0,4195.2,260,3120
T003418,2024-11-21,P020,C038,4,3100,8.0,11408.0,2200,8800
T003419,2024-11-21,P008,C018,4,6200,10.0,22320.0,4200,16800
T003420,2024-11-21,P013,C018,8,2900,8.0,21344.0,2100,16800
T003421,2024-11-21,P020,C022,13,3100,8.0,37076.0,2200,28600
T003422,2024-11-21,P009,C001,12,600,12.0,6336.0,420,5040
T003423,2024-11-22,P015,C036,1,520,0.0,520.0,350,350
T003424,2024-11-22,P006,C010,3,82,0.0,246.0,55,165
T003425,2024-11-22,P015,C036,5,520,0.0,2600.0,350,1750
T003426,2024-11-22,P008,C008,17,6200,5.0,100130.0,4200,71400
T003427,2024-11-22,P009,C035,5,600,8.0,2760.0,420,2100
T003428,2024-11-22,P009,C002,3,600,0.0,1800.0,420,1260
T003429,2024-11-22,P002,C001,15,900,0.0,13500.0,650,9750
T003430,2024-11-22,P018,C031,3,78,12.0,205.92,62,186
T003431,2024-11-23,P010,C021,14,380,10.0,4788.0,260,3640
T003432,2024-11-23,P005,C027,6,48,0.0,288.0,32,192
T003433,2024-11-23,P012,C035,4,5200,5.0,19760.0,3800,15200
T003434,2024-11-23,P020,C034,11,3100,5.0,32395.0,2200,24200
T003435,2024-11-23,P008,C012,1,6200,8.0,5704.0,4200,4200
T003436,2024-11-23,P005,C023,1,48,5.0,45.6,32,32
T003437,2024-11-24,P011,C003,7,2600,8.0,16744.0,1800,12600
T003438,2024-11-24,P015,C037,6,520,8.0,2870.4,350,2100
T003439,2024-11-24,P016,C022,10,2100,12.0,18480.0,1400,14000
T003440,2024-11-24,P014,C016,4,260,12.0,915.2,180,720
T003441,2024-11-24,P013,C035,6,2900,12.0,15312.0,2100,12600
T003442,2024-11-24,P007,C023,5,1850,8.0,8510.0,1200,6000
T003443,2024-11-24,P018,C027,9,78,0.0,702.0,62,558
T003444,2024-11-24,P001,C011,3,3200,0.0,9600.0,2400,7200
T003445,2024-11-24,P012,C030,6,5200,12.0,27456.0,3800,22800
T003446,2024-11-24,P014,C021,2,260,0.0,520.0,180,360
T003447,2024-11-25,P014,C033,3,260,8.0,717.6,180,540
T003448,2024-11-25,P017,C008,7,420,5.0,2793.0,340,2380
T003449,2024-11-25,P013,C038,4,2900,0.0,11600.0,2100,8400
T003450,2024-11-25,P017,C040,1,420,8.0,386.4,340,340
T003451,2024-11-25,P019,C006,6,230,0.0,1380.0,150,900
T003452,2024-11-25,P020,C004,1,3100,8.0,2852.0,2200,2200
T003453,2024-11-25,P020,C038,1,3100,0.0,3100.0,2200,2200
T003454,2024-11-25,P020,C037,5,3100,0.0,15500.0,2200,11000
T003455,2024-11-25,P009,C025,8,600,12.0,4224.0,420,3360
T003456,2024-11-25,P009,C023,11,600,0.0,6600.0,420,4620
T003457,2024-11-25,P009,C034,6,600,0.0,3600.0,420,2520
T003458,2024-11-26,P020,C002,6,3100,0.0,18600.0,2200,13200
T003459,2024-11-26,P009,C010,3,600,5.0,1710.0,420,1260
T003460,2024-11-26,P020,C019,1,3100,5.0,2945.0,2200,2200
T003461,2024-11-26,P016,C015,10,2100,0.0,21000.0,1400,14000
T003462,2024-11-26,P007,C020,9,1850,0.0,16650.0,1200,10800
T003463,2024-11-26,P004,C030,3,340,10.0,918.0,220,660
T003464,2024-11-26,P002,C036,12,900,12.0,9504.0,650,7800
T003465,2024-11-26,P011,C033,7,2600,0.0,18200.0,1800,12600
T003466,2024-11-26,P007,C007,11,1850,0.0,20350.0,1200,13200
T003467,2024-11-26,P009,C011,6,600,10.0,3240.0,420,2520
T003468,2024-11-26,P011,C006,2,2600,5.0,4940.0,1800,3600
T003469,2024-11-26,P002,C035,3,900,0.0,2700.0,650,1950
T003470,2024-11-26,P005,C001,7,48,12.0,295.68,32,224
T003471,2024-11-27,P018,C011,4,78,8.0,287.04,62,248
T003472,2024-11-27,P013,C036,1,2900,12.0,2552.0,2100,2100
T003473,2024-11-27,P002,C018,6,900,0.0,5400.0,650,3900
T003474,2024-11-27,P015,C039,7,520,10.0,3276.0,350,2450
T003475,2024-11-27,P001,C037,4,3200,5.0,12160.0,2400,9600
T003476,2024-11-27,P011,C010,6,2600,0.0,15600.0,1800,10800
T003477,2024-11-27,P003,C020,2,1250,0.0,2500.0,900,1800
T003478,2024-11-27,P002,C038,6,900,5.0,5130.0,650,3900
T003479,2024-11-27,P002,C022,3,900,12.0,2376.0,650,1950
T003480,2024-11-28,P009,C018,2,600,12.0,1056.0,420,840
T003481,2024-11-28,P020,C029,4,3100,8.0,11408.0,2200,8800
T003482,2024-11-28,P012,C030,5,5200,0.0,26000.0,3800,19000
T003483,2024-11-28,P006,C014,6,82,12.0,432.96,55,330
T003484,2024-11-28,P016,C016,9,2100,0.0,18900.0,1400,12600
T003485,2024-11-28,P020,C025,1,3100,0.0,3100.0,2200,2200
T003486,2024-11-28,P010,C038,2,380,0.0,760.0,260,520
T003487,2024-11-28,P012,C032,3,5200,8.0,14352.0,3800,11400
T003488,2024-11-28,P003,C008,7,1250,0.0,8750.0,900,6300
T003489,2024-11-28,P008,C021,6,6200,8.0,34224.0,4200,25200
T003490,2024-11-28,P020,C019,8,3100,8.0,22816.0,2200,17600
T003491,2024-11-28,P015,C035,3,520,10.0,1404.0,350,1050
T003492,2024-11-29,P008,C031,8,6200,5.0,47120.0,4200,33600
T003493,2024-11-29,P001,C036,7,3200,0.0,22400.0,2400,16800
T003494,2024-11-29,P012,C003,3,5200,5.0,14820.0,3800,11400
T003495,2024-11-29,P020,C012,6,3100,8.0,17112.0,2200,13200
T003496,2024-11-29,P007,C032,4,1850,8.0,6808.0,1200,4800
T003497,2024-11-29,P015,C039,7,520,12.0,3203.2,350,2450
T003498,2024-11-29,P014,C029,3,260,0.0,780.0,180,540
T003499,2024-11-29,P019,C033,1,230,12.0,202.4,150,150
T003500,2024-11-29,P003,C006,12,1250,0.0,15000.0,900,10800
T003501,2024-11-29,P003,C009,11,1250,8.0,12650.0,900,9900
T003502,2024-11-29,P001,C035,3,3200,0.0,9600.0,2400,7200
T003503,2024-11-29,P018,C006,2,78,8.0,143.52,62,124
T003504,2024-11-29,P017,C033,3,420,0.0,1260.0,340,1020
T003505,2024-11-30,P009,C030,6,600,0.0,3600.0,420,2520
T003506,2024-11-30,P019,C009,15,230,0.0,3450.0,150,2250
T003507,2024-11-30,P020,C011,5,3100,12.0,13640.0,2200,11000
T003508,2024-11-30,P007,C020,3,1850,10.0,4995.0,1200,3600
T003509,2024-11-30,P008,C040,11,6200,0.0,68200.0,4200,46200
T003510,2024-11-30,P010,C007,10,380,0.0,3800.0,260,2600
T003511,2024-11-30,P003,C034,7,1250,8.0,8050.0,900,6300
T003512,2024-11-30,P010,C024,4,380,0.0,1520.0,260,1040
T003513,2024-12-01,P019,C030,17,230,8.0,3597.2,150,2550
T003514,2024-12-01,P009,C022,4,600,0.0,2400.0,420,1680
T003515,2024-12-01,P002,C025,11,900,8.0,9108.0,650,7150
T003516,2024-12-01,P004,C016,3,340,0.0,1020.0,220,660
T003517,2024-12-01,P020,C029,2,3100,8.0,5704.0,2200,4400
T003518,2024-12-01,P006,C036,1,82,0.0,82.0,55,55
T003519,2024-12-01,P009,C007,9,600,12.0,4752.0,420,3780
T003520,2024-12-01,P012,C008,4,5200,8.0,19136.0,3800,15200
T003521,2024-12-01,P002,C039,4,900,5.0,3420.0,650,2600
T003522,2024-12-01,P012,C019,12,5200,0.0,62400.0,3800,45600
T003523,2024-12-02,P011,C011,12,2600,8.0,28704.0,1800,21600
T003524,2024-12-02,P010,C032,7,380,12.0,2340.8,260,1820
T003525,2024-12-02,P011,C035,10,2600,10.0,23400.0,1800,18000
T003526,2024-12-02,P016,C021,9,2100,12.0,16632.0,1400,12600
T003527,2024-12-02,P007,C011,3,1850,8.0,5106.0,1200,3600
T003528,2024-12-02,P019,C012,6,230,0.0,1380.0,150,900
T003529,2024-12-02,P011,C002,4,2600,8.0,9568.0,1800,7200
T003530,2024-12-02,P009,C017,1,600,0.0,600.0,420,420
T003531,2024-12-03,P015,C019,4,520,0.0,2080.0,350,1400
T003532,2024-12-03,P007,C034,18,1850,10.0,29970.0,1200,21600
T003533,2024-12-03,P002,C004,1,900,5.0,855.0,650,650
T003534,2024-12-03,P018,C022,2,78,0.0,156.0,62,124
T003535,2024-12-03,P003,C014,10,1250,5.0,11875.0,900,9000
T003536,2024-12-03,P016,C028,4,2100,0.0,8400.0,1400,5600
T003537,2024-12-03,P014,C031,7,260,12.0,1601.6,180,1260
T003538,2024-12-03,P017,C031,2,420,8.0,772.8,340,680
T003539,2024-12-03,P012,C022,13,5200,0.0,67600.0,3800,49400
T003540,2024-12-04,P008,C023,8,6200,12.0,43648.0,4200,33600
T003541,2024-12-04,P020,C031,10,3100,0.0,31000.0,2200,22000
T003542,2024-12-04,P006,C021,4,82,10.0,295.2,55,220
T003543,2024-12-04,P007,C002,5,1850,0.0,9250.0,1200,6000
T003544,2024-12-04,P020,C020,4,3100,10.0,11160.0,2200,8800
T003545,2024-12-04,P020,C022,2,3100,8.0,5704.0,2200,4400
T003546,2024-12-04,P006,C006,8,82,0.0,656.0,55,440
T003547,2024-12-04,P002,C024,4,900,5.0,3420.0,650,2600
T003548,2024-12-04,P018,C019,10,78,8.0,717.6,62,620
T003549,2024-12-05,P019,C034,12,230,8.0,2539.2,150,1800
T003550,2024-12-05,P014,C035,2,260,10.0,468.0,180,360
T003551,2024-12-05,P017,C016,15,420,0.0,6300.0,340,5100
T003552,2024-12-05,P008,C035,1,6200,0.0,6200.0,4200,4200
T003553,2024-12-05,P006,C036,1,82,5.0,77.9,55,55
T003554,2024-12-05,P003,C018,5,1250,0.0,6250.0,900,4500
T003555,2024-12-05,P012,C003,16,5200,10.0,74880.0,3800,60800
T003556,2024-12-06,P003,C009,8,1250,0.0,10000.0,900,7200
T003557,2024-12-06,P007,C021,3,1850,0.0,5550.0,1200,3600
T003558,2024-12-06,P018,C035,14,78,10.0,982.8,62,868
T003559,2024-12-06,P002,C019,9,900,10.0,7290.0,650,5850
T003560,2024-12-06,P011,C006,1,2600,0.0,2600.0,1800,1800
T003561,2024-12-06,P002,C029,6,900,0.0,5400.0,650,3900
T003562,2024-12-06,P005,C032,9,48,8.0,397.44,32,288
T003563,2024-12-06,P005,C020,3,48,0.0,144.0,32,96
T003564,2024-12-06,P002,C007,3,900,8.0,2484.0,650,1950
T003565,2024-12-06,P002,C024,8,900,12.0,6336.0,650,5200
T003566,2024-12-06,P015,C035,4,520,0.0,2080.0,350,1400
T003567,2024-12-07,P013,C002,9,2900,10.0,23490.0,2100,18900
T003568,2024-12-07,P016,C039,13,2100,12.0,24024.0,1400,18200
T003569,2024-12-07,P005,C010,2,48,0.0,96.0,32,64
T003570,2024-12-07,P002,C014,16,900,12.0,12672.0,650,10400
T003571,2024-12-08,P018,C010,6,78,0.0,468.0,62,372
T003572,2024-12-08,P012,C006,19,5200,8.0,90896.0,3800,72200
T003573,2024-12-08,P003,C022,3,1250,0.0,3750.0,900,2700
T003574,2024-12-08,P019,C024,1,230,12.0,202.4,150,150
T003575,2024-12-08,P013,C023,11,2900,0.0,31900.0,2100,23100
T003576,2024-12-08,P011,C039,2,2600,5.0,4940.0,1800,3600
T003577,2024-12-08,P001,C034,6,3200,0.0,19200.0,2400,14400
T003578,2024-12-08,P014,C014,15,260,5.0,3705.0,180,2700
T003579,2024-12-09,P004,C010,15,340,0.0,5100.0,220,3300
T003580,2024-12-09,P019,C003,5,230,0.0,1150.0,150,750
T003581,2024-12-09,P004,C038,14,340,0.0,4760.0,220,3080
T003582,2024-12-09,P017,C011,2,420,8.0,772.8,340,680
T003583,2024-12-09,P006,C011,4,82,0.0,328.0,55,220
T003584,2024-12-09,P013,C026,6,2900,12.0,15312.0,2100,12600
T003585,2024-12-09,P015,C040,3,520,0.0,1560.0,350,1050
T003586,2024-12-09,P017,C015,2,420,10.0,756.0,340,680
T003587,2024-12-09,P009,C015,12,600,0.0,7200.0,420,5040
T003588,2024-12-10,P001,C038,7,3200,0.0,22400.0,2400,16800
T003589,2024-12-10,P014,C030,2,260,8.0,478.4,180,360
T003590,2024-12-10,P013,C020,12,2900,0.0,34800.0,2100,25200
T003591,2024-12-10,P010,C005,15,380,10.0,5130.0,260,3900
T003592,2024-12-10,P009,C024,4,600,0.0,2400.0,420,1680
T003593,2024-12-10,P020,C028,7,3100,0.0,21700.0,2200,15400
T003594,2024-12-10,P005,C002,2,48,10.0,86.4,32,64
T003595,2024-12-10,P012,C028,4,5200,12.0,18304.0,3800,15200
T003596,2024-12-10,P018,C027,6,78,0.0,468.0,62,372
T003597,2024-12-10,P001,C014,16,3200,10.0,46080.0,2400,38400
T003598,2024-12-10,P004,C034,6,340,0.0,2040.0,220,1320
T003599,2024-12-10,P008,C023,2,6200,5.0,11780.0,4200,8400
T003600,2024-12-10,P015,C024,4,520,10.0,1872.0,350,1400
T003601,2024-12-11,P017,C009,11,420,8.0,4250.4,340,3740
T003602,2024-12-11,P016,C025,4,2100,0.0,8400.0,1400,5600
T003603,2024-12-11,P003,C036,2,1250,12.0,2200.0,900,1800
T003604,2024-12-11,P002,C013,10,900,5.0,8550.0,650,6500
T003605,2024-12-11,P016,C022,9,2100,5.0,17955.0,1400,12600
T003606,2024-12-11,P005,C010,1,48,5.0,45.6,32,32
T003607,2024-12-11,P002,C037,3,900,5.0,2565.0,650,1950
T003608,2024-12-11,P003,C002,5,1250,8.0,5750.0,900,4500
T003609,2024-12-11,P018,C033,1,78,8.0,71.76,62,62
T003610,2024-12-12,P004,C023,6,340,0.0,2040.0,220,1320
T003611,2024-12-12,P014,C026,14,260,8.0,3348.8,180,2520
T003612,2024-12-12,P002,C009,4,900,5.0,3420.0,650,2600
T003613,2024-12-12,P020,C004,1,3100,0.0,3100.0,2200,2200
T003614,2024-12-12,P015,C003,15,520,12.0,6864.0,350,5250
T003615,2024-12-12,P018,C038,5,78,0.0,390.0,62,310
T003616,2024-12-12,P004,C025,3,340,8.0,938.4,220,660
T003617,2024-12-12,P018,C032,5,78,0.0,390.0,62,310
T003618,2024-12-12,P012,C021,11,5200,8.0,52624.0,3800,41800
T003619,2024-12-12,P006,C020,6,82,10.0,442.8,55,330
T003620,2024-12-13,P016,C011,3,2100,8.0,5796.0,1400,4200
T003621,2024-12-13,P002,C040,7,900,0.0,6300.0,650,4550
T003622,2024-12-13,P011,C008,2,2600,0.0,5200.0,1800,3600
T003623,2024-12-13,P001,C020,9,3200,12.0,25344.0,2400,21600
T003624,2024-12-13,P019,C007,14,230,10.0,2898.0,150,2100
T003625,2024-12-13,P018,C032,11,78,0.0,858.0,62,682
T003626,2024-12-13,P010,C032,2,380,0.0,760.0,260,520
T003627,2024-12-13,P020,C003,1,3100,0.0,3100.0,2200,2200
T003628,2024-12-14,P014,C039,2,260,0.0,520.0,180,360
T003629,2024-12-14,P014,C016,3,260,10.0,702.0,180,540
T003630,2024-12-14,P001,C033,10,3200,12.0,28160.0,2400,24000
T003631,2024-12-14,P007,C006,3,1850,0.0,5550.0,1200,3600
T003632,2024-12-14,P016,C011,3,2100,5.0,5985.0,1400,4200
T003633,2024-12-14,P006,C005,1,82,10.0,73.8,55,55
T003634,2024-12-14,P017,C016,22,420,12.0,8131.2,340,7480
T003635,2024-12-14,P011,C022,3,2600,8.0,7176.0,1800,5400
T003636,2024-12-15,P010,C026,8,380,8.0,2796.8,260,2080
T003637,2024-12-15,P002,C020,5,900,5.0,4275.0,650,3250
T003638,2024-12-15,P020,C024,6,3100,5.0,17670.0,2200,13200
T003639,2024-12-15,P008,C007,5,6200,12.0,27280.0,4200,21000
T003640,2024-12-15,P011,C019,8,2600,0.0,20800.0,1800,14400
T003641,2024-12-15,P001,C013,8,3200,10.0,23040.0,2400,19200
T003642,2024-12-15,P006,C030,1,82,5.0,77.9,55,55
T003643,2024-12-15,P001,C001,2,3200,12.0,5632.0,2400,4800
T003644,2024-12-15,P020,C010,2,3100,10.0,5580.0,2200,4400
T003645,2024-12-15,P019,C025,18,230,12.0,3643.2,150,2700
T003646,2024-12-15,P015,C034,1,520,0.0,520.0,350,350
T003647,2024-12-15,P002,C024,2,900,0.0,1800.0,650,1300
T003648,2024-12-15,P017,C028,5,420,5.0,1995.0,340,1700
T003649,2024-12-16,P009,C002,5,600,0.0,3000.0,420,2100
T003650,2024-12-16,P011,C002,10,2600,0.0,26000.0,1800,18000
T003651,2024-12-16,P020,C002,2,3100,10.0,5580.0,2200,4400
T003652,2024-12-17,P013,C029,4,2900,8.0,10672.0,2100,8400
T003653,2024-12-17,P009,C012,13,600,0.0,7800.0,420,5460
T003654,2024-12-17,P002,C006,7,900,8.0,5796.0,650,4550
T003655,2024-12-17,P005,C028,2,48,0.0,96.0,32,64
T003656,2024-12-17,P011,C028,4,2600,0.0,10400.0,1800,7200
T003657,2024-12-17,P020,C031,1,3100,12.0,2728.0,2200,2200
T003658,2024-12-17,P011,C031,7,2600,0.0,18200.0,1800,12600
T003659,2024-12-17,P005,C019,1,48,10.0,43.2,32,32
T003660,2024-12-17,P014,C015,8,260,12.0,1830.4,180,1440
T003661,2024-12-18,P009,C006,1,600,5.0,570.0,420,420
T003662,2024-12-18,P014,C027,2,260,5.0,494.0,180,360
T003663,2024-12-18,P004,C026,2,340,0.0,680.0,220,440
T003664,2024-12-18,P007,C021,4,1850,0.0,7400.0,1200,4800
T003665,2024-12-18,P004,C003,1,340,0.0,340.0,220,220
T003666,2024-12-19,P004,C024,3,340,12.0,897.6,220,660
T003667,2024-12-19,P009,C039,2,600,5.0,1140.0,420,840
T003668,2024-12-19,P006,C028,4,82,8.0,301.76,55,220
T003669,2024-12-19,P015,C005,6,520,0.0,3120.0,350,2100
T003670,2024-12-19,P016,C012,2,2100,12.0,3696.0,1400,2800
T003671,2024-12-19,P008,C008,8,6200,0.0,49600.0,4200,33600
T003672,2024-12-20,P018,C001,1,78,0.0,78.0,62,62
T003673,2024-12-20,P012,C015,7,5200,10.0,32760.0,3800,26600
T003674,2024-12-20,P008,C011,1,6200,10.0,5580.0,4200,4200
T003675,2024-12-20,P020,C010,8,3100,0.0,24800.0,2200,17600
T003676,2024-12-20,P018,C019,1,78,10.0,70.2,62,62
T003677,2024-12-20,P006,C028,2,82,0.0,164.0,55,110
T003678,2024-12-20,P004,C023,11,340,0.0,3740.0,220,2420
T003679,2024-12-20,P008,C031,13,6200,10.0,72540.0,4200,54600
T003680,2024-12-20,P015,C008,1,520,0.0,520.0,350,350
T003681,2024-12-21,P014,C037,3,260,10.0,702.0,180,540
T003682,2024-12-21,P014,C023,8,260,0.0,2080.0,180,1440
T003683,2024-12-21,P007,C038,5,1850,0.0,9250.0,1200,6000
T003684,2024-12-21,P013,C038,8,2900,0.0,23200.0,2100,16800
T003685,2024-12-21,P020,C040,3,3100,0.0,9300.0,2200,6600
T003686,2024-12-21,P004,C037,1,340,0.0,340.0,220,220
T003687,2024-12-21,P013,C017,6,2900,0.0,17400.0,2100,12600
T003688,2024-12-21,P007,C006,13,1850,8.0,22126.0,1200,15600
T003689,2024-12-22,P013,C023,9,2900,12.0,22968.0,2100,18900
T003690,2024-12-22,P010,C025,1,380,8.0,349.6,260,260
T003691,2024-12-22,P017,C040,4,420,12.0,1478.4,340,1360
T003692,2024-12-22,P009,C026,7,600,8.0,3864.0,420,2940
T003693,2024-12-22,P012,C037,2,5200,0.0,10400.0,3800,7600
T003694,2024-12-22,P003,C014,9,1250,0.0,11250.0,900,8100
T003695,2024-12-22,P016,C035,11,2100,8.0,21252.0,1400,15400
T003696,2024-12-22,P009,C016,8,600,12.0,4224.0,420,3360
T003697,2024-12-23,P007,C029,3,1850,10.0,4995.0,1200,3600
T003698,2024-12-23,P004,C023,10,340,10.0,3060.0,220,2200
T003699,2024-12-23,P010,C019,13,380,12.0,4347.2,260,3380
T003700,2024-12-23,P020,C027,2,3100,5.0,5890.0,2200,4400
T003701,2024-12-23,P011,C010,11,2600,0.0,28600.0,1800,19800
T003702,2024-12-23,P015,C023,4,520,0.0,2080.0,350,1400
T003703,2024-12-23,P008,C028,5,6200,10.0,27900.0,4200,21000
T003704,2024-12-23,P002,C019,7,900,12.0,5544.0,650,4550
T003705,2024-12-23,P011,C024,3,2600,10.0,7020.0,1800,5400
T003706,2024-12-23,P015,C011,10,520,5.0,4940.0,350,3500
T003707,2024-12-24,P004,C014,4,340,8.0,1251.2,220,880
T003708,2024-12-24,P007,C017,9,1850,8.0,15318.0,1200,10800
T003709,2024-12-24,P012,C002,12,5200,12.0,54912.0,3800,45600
T003710,2024-12-24,P009,C034,4,600,0.0,2400.0,420,1680
T003711,2024-12-24,P008,C040,13,6200,0.0,80600.0,4200,54600
T003712,2024-12-24,P012,C013,5,5200,8.0,23920.0,3800,19000
T003713,2024-12-24,P018,C007,1,78,0.0,78.0,62,62
T003714,2024-12-24,P007,C038,14,1850,0.0,25900.0,1200,16800
T003715,2024-12-24,P002,C002,5,900,10.0,4050.0,650,3250
T003716,2024-12-24,P015,C038,5,520,0.0,2600.0,350,1750
T003717,2024-12-24,P017,C014,3,420,0.0,1260.0,340,1020
T003718,2024-12-24,P001,C013,3,3200,8.0,8832.0,2400,7200
T003719,2024-12-25,P003,C006,5,1250,0.0,6250.0,900,4500
T003720,2024-12-25,P006,C031,3,82,0.0,246.0,55,165
T003721,2024-12-25,P020,C019,15,3100,0.0,46500.0,2200,33000
T003722,2024-12-25,P003,C028,10,1250,12.0,11000.0,900,9000
T003723,2024-12-25,P010,C040,7,380,12.0,2340.8,260,1820
T003724,2024-12-25,P013,C008,7,2900,8.0,18676.0,2100,14700
T003725,2024-12-25,P005,C021,3,48,8.0,132.48,32,96
T003726,2024-12-26,P015,C008,1,520,5.0,494.0,350,350
T003727,2024-12-26,P007,C038,4,1850,0.0,7400.0,1200,4800
T003728,2024-12-26,P003,C039,3,1250,0.0,3750.0,900,2700
T003729,2024-12-26,P013,C017,1,2900,10.0,2610.0,2100,2100
T003730,2024-12-26,P006,C030,7,82,0.0,574.0,55,385
T003731,2024-12-26,P012,C017,3,5200,8.0,14352.0,3800,11400
T003732,2024-12-26,P006,C007,3,82,5.0,233.7,55,165
T003733,2024-12-26,P006,C016,11,82,0.0,902.0,55,605
T003734,2024-12-26,P014,C021,4,260,0.0,1040.0,180,720
T003735,2024-12-26,P007,C020,2,1850,0.0,3700.0,1200,2400
T003736,2024-12-27,P002,C038,1,900,0.0,900.0,650,650
T003737,2024-12-27,P019,C038,6,230,0.0,1380.0,150,900
T003738,2024-12-27,P016,C026,5,2100,12.0,9240.0,1400,7000
T003739,2024-12-27,P003,C031,1,1250,0.0,1250.0,900,900
T003740,2024-12-27,P002,C010,7,900,0.0,6300.0,650,4550
T003741,2024-12-27,P012,C039,12,5200,8.0,57408.0,3800,45600
T003742,2024-12-27,P015,C037,1,520,8.0,478.4,350,350
T003743,2024-12-28,P019,C025,5,230,12.0,1012.0,150,750
T003744,2024-12-28,P010,C008,2,380,0.0,760.0,260,520
T003745,2024-12-28,P018,C039,7,78,12.0,480.48,62,434
T003746,2024-12-28,P017,C006,3,420,12.0,1108.8,340,1020
T003747,2024-12-28,P017,C035,3,420,0.0,1260.0,340,1020
T003748,2024-12-28,P017,C001,9,420,8.0,3477.6,340,3060
T003749,2024-12-28,P007,C005,2,1850,8.0,3404.0,1200,2400
T003750,2024-12-28,P020,C012,7,3100,0.0,21700.0,2200,15400
T003751,2024-12-28,P004,C022,8,340,0.0,2720.0,220,1760
T003752,2024-12-28,P014,C021,8,260,5.0,1976.0,180,1440
T003753,2024-12-29,P004,C040,11,340,0.0,3740.0,220,2420
T003754,2024-12-29,P007,C027,12,1850,12.0,19536.0,1200,14400
T003755,2024-12-29,P002,C002,10,900,0.0,9000.0,650,6500
T003756,2024-12-29,P018,C024,17,78,0.0,1326.0,62,1054
T003757,2024-12-29,P011,C019,3,2600,0.0,7800.0,1800,5400
T003758,2024-12-29,P001,C019,1,3200,0.0,3200.0,2400,2400
T003759,2024-12-29,P004,C028,7,340,0.0,2380.0,220,1540
T003760,2024-12-29,P007,C028,5,1850,0.0,9250.0,1200,6000
T003761,2024-12-30,P008,C005,13,6200,12.0,70928.0,4200,54600
T003762,2024-12-30,P018,C023,11,78,10.0,772.2,62,682
T003763,2024-12-30,P020,C029,6,3100,10.0,16740.0,2200,13200
T003764,2024-12-30,P020,C026,6,3100,10.0,16740.0,2200,13200
T003765,2024-12-31,P007,C040,-1,1850,5.0,15817.5,1200,10800
T003766,2024-12-31,P017,C033,1,420,0.0,420.0,340,340
T003767,2024-12-31,P001,C029,1,3200,0.0,3200.0,2400,2400
T003768,2024-12-31,P009,C032,1,600,10.0,540.0,420,420
T003769,2024-12-31,P016,C002,4,2100,0.0,8400.0,1400,5600
T003770,2024-12-31,P003,C013,6,1250,0.0,7500.0,900,5400
T003771,2024-12-31,P007,C011,2,1850,0.0,3700.0,1200,2400
T003772,2024-12-31,P014,C023,6,260,5.0,1482.0,180,1080
T003773,2025-01-01,P011,C018,17,2600,0.0,44200.0,1800,30600
T003774,2025-01-01,P001,C039,8,3200,5.0,24320.0,2400,19200
T003775,2025-01-01,P016,C036,3,2100,0.0,6300.0,1400,4200
T003776,2025-01-01,P002,C027,6,900,12.0,4752.0,650,3900
T003777,2025-01-01,P019,C006,5,230,10.0,1035.0,150,750
T003778,2025-01-01,P007,C009,8,1850,0.0,14800.0,1200,9600
T003779,2025-01-01,P014,C025,9,260,12.0,2059.2,180,1620
T003780,2025-01-01,P018,C001,11,78,12.0,755.04,62,682
T003781,2025-01-01,P011,C023,3,2600,8.0,7176.0,1800,5400
T003782,2025-01-01,P014,C002,11,260,0.0,2860.0,180,1980
T003783,2025-01-01,P008,C014,2,6200,0.0,12400.0,4200,8400
T003784,2025-01-01,P020,C023,2,3100,12.0,5456.0,2200,4400
T003785,2025-01-01,P008,C020,4,6200,0.0,24800.0,4200,16800
T003786,2025-01-01,P007,C022,5,1850,5.0,8787.5,1200,6000
T003787,2025-01-02,P005,C022,1,48,10.0,43.2,32,32
T003788,2025-01-02,P003,C035,1,1250,12.0,1100.0,900,900
T003789,2025-01-02,P007,C030,2,1850,0.0,3700.0,1200,2400
T003790,2025-01-02,P002,C040,2,900,0.0,1800.0,650,1300
T003791,2025-01-02,P006,C035,10,82,8.0,754.4,55,550
T003792,2025-01-02,P011,C010,6,2600,10.0,14040.0,1800,10800
T003793,2025-01-03,P015,C012,2,520,10.0,936.0,350,700
T003794,2025-01-03,P006,C012,1,82,0.0,82.0,55,55
T003795,2025-01-03,P011,C040,3,2600,10.0,7020.0,1800,5400
T003796,2025-01-03,P009,C038,4,600,8.0,2208.0,420,1680
T003797,2025-01-04,P016,C014,4,2100,5.0,7980.0,1400,5600
T003798,2025-01-04,P005,C015,1,48,5.0,45.6,32,32
T003799,2025-01-04,P013,C035,6,2900,0.0,17400.0,2100,12600
T003800,2025-01-04,P019,C029,3,230,0.0,690.0,150,450
T003801,2025-01-04,P005,C026,11,48,0.0,528.0,32,352
T003802,2025-01-04,P002,C020,3,900,8.0,2484.0,650,1950
T003803,2025-01-04,P017,C016,1,420,8.0,386.4,340,340
T003804,2025-01-04,P002,C022,2,900,12.0,1584.0,650,1300
T003805,2025-01-04,P015,C013,4,520,0.0,2080.0,350,1400
T003806,2025-01-04,P020,C031,12,3100,10.0,33480.0,2200,26400
T003807,2025-01-05,P014,C034,9,260,8.0,2152.8,180,1620
T003808,2025-01-05,P012,C019,13,5200,0.0,67600.0,3800,49400
T003809,2025-01-05,P009,C024,1,600,12.0,528.0,420,420
T003810,2025-01-05,P012,C033,5,5200,0.0,26000.0,3800,19000
T003811,2025-01-05,P009,C024,1,600,10.0,540.0,420,420
T003812,2025-01-05,P014,C039,18,260,0.0,4680.0,180,3240
T003813,2025-01-06,P005,C007,4,48,12.0,168.96,32,128
T003814,2025-01-06,P016,C018,7,2100,8.0,13524.0,1400,9800
T003815,2025-01-06,P019,C030,7,230,12.0,1416.8,150,1050
T003816,2025-01-06,P013,C018,8,2900,10.0,20880.0,2100,16800
T003817,2025-01-06,P020,C024,11,3100,8.0,31372.0,2200,24200
T003818,2025-01-06,P009,C010,6,600,0.0,3600.0,420,2520
T003819,2025-01-06,P001,C035,6,3200,0.0,19200.0,2400,14400
T003820,2025-01-06,P014,C021,16,260,12.0,3660.8,180,2880
T003821,2025-01-06,P011,C005,11,2600,0.0,28600.0,1800,19800
T003822,2025-01-07,P005,C018,6,48,12.0,253.44,32,192
T003823,2025-01-07,P004,C013,7,340,0.0,2380.0,220,1540
T003824,2025-01-07,P008,C022,5,6200,0.0,31000.0,4200,21000
T003825,2025-01-07,P008,C025,2,6200,8.0,11408.0,4200,8400
T003826,2025-01-07,P008,C034,20,6200,8.0,114080.0,4200,84000
T003827,2025-01-07,P010,C023,11,380,8.0,3845.6,260,2860
T003828,2025-01-07,P001,C008,7,3200,0.0,22400.0,2400,16800
T003829,2025-01-07,P012,C007,3,5200,0.0,15600.0,3800,11400
T003830,2025-01-08,P009,C008,3,600,10.0,1620.0,420,1260
T003831,2025-01-08,P001,C019,6,3200,0.0,19200.0,2400,14400
T003832,2025-01-08,P008,C013,17,6200,0.0,105400.0,4200,71400
T003833,2025-01-08,P017,C024,8,420,5.0,3192.0,340,2720
T003834,2025-01-08,P007,C038,13,1850,12.0,21164.0,1200,15600
T003835,2025-01-08,P013,C015,10,2900,0.0,29000.0,2100,21000
T003836,2025-01-08,P020,C039,11,3100,8.0,31372.0,2200,24200
T003837,2025-01-08,P007,C010,2,1850,5.0,3515.0,1200,2400
T003838,2025-01-08,P009,C040,4,600,8.0,2208.0,420,1680
T003839,2025-01-08,P007,C034,1,1850,0.0,1850.0,1200,1200
T003840,2025-01-08,P012,C024,2,5200,10.0,9360.0,3800,7600
T003841,2025-01-09,P014,C038,7,260,12.0,1601.6,180,1260
T003842,2025-01-09,P004,C035,2,340,0.0,680.0,220,440
T003843,2025-01-09,P014,C033,2,260,8.0,478.4,180,360
T003844,2025-01-09,P006,C026,2,82,12.0,144.32,55,110
T003845,2025-01-09,P015,C020,13,520,10.0,6084.0,350,4550
T003846,2025-01-09,P018,C017,4,78,8.0,287.04,62,248
T003847,2025-01-09,P013,C022,3,2900,0.0,8700.0,2100,6300
T003848,2025-01-09,P001,C017,1,3200,5.0,3040.0,2400,2400
T003849,2025-01-09,P020,C020,5,3100,0.0,15500.0,2200,11000
T003850,2025-01-09,P004,C032,5,340,5.0,1615.0,220,1100
T003851,2025-01-10,P010,C030,4,380,12.0,1337.6,260,1040
T003852,2025-01-10,P005,C039,8,48,8.0,353.28,32,256
T003853,2025-01-10,P016,C034,1,2100,10.0,1890.0,1400,1400
T003854,2025-01-10,P019,C035,7,230,5.0,1529.5,150,1050
T003855,2025-01-10,P015,C034,5,520,0.0,2600.0,350,1750
T003856,2025-01-10,P015,C003,8,520,0.0,4160.0,350,2800
T003857,2025-01-10,P001,C011,1,3200,0.0,3200.0,2400,2400
T003858,2025-01-10,P014,C018,7,260,8.0,1674.4,180,1260
T003859,2025-01-10,P008,C037,11,6200,0.0,68200.0,4200,46200
T003860,2025-01-10,P004,C006,5,340,0.0,1700.0,220,1100
T003861,2025-01-10,P006,C011,4,82,12.0,288.64,55,220
T003862,2025-01-10,P015,C016,7,520,8.0,3348.8,350,2450
T003863,2025-01-10,P008,C030,5,6200,12.0,27280.0,4200,21000
T003864,2025-01-10,P008,C039,4,6200,12.0,21824.0,4200,16800
T003865,2025-01-11,P012,C022,5,5200,5.0,24700.0,3800,19000
T003866,2025-01-11,P006,C002,2,82,10.0,147.6,55,110
T003867,2025-01-11,P011,C016,13,2600,12.0,29744.0,1800,23400
T003868,2025-01-11,P001,C002,11,3200,0.0,35200.0,2400,26400
T003869,2025-01-11,P004,C002,4,340,12.0,1196.8,220,880
T003870,2025-01-11,P005,C018,8,48,10.0,345.6,32,256
T003871,2025-01-11,P007,C027,8,1850,10.0,13320.0,1200,9600
T003872,2025-01-11,P019,C004,14,230,0.0,3220.0,150,2100
T003873,2025-01-11,P007,C031,3,1850,10.0,4995.0,1200,3600
T003874,2025-01-11,P007,C029,4,1850,0.0,7400.0,1200,4800
T003875,2025-01-12,P005,C035,4,48,12.0,168.96,32,128
T003876,2025-01-12,P009,C016,10,600,0.0,6000.0,420,4200
T003877,2025-01-12,P012,C025,3,5200,8.0,14352.0,3800,11400
T003878,2025-01-12,P011,C006,1,2600,0.0,2600.0,1800,1800
T003879,2025-01-12,P013,C004,3,2900,5.0,8265.0,2100,6300
T003880,2025-01-12,P015,C034,6,520,0.0,3120.0,350,2100
T003881,2025-01-12,P017,C011,4,420,5.0,1596.0,340,1360
T003882,2025-01-12,P006,C036,6,82,12.0,432.96,55,330
T003883,2025-01-12,P014,C032,4,260,0.0,1040.0,180,720
T003884,2025-01-13,P006,C040,1,82,12.0,72.16,55,55
T003885,2025-01-13,P007,C038,11,1850,0.0,20350.0,1200,13200
T003886,2025-01-13,P005,C020,1,48,8.0,44.16,32,32
T003887,2025-01-13,P013,C015,3,2900,10.0,7830.0,2100,6300
T003888,2025-01-13,P002,C013,12,900,0.0,10800.0,650,7800
T003889,2025-01-13,P002,C032,6,900,8.0,4968.0,650,3900
T003890,2025-01-13,P017,C011,3,420,0.0,1260.0,340,1020
T003891,2025-01-13,P008,C023,3,6200,5.0,17670.0,4200,12600
T003892,2025-01-13,P012,C034,5,5200,0.0,26000.0,3800,19000
T003893,2025-01-13,P010,C010,3,380,10.0,1026.0,260,780
T003894,2025-01-14,P001,C037,4,3200,0.0,12800.0,2400,9600
T003895,2025-01-14,P009,C036,9,600,0.0,5400.0,420,3780
T003896,2025-01-14,P008,C034,1,6200,0.0,6200.0,4200,4200
T003897,2025-01-14,P007,C010,4,1850,5.0,7030.0,1200,4800
T003898,2025-01-14,P006,C013,2,82,8.0,150.88,55,110
T003899,2025-01-14,P014,C014,6,260,8.0,1435.2,180,1080
T003900,2025-01-14,P013,C007,4,2900,5.0,11020.0,2100,8400
T003901,2025-01-14,P002,C011,3,900,0.0,2700.0,650,1950
T003902,2025-01-14,P014,C038,9,260,0.0,2340.0,180,1620
T003903,2025-01-14,P007,C026,5,1850,0.0,9250.0,1200,6000
T003904,2025-01-14,P017,C034,6,420,10.0,2268.0,340,2040
T003905,2025-01-14,P017,C037,11,420,8.0,4250.4,340,3740
T003906,2025-01-15,P011,C028,10,2600,5.0,24700.0,1800,18000
T003907,2025-01-15,P020,C014,4,3100,5.0,11780.0,2200,8800
T003908,2025-01-15,P006,C031,12,82,5.0,934.8,55,660
T003909,2025-01-15,P014,C026,10,260,0.0,2600.0,180,1800
T003910,2025-01-15,P017,C029,5,420,8.0,1932.0,340,1700
T003911,2025-01-15,P017,C013,19,420,0.0,7980.0,340,6460
T003912,2025-01-15,P008,C040,6,6200,10.0,33480.0,4200,25200
T003913,2025-01-15,P020,C031,6,3100,0.0,18600.0,2200,13200
T003914,2025-01-15,P020,C010,4,3100,0.0,12400.0,2200,8800
T003915,2025-01-15,P004,C036,7,340,8.0,2189.6,220,1540
T003916,2025-01-15,P017,C034,9,420,0.0,3780.0,340,3060
T003917,2025-01-15,P006,C015,1,82,0.0,82.0,55,55
T003918,2025-01-15,P010,C020,1,380,0.0,380.0,260,260
T003919,2025-01-15,P016,C005,6,2100,8.0,11592.0,1400,8400
T003920,2025-01-16,P015,C032,4,520,5.0,1976.0,350,1400
T003921,2025-01-16,P007,C015,9,1850,5.0,15817.5,1200,10800
T003922,2025-01-16,P003,C003,1,1250,5.0,1187.5,900,900
T003923,2025-01-16,P010,C035,6,380,0.0,2280.0,260,1560
T003924,2025-01-16,P006,C021,4,82,5.0,311.6,55,220
T003925,2025-01-16,P008,C020,1,6200,5.0,5890.0,4200,4200
T003926,2025-01-16,P015,C024,5,520,8.0,2392.0,350,1750
T003927,2025-01-16,P019,C001,2,230,8.0,423.2,150,300
T003928,2025-01-16,P019,C012,7,230,0.0,1610.0,150,1050
T003929,2025-01-17,P017,C002,1,420,10.0,378.0,340,340
T003930,2025-01-17,P008,C012,22,6200,10.0,122760.0,4200,92400
T003931,2025-01-17,P011,C006,1,2600,12.0,2288.0,1800,1800
T003932,2025-01-17,P014,C034,5,260,8.0,1196.0,180,900
T003933,2025-01-17,P018,C029,7,78,0.0,546.0,62,434
T003934,2025-01-18,P017,C014,3,420,0.0,1260.0,340,1020
T003935,2025-01-18,P003,C018,3,1250,0.0,3750.0,900,2700
T003936,2025-01-18,P017,C012,2,420,0.0,840.0,340,680
T003937,2025-01-18,P001,C035,1,3200,12.0,2816.0,2400,2400
T003938,2025-01-18,P010,C001,1,380,5.0,361.0,260,260
T003939,2025-01-19,P011,C007,4,2600,0.0,10400.0,1800,7200
T003940,2025-01-19,P013,C016,5,2900,0.0,14500.0,2100,10500
T003941,2025-01-19,P014,C021,10,260,12.0,2288.0,180,1800
T003942,2025-01-19,P014,C036,10,260,0.0,2600.0,180,1800
T003943,2025-01-20,P011,C016,4,2600,0.0,10400.0,1800,7200
T003944,2025-01-20,P003,C028,10,1250,8.0,11500.0,900,9000
T003945,2025-01-20,P009,C005,11,600,8.0,6072.0,420,4620
T003946,2025-01-20,P002,C023,17,900,0.0,15300.0,650,11050
T003947,2025-01-20,P007,C002,10,1850,12.0,16280.0,1200,12000
T003948,2025-01-20,P018,C009,3,78,10.0,210.6,62,186
T003949,2025-01-20,P013,C021,4,2900,12.0,10208.0,2100,8400
T003950,2025-01-20,P007,C031,1,1850,0.0,1850.0,1200,1200
T003951,2025-01-20,P020,C014,9,3100,10.0,25110.0,2200,19800
T003952,2025-01-20,P003,C003,1,1250,8.0,1150.0,900,900
T003953,2025-01-20,P018,C033,3,78,8.0,215.28,62,186
T003954,2025-01-20,P009,C002,3,600,10.0,1620.0,420,1260
T003955,2025-01-20,P002,C016,4,900,12.0,3168.0,650,2600
T003956,2025-01-21,P002,C019,1,900,12.0,792.0,650,650
T003957,2025-01-21,P016,C027,3,2100,0.0,6300.0,1400,4200
T003958,2025-01-21,P004,C029,17,340,0.0,5780.0,220,3740
T003959,2025-01-21,P006,C003,6,82,0.0,492.0,55,330
T003960,2025-01-21,P004,C002,2,340,5.0,646.0,220,440
T003961,2025-01-21,P003,C015,14,1250,10.0,15750.0,900,12600
T003962,2025-01-21,P016,C011,30,2100,8.0,57960.0,1400,42000
T003963,2025-01-21,P017,C030,13,420,8.0,5023.2,340,4420
T003964,2025-01-22,P014,C012,10,260,5.0,2470.0,180,1800
T003965,2025-01-22,P009,C016,5,600,5.0,2850.0,420,2100
T003966,2025-01-22,P012,C037,18,5200,0.0,93600.0,3800,68400
T003967,2025-01-22,P008,C028,8,6200,0.0,49600.0,4200,33600
T003968,2025-01-22,P003,C006,4,1250,12.0,4400.0,900,3600
T003969,2025-01-22,P013,C027,13,2900,0.0,37700.0,2100,27300
T003970,2025-01-22,P002,C027,5,900,0.0,4500.0,650,3250
T003971,2025-01-22,P020,C039,8,3100,8.0,22816.0,2200,17600
T003972,2025-01-22,P011,C009,12,2600,8.0,28704.0,1800,21600
T003973,2025-01-22,P006,C027,6,82,0.0,492.0,55,330
T003974,2025-01-22,P019,C020,6,230,0.0,1380.0,150,900
T003975,2025-01-23,P018,C024,5,78,10.0,351.0,62,310
T003976,2025-01-23,P012,C016,7,5200,0.0,36400.0,3800,26600
T003977,2025-01-23,P001,C036,2,3200,12.0,5632.0,2400,4800
T003978,2025-01-23,P020,C033,10,3100,0.0,31000.0,2200,22000
T003979,2025-01-23,P003,C025,3,1250,0.0,3750.0,900,2700
T003980,2025-01-23,P005,C028,3,48,0.0,144.0,32,96
T003981,2025-01-23,P001,C036,6,3200,8.0,17664.0,2400,14400
T003982,2025-01-23,P011,C017,5,2600,5.0,12350.0,1800,9000
T003983,2025-01-23,P007,C011,1,1850,10.0,1665.0,1200,1200
T003984,2025-01-23,P001,C017,6,3200,0.0,19200.0,2400,14400
T003985,2025-01-23,P006,C009,3,82,0.0,246.0,55,165
T003986,2025-01-23,P002,C028,6,900,8.0,4968.0,650,3900
T003987,2025-01-24,P014,C026,4,260,10.0,936.0,180,720
T003988,2025-01-24,P016,C010,3,2100,0.0,6300.0,1400,4200
T003989,2025-01-24,P011,C006,1,2600,12.0,2288.0,1800,1800
T003990,2025-01-24,P008,C024,1,6200,0.0,6200.0,4200,4200
T003991,2025-01-24,P020,C005,4,3100,0.0,12400.0,2200,8800
T003992,2025-01-24,P010,C004,12,380,5.0,4332.0,260,3120
T003993,2025-01-25,P019,C023,23,230,0.0,5290.0,150,3450
T003994,2025-01-25,P011,C015,5,2600,0.0,13000.0,1800,9000
T003995,2025-01-25,P020,C006,3,3100,0.0,9300.0,2200,6600
T003996,2025-01-25,P002,C019,10,900,5.0,8550.0,650,6500
T003997,2025-01-25,P008,C013,5,6200,10.0,27900.0,4200,21000
T003998,2025-01-26,P001,C034,10,3200,12.0,28160.0,2400,24000
T003999,2025-01-26,P007,C038,2,1850,10.0,3330.0,1200,2400
T004000,2025-01-26,P015,C013,3,520,12.0,1372.8,350,1050
T004001,2025-01-26,P013,C014,5,2900,0.0,14500.0,2100,10500
T004002,2025-01-26,P003,C002,6,1250,0.0,7500.0,900,5400
T004003,2025-01-26,P007,C008,7,1850,10.0,11655.0,1200,8400
T004004,2025-01-27,P020,C007,13,3100,5.0,38285.0,2200,28600
T004005,2025-01-27,P014,C011,2,260,8.0,478.4,180,360
T004006,2025-01-27,P006,C029,5,82,0.0,410.0,55,275
T004007,2025-01-27,P006,C004,2,82,12.0,144.32,55,110
T004008,2025-01-27,P019,C004,5,230,0.0,1150.0,150,750
T004009,2025-01-27,P008,C039,7,6200,5.0,41230.0,4200,29400
T004010,2025-01-27,P008,C021,9,6200,5.0,53010.0,4200,37800
T004011,2025-01-27,P007,C012,1,1850,8.0,1702.0,1200,1200
T004012,2025-01-28,P017,C016,2,420,0.0,840.0,340,680
T004013,2025-01-28,P009,C021,1,600,0.0,600.0,420,420
T004014,2025-01-28,P017,C003,2,420,8.0,772.8,340,680
T004015,2025-01-28,P019,C037,2,230,10.0,414.0,150,300
T004016,2025-01-28,P005,C005,3,48,12.0,126.72,32,96
T004017,2025-01-28,P002,C026,4,900,12.0,3168.0,650,2600
T004018,2025-01-28,P013,C016,8,2900,0.0,23200.0,2100,16800
T004019,2025-01-28,P003,C040,4,1250,12.0,4400.0,900,3600
T004020,2025-01-29,P016,C002,1,2100,5.0,1995.0,1400,1400
T004021,2025-01-29,P008,C011,4,6200,8.0,22816.0,4200,16800
T004022,2025-01-29,P017,C012,13,420,0.0,5460.0,340,4420
T004023,2025-01-29,P019,C025,13,230,8.0,2750.8,150,1950
T004024,2025-01-29,P002,C016,2,900,0.0,1800.0,650,1300
T004025,2025-01-29,P009,C018,1,600,10.0,540.0,420,420
T004026,2025-01-29,P019,C006,1,230,12.0,202.4,150,150
T004027,2025-01-29,P004,C011,3,340,0.0,1020.0,220,660
T004028,2025-01-29,P001,C014,1,3200,0.0,3200.0,2400,2400
T004029,2025-01-30,P002,C033,2,900,10.0,1620.0,650,1300
T004030,2025-01-30,P006,C027,15,82,0.0,1230.0,55,825
T004031,2025-01-30,P016,C033,4,2100,5.0,7980.0,1400,5600
T004032,2025-01-30,P009,C038,14,600,0.0,8400.0,420,5880
T004033,2025-01-30,P020,C023,14,3100,12.0,38192.0,2200,30800
T004034,2025-01-30,P012,C026,3,5200,12.0,13728.0,3800,11400
T004035,2025-01-31,P004,C010,6,340,12.0,1795.2,220,1320
T004036,2025-01-31,P015,C039,18,520,0.0,9360.0,350,6300
T004037,2025-01-31,P016,C007,11,2100,12.0,20328.0,1400,15400
T004038,2025-01-31,P017,C027,1,420,10.0,378.0,340,340
T004039,2025-01-31,P013,C035,3,2900,0.0,8700.0,2100,6300
T004040,2025-01-31,P008,C040,10,6200,5.0,58900.0,4200,42000
T004041,2025-01-31,P020,C026,7,3100,0.0,21700.0,2200,15400
T004042,2025-01-31,P002,C025,6,900,8.0,4968.0,650,3900
T004043,2025-01-31,P007,C018,7,1850,0.0,12950.0,1200,8400
T004044,2025-01-31,P002,C011,8,900,5.0,6840.0,650,5200
T004045,2025-01-31,P008,C038,3,6200,12.0,16368.0,4200,12600
T004046,2025-01-31,P008,C001,6,6200,0.0,37200.0,4200,25200
T004047,2025-01-31,P014,C035,9,260,0.0,2340.0,180,1620
T004048,2025-02-01,P018,C035,12,78,8.0,861.12,62,744
T004049,2025-02-01,P003,C024,22,1250,0.0,27500.0,900,19800
T004050,2025-02-01,P018,C032,3,78,0.0,234.0,62,186
T004051,2025-02-01,P017,C015,4,420,10.0,1512.0,340,1360
T004052,2025-02-01,P016,C023,1,2100,8.0,1932.0,1400,1400
T004053,2025-02-01,P020,C008,8,3100,0.0,24800.0,2200,17600
T004054,2025-02-01,P009,C032,15,600,0.0,9000.0,420,6300
T004055,2025-02-01,P020,C001,2,3100,0.0,6200.0,2200,4400
T004056,2025-02-02,P001,C039,6,3200,0.0,19200.0,2400,14400
T004057,2025-02-02,P004,C011,3,340,8.0,938.4,220,660
T004058,2025-02-02,P016,C015,3,2100,8.0,5796.0,1400,4200
T004059,2025-02-02,P007,C020,5,1850,0.0,9250.0,1200,6000
T004060,2025-02-02,P006,C037,1,82,5.0,77.9,55,55
T004061,2025-02-02,P002,C029,1,900,0.0,900.0,650,650
T004062,2025-02-02,P005,C040,6,48,5.0,273.6,32,192
T004063,2025-02-02,P019,C014,1,230,12.0,202.4,150,150
T004064,2025-02-03,P006,C014,7,82,5.0,545.3,55,385
T004065,2025-02-03,P005,C007,9,48,10.0,388.8,32,288
T004066,2025-02-03,P013,C030,11,2900,8.0,29348.0,2100,23100
T004067,2025-02-03,P004,C012,4,340,,1251.2,220,880
T004068,2025-02-03,P017,C031,1,420,0.0,420.0,340,340
T004069,2025-02-03,P017,C037,11,420,8.0,4250.4,340,3740
T004070,2025-02-03,P018,C008,7,78,0.0,546.0,62,434
T004071,2025-02-03,P013,C008,1,2900,10.0,2610.0,2100,2100
T004072,2025-02-04,P020,C026,7,3100,0.0,21700.0,2200,15400
T004073,2025-02-04,P004,C032,12,340,12.0,3590.4,220,2640
T004074,2025-02-04,P006,C021,2,82,0.0,164.0,55,110
T004075,2025-02-04,P006,C009,1,82,0.0,82.0,55,55
T004076,2025-02-04,P002,C021,9,900,12.0,7128.0,650,5850
T004077,2025-02-04,P009,C029,9,600,8.0,4968.0,420,3780
T004078,2025-02-04,P004,C006,6,340,0.0,2040.0,220,1320
T004079,2025-02-04,P010,C040,6,380,0.0,2280.0,260,1560
T004080,2025-02-04,P016,C017,6,2100,5.0,11970.0,1400,8400
T004081,2025-02-04,P018,C016,3,78,0.0,234.0,62,186
T004082,2025-02-05,P017,C023,4,420,12.0,1478.4,340,1360
T004083,2025-02-05,P019,C034,1,230,10.0,207.0,150,150
T004084,2025-02-05,P011,C011,4,2600,10.0,9360.0,1800,7200
T004085,2025-02-05,P011,C017,5,2600,5.0,12350.0,1800,9000
T004086,2025-02-05,P006,C023,6,82,10.0,442.8,55,330
T004087,2025-02-05,P019,C026,4,230,10.0,828.0,150,600
T004088,2025-02-05,P006,C014,5,82,5.0,389.5,55,275
T004089,2025-02-05,P014,C008,5,260,0.0,1300.0,180,900
T004090,2025-02-05,P018,C021,5,78,5.0,370.5,62,310
T004091,2025-02-05,P003,C018,6,1250,0.0,7500.0,900,5400
T004092,2025-02-05,P002,C035,18,900,8.0,14904.0,650,11700
T004093,2025-02-05,P013,C029,9,2900,0.0,26100.0,2100,18900
T004094,2025-02-05,P012,C034,6,5200,0.0,31200.0,3800,22800
T004095,2025-02-05,P010,C018,4,380,8.0,1398.4,260,1040
T004096,2025-02-05,P018,C021,7,78,5.0,518.7,62,434
T004097,2025-02-06,P017,C012,7,420,10.0,2646.0,340,2380
T004098,2025-02-06,P016,C003,16,2100,5.0,31920.0,1400,22400
T004099,2025-02-06,P005,C004,2,48,8.0,88.32,32,64
T004100,2025-02-06,P014,C004,2,260,10.0,468.0,180,360
T004101,2025-02-06,P013,C021,4,2900,12.0,10208.0,2100,8400
T004102,2025-02-06,P018,C014,1,78,0.0,78.0,62,62
T004103,2025-02-06,P003,C033,1,1250,12.0,1100.0,900,900
T004104,2025-02-06,P019,C005,5,230,12.0,1012.0,150,750
T004105,2025-02-06,P002,C022,6,900,0.0,5400.0,650,3900
T004106,2025-02-06,P019,C034,7,230,0.0,1610.0,150,1050
T004107,2025-02-06,P016,C015,9,2100,0.0,18900.0,1400,12600
T004108,2025-02-06,P015,C002,6,520,12.0,2745.6,350,2100
T004109,2025-02-07,P012,C003,6,5200,12.0,27456.0,3800,22800
T004110,2025-02-07,P008,C003,12,6200,0.0,74400.0,4200,50400
T004111,2025-02-07,P009,C005,2,600,0.0,1200.0,420,840
T004112,2025-02-07,P011,C040,11,2600,5.0,27170.0,1800,19800
T004113,2025-02-07,P018,C005,3,78,5.0,222.3,62,186
T004114,2025-02-07,P008,C035,15,6200,12.0,81840.0,4200,63000
T004115,2025-02-07,P014,C010,1,260,0.0,260.0,180,180
T004116,2025-02-08,P010,C032,3,380,8.0,1048.8,260,780
T004117,2025-02-08,P001,C002,21,3200,12.0,59136.0,2400,50400
T004118,2025-02-08,P014,C025,6,260,0.0,1560.0,180,1080
T004119,2025-02-08,P020,C038,3,3100,0.0,9300.0,2200,6600
T004120,2025-02-08,P013,C003,3,2900,10.0,7830.0,2100,6300
T004121,2025-02-08,P010,C007,3,380,0.0,1140.0,260,780
T004122,2025-02-08,P015,C009,10,520,0.0,5200.0,350,3500
T004123,2025-02-08,P001,C009,1,3200,8.0,2944.0,2400,2400
T004124,2025-02-08,P009,C021,3,600,8.0,1656.0,420,1260
T004125,2025-02-08,P001,C010,11,3200,5.0,33440.0,2400,26400
T004126,2025-02-09,P013,C038,3,2900,10.0,7830.0,2100,6300
T004127,2025-02-09,P005,C018,9,48,8.0,397.44,32,288
T004128,2025-02-09,P004,C014,4,340,12.0,1196.8,220,880
T004129,2025-02-09,P013,C035,9,2900,0.0,26100.0,2100,18900
T004130,2025-02-09,P012,C015,5,5200,0.0,26000.0,3800,19000
T004131,2025-02-09,P010,C023,3,380,0.0,1140.0,260,780
T004132,2025-02-10,P003,C024,5,1250,0.0,6250.0,900,4500
T004133,2025-02-10,P011,C019,7,2600,10.0,16380.0,1800,12600
T004134,2025-02-10,P001,C020,5,3200,12.0,14080.0,2400,12000
T004135,2025-02-10,P020,C012,3,3100,5.0,8835.0,2200,6600
T004136,2025-02-10,P001,C038,18,3200,8.0,52992.0,2400,43200
T004137,2025-02-10,P009,C007,5,600,12.0,2640.0,420,2100
T004138,2025-02-10,P013,C010,9,2900,0.0,26100.0,2100,18900
T004139,2025-02-10,P002,C007,4,900,10.0,3240.0,650,2600
T004140,2025-02-10,P017,C017,3,420,8.0,1159.2,340,1020
T004141,2025-02-11,P006,C037,8,82,8.0,603.52,55,440
T004142,2025-02-11,P020,C020,11,3100,12.0,30008.0,2200,24200
T004143,2025-02-11,P014,C033,4,260,12.0,915.2,180,720
T004144,2025-02-11,P008,C014,3,6200,0.0,18600.0,4200,12600
T004145,2025-02-11,P006,C033,5,82,5.0,389.5,55,275
T004146,2025-02-11,P012,C008,2,5200,8.0,9568.0,3800,7600
T004147,2025-02-11,P004,C005,4,340,0.0,1360.0,220,880
T004148,2025-02-11,P016,C039,6,2100,8.0,11592.0,1400,8400
T004149,2025-02-12,P008,C007,14,6200,5.0,82460.0,4200,58800
T004150,2025-02-12,P018,C022,6,78,12.0,411.84,62,372
T004151,2025-02-12,P017,C020,4,420,5.0,1596.0,340,1360
T004152,2025-02-12,P012,C018,2,5200,0.0,10400.0,3800,7600
T004153,2025-02-12,P020,C005,3,3100,0.0,9300.0,2200,6600
T004154,2025-02-12,P002,C007,1,900,0.0,900.0,650,650
T004155,2025-02-12,P008,C021,5,6200,10.0,27900.0,4200,21000
T004156,2025-02-12,P007,C039,5,1850,0.0,9250.0,1200,6000
T004157,2025-02-12,P015,C005,9,520,12.0,4118.4,350,3150
T004158,2025-02-12,P016,C038,3,2100,5.0,5985.0,1400,4200
T004159,2025-02-12,P019,C036,5,230,10.0,1035.0,150,750
T004160,2025-02-12,P004,C008,7,340,0.0,2380.0,220,1540
T004161,2025-02-12,P001,C028,5,3200,,16000.0,2400,12000
T004162,2025-02-12,P018,C026,3,78,0.0,234.0,62,186
T004163,2025-02-13,P004,C035,11,340,10.0,3366.0,220,2420
T004164,2025-02-13,P010,C033,12,380,12.0,4012.8,260,3120
T004165,2025-02-13,P015,C035,3,520,12.0,1372.8,350,1050
T004166,2025-02-13,P016,C003,3,2100,0.0,6300.0,1400,4200
T004167,2025-02-13,P012,C035,2,5200,0.0,10400.0,3800,7600
T004168,2025-02-14,P018,C020,6,78,8.0,430.56,62,372
T004169,2025-02-14,P016,C008,15,2100,5.0,29925.0,1400,21000
T004170,2025-02-14,P015,C019,6,520,0.0,3120.0,350,2100
T004171,2025-02-14,P017,C040,1,420,5.0,399.0,340,340
T004172,2025-02-14,P008,C034,4,6200,5.0,23560.0,4200,16800
T004173,2025-02-14,P008,C026,7,6200,10.0,39060.0,4200,29400
T004174,2025-02-14,P003,C023,6,1250,8.0,6900.0,900,5400
T004175,2025-02-14,P003,C025,6,1250,12.0,6600.0,900,5400
T004176,2025-02-14,P020,C024,5,3100,12.0,13640.0,2200,11000
T004177,2025-02-14,P006,C015,11,82,12.0,793.76,55,605
T004178,2025-02-14,P015,C039,5,520,0.0,2600.0,350,1750
T004179,2025-02-14,P018,C031,7,78,5.0,518.7,62,434
T004180,2025-02-15,P008,C023,2,6200,0.0,12400.0,4200,8400
T004181,2025-02-15,P006,C024,4,82,8.0,301.76,55,220
T004182,2025-02-15,P003,C003,4,1250,0.0,5000.0,900,3600
T004183,2025-02-15,P008,C029,11,6200,5.0,64790.0,4200,46200
T004184,2025-02-15,P009,C018,4,600,0.0,2400.0,420,1680
T004185,2025-02-15,P013,C024,2,2900,12.0,5104.0,2100,4200
T004186,2025-02-15,P008,C007,7,6200,10.0,39060.0,4200,29400
T004187,2025-02-15,P009,C002,1,600,5.0,570.0,420,420
T004188,2025-02-15,P001,C032,7,3200,0.0,22400.0,2400,16800
T004189,2025-02-15,P002,C010,1,900,8.0,828.0,650,650
T004190,2025-02-15,P006,C040,1,82,5.0,77.9,55,55
T004191,2025-02-16,P018,C012,3,78,0.0,234.0,62,186
T004192,2025-02-16,P002,C019,4,900,5.0,3420.0,650,2600
T004193,2025-02-16,P010,C032,3,380,5.0,1083.0,260,780
T004194,2025-02-16,P006,C006,10,82,10.0,738.0,55,550
T004195,2025-02-16,P018,C034,5,78,8.0,358.8,62,310
T004196,2025-02-16,P003,C038,10,1250,12.0,11000.0,900,9000
T004197,2025-02-16,P006,C034,1,82,8.0,75.44,55,55
T004198,2025-02-16,P017,C012,1,420,0.0,420.0,340,340
T004199,2025-02-16,P002,C022,6,900,12.0,4752.0,650,3900
T004200,2025-02-16,P001,C005,1,3200,12.0,2816.0,2400,2400
T004201,2025-02-16,P004,C033,3,340,8.0,938.4,220,660
T004202,2025-02-17,P004,C015,3,340,12.0,897.6,220,660
T004203,2025-02-17,P011,C003,3,2600,0.0,7800.0,1800,5400
T004204,2025-02-17,P019,C037,1,230,0.0,230.0,150,150
T004205,2025-02-17,P012,C021,10,5200,10.0,46800.0,3800,38000
T004206,2025-02-17,P008,C011,3,6200,0.0,18600.0,4200,12600
T004207,2025-02-17,P016,C032,2,2100,0.0,4200.0,1400,2800
T004208,2025-02-17,P010,C023,3,380,10.0,1026.0,260,780
T004209,2025-02-17,P001,C038,6,3200,8.0,17664.0,2400,14400
T004210,2025-02-17,P005,C002,5,48,0.0,240.0,32,160
T004211,2025-02-18,P001,C007,8,3200,0.0,25600.0,2400,19200
T004212,2025-02-18,P006,C029,5,82,8.0,377.2,55,275
T004213,2025-02-18,P019,C015,1,230,0.0,230.0,150,150
T004214,2025-02-18,P002,C021,1,900,5.0,855.0,650,650
T004215,2025-02-18,P004,C017,4,340,0.0,1360.0,220,880
T004216,2025-02-18,P019,C010,21,230,0.0,4830.0,150,3150
T004217,2025-02-18,P006,C015,12,82,0.0,984.0,55,660
T004218,2025-02-18,P003,C033,3,1250,12.0,3300.0,900,2700
T004219,2025-02-18,P018,C036,8,78,0.0,624.0,62,496
T004220,2025-02-18,P005,C025,1,48,8.0,44.16,32,32
T004221,2025-02-18,P014,C031,5,260,0.0,1300.0,180,900
T004222,2025-02-18,P016,C035,8,2100,12.0,14784.0,1400,11200
T004223,2025-02-18,P016,C038,7,2100,5.0,13965.0,1400,9800
T004224,2025-02-18,P020,C034,2,3100,10.0,5580.0,2200,4400
T004225,2025-02-18,P010,C017,3,380,0.0,1140.0,260,780
T004226,2025-02-19,P009,C015,20,600,8.0,11040.0,420,8400
T004227,2025-02-19,P007,C007,3,1850,12.0,4884.0,1200,3600
T004228,2025-02-19,P003,C018,4,1250,0.0,5000.0,900,3600
T004229,2025-02-19,P009,C008,9,600,0.0,5400.0,420,3780
T004230,2025-02-19,P012,C011,16,5200,12.0,73216.0,3800,60800
T004231,2025-02-19,P006,C001,8,82,0.0,656.0,55,440
T004232,2025-02-19,P013,C016,6,2900,0.0,17400.0,2100,12600
T004233,2025-02-19,P019,C008,3,230,12.0,607.2,150,450
T004234,2025-02-19,P010,C025,3,380,12.0,1003.2,260,780
T004235,2025-02-19,P017,C007,4,420,5.0,1596.0,340,1360
T004236,2025-02-20,P011,C040,5,2600,5.0,12350.0,1800,9000
T004237,2025-02-20,P017,C017,9,420,8.0,3477.6,340,3060
T004238,2025-02-20,P009,C026,4,600,0.0,2400.0,420,1680
T004239,2025-02-20,P007,C040,6,1850,5.0,10545.0,1200,7200
T004240,2025-02-20,P012,C034,5,5200,12.0,22880.0,3800,19000
T004241,2025-02-20,P013,C021,1,2900,0.0,2900.0,2100,2100
T004242,2025-02-20,P019,C022,7,230,5.0,1529.5,150,1050
T004243,2025-02-20,P012,C005,4,5200,10.0,18720.0,3800,15200
T004244,2025-02-20,P020,C019,10,3100,10.0,27900.0,2200,22000
T004245,2025-02-20,P014,C021,2,260,12.0,457.6,180,360
T004246,2025-02-20,P016,C040,1,2100,12.0,1848.0,1400,1400
T004247,2025-02-20,P002,C022,8,900,12.0,6336.0,650,5200
T004248,2025-02-21,P011,C038,6,2600,0.0,15600.0,1800,10800
T004249,2025-02-21,P005,C024,4,48,0.0,192.0,32,128
T004250,2025-02-21,P013,C033,3,2900,0.0,8700.0,2100,6300
T004251,2025-02-21,P003,C023,9,1250,0.0,11250.0,900,8100
T004252,2025-02-21,P013,C013,13,2900,5.0,35815.0,2100,27300
T004253,2025-02-21,P014,C028,1,260,12.0,228.8,180,180
T004254,2025-02-21,P020,C005,2,3100,0.0,6200.0,2200,4400
T004255,2025-02-21,P011,C030,16,2600,10.0,37440.0,1800,28800
T004256,2025-02-21,P001,C036,5,3200,0.0,16000.0,2400,12000
T004257,2025-02-21,P004,C010,5,340,0.0,1700.0,220,1100
T004258,2025-02-21,P006,C015,6,82,12.0,432.96,55,330
T004259,2025-02-21,P002,C011,8,900,8.0,6624.0,650,5200
T004260,2025-02-21,P003,C007,6,1250,0.0,7500.0,900,5400
T004261,2025-02-21,P010,C025,2,380,12.0,668.8,260,520
T004262,2025-02-22,P017,C022,17,420,0.0,7140.0,340,5780
T004263,2025-02-22,P004,C038,14,340,0.0,4760.0,220,3080
T004264,2025-02-22,P019,C019,10,230,10.0,2070.0,150,1500
T004265,2025-02-22,P001,C013,3,3200,8.0,8832.0,2400,7200
T004266,2025-02-22,P006,C036,2,82,10.0,147.6,55,110
T004267,2025-02-22,P015,C007,4,520,10.0,1872.0,350,1400
T004268,2025-02-22,P012,C025,6,5200,0.0,31200.0,3800,22800
T004269,2025-02-22,P001,C038,10,3200,0.0,32000.0,2400,24000
T004270,2025-02-22,P002,C027,4,900,0.0,3600.0,650,2600
T004271,2025-02-22,P020,C019,3,3100,0.0,9300.0,2200,6600
T004272,2025-02-23,P015,C037,11,520,0.0,5720.0,350,3850
T004273,2025-02-23,P019,C039,7,230,12.0,1416.8,150,1050
T004274,2025-02-23,P011,C017,1,2600,0.0,2600.0,1800,1800
T004275,2025-02-23,P006,C038,7,82,0.0,574.0,55,385
T004276,2025-02-23,P001,C033,3,3200,10.0,8640.0,2400,7200
T004277,2025-02-23,P009,C015,7,600,5.0,3990.0,420,2940
T004278,2025-02-23,P004,C019,2,340,8.0,625.6,220,440
T004279,2025-02-23,P001,C017,1,3200,12.0,2816.0,2400,2400
T004280,2025-02-24,P018,C012,15,78,10.0,1053.0,62,930
T004281,2025-02-24,P006,C023,6,82,12.0,432.96,55,330
T004282,2025-02-24,P016,C012,9,2100,0.0,18900.0,1400,12600
T004283,2025-02-24,P016,C005,1,2100,12.0,1848.0,1400,1400
T004284,2025-02-25,P007,C029,10,1850,5.0,17575.0,1200,12000
T004285,2025-02-25,P009,C017,5,600,5.0,2850.0,420,2100
T004286,2025-02-25,P019,C016,10,230,5.0,2185.0,150,1500
T004287,2025-02-25,P014,C015,7,260,0.0,1820.0,180,1260
T004288,2025-02-25,P001,C029,6,3200,12.0,16896.0,2400,14400
T004289,2025-02-25,P012,C040,3,5200,0.0,15600.0,3800,11400
T004290,2025-02-25,P011,C038,5,2600,0.0,13000.0,1800,9000
T004291,2025-02-25,P002,C024,1,900,10.0,810.0,650,650
T004292,2025-02-25,P017,C010,1,420,5.0,399.0,340,340
T004293,2025-02-25,P011,C024,7,2600,0.0,18200.0,1800,12600
T004294,2025-02-26,P019,C033,12,230,5.0,2622.0,150,1800
T004295,2025-02-26,P011,C020,3,2600,10.0,7020.0,1800,5400
T004296,2025-02-26,P008,C011,7,6200,0.0,43400.0,4200,29400
T004297,2025-02-26,P005,C031,8,48,5.0,364.8,32,256
T004298,2025-02-26,P011,C004,1,2600,12.0,2288.0,1800,1800
T004299,2025-02-26,P009,C020,3,600,8.0,1656.0,420,1260
T004300,2025-02-26,P019,C038,4,230,0.0,920.0,150,600
T004301,2025-02-26,P013,C025,6,2900,0.0,17400.0,2100,12600
T004302,2025-02-26,P015,C008,13,520,10.0,6084.0,350,4550
T004303,2025-02-26,P002,C012,11,900,0.0,9900.0,650,7150
T004304,2025-02-27,P004,C013,2,340,0.0,680.0,220,440
T004305,2025-02-27,P010,C009,9,380,0.0,3420.0,260,2340
T004306,2025-02-27,P019,C006,1,230,0.0,230.0,150,150
T004307,2025-02-27,P009,C023,1,600,0.0,600.0,420,420
T004308,2025-02-27,P007,C009,4,1850,0.0,7400.0,1200,4800
T004309,2025-02-27,P015,C006,6,520,0.0,3120.0,350,2100
T004310,2025-02-27,P010,C005,9,380,0.0,3420.0,260,2340
T004311,2025-02-27,P015,C010,3,520,8.0,1435.2,350,1050
T004312,2025-02-27,P010,C011,6,380,12.0,2006.4,260,1560
T004313,2025-02-27,P002,C021,7,900,0.0,6300.0,650,4550
T004314,2025-02-27,P016,C039,2,2100,0.0,4200.0,1400,2800
T004315,2025-02-28,P019,C008,2,230,12.0,404.8,150,300
T004316,2025-02-28,P012,C020,18,5200,0.0,93600.0,3800,68400
T004317,2025-02-28,P013,C024,16,2900,8.0,42688.0,2100,33600
T004318,2025-02-28,P008,C037,3,6200,8.0,17112.0,4200,12600
T004319,2025-02-28,P014,C026,5,260,0.0,1300.0,180,900
T004320,2025-02-28,P014,C008,1,260,10.0,234.0,180,180
T004321,2025-02-28,P015,C004,3,520,0.0,1560.0,350,1050
T004322,2025-02-28,P015,C007,4,520,0.0,2080.0,350,1400
T004323,2025-02-28,P014,C024,4,260,0.0,1040.0,180,720
T004324,2025-02-28,P009,C004,9,600,5.0,5130.0,420,3780
T004325,2025-02-28,P007,C018,1,1850,0.0,1850.0,1200,1200
T004326,2025-03-01,P017,C020,9,420,5.0,3591.0,340,3060
T004327,2025-03-01,P013,C032,-1,2900,0.0,23200.0,2100,16800
T004328,2025-03-01,P009,C035,6,600,0.0,3600.0,420,2520
T004329,2025-03-01,P009,C019,5,600,12.0,2640.0,420,2100
T004330,2025-03-01,P015,C005,3,520,0.0,1560.0,350,1050
T004331,2025-03-01,P012,C020,5,5200,0.0,26000.0,3800,19000
T004332,2025-03-01,P014,C011,2,260,10.0,468.0,180,360
T004333,2025-03-01,P012,C019,1,5200,10.0,4680.0,3800,3800
T004334,2025-03-01,P020,C005,10,3100,10.0,27900.0,2200,22000
T004335,2025-03-01,P014,C023,12,260,0.0,3120.0,180,2160
T004336,2025-03-02,P002,C023,1,900,8.0,828.0,650,650
T004337,2025-03-02,P010,C007,3,380,0.0,1140.0,260,780
T004338,2025-03-02,P013,C028,8,2900,0.0,23200.0,2100,16800
T004339,2025-03-02,P002,C035,4,900,0.0,3600.0,650,2600
T004340,2025-03-02,P009,C002,7,600,0.0,4200.0,420,2940
T004341,2025-03-02,P004,C033,3,340,0.0,1020.0,220,660
T004342,2025-03-02,P009,C015,1,600,10.0,540.0,420,420
T004343,2025-03-02,P008,C040,5,6200,0.0,31000.0,4200,21000
T004344,2025-03-02,P006,C012,12,82,0.0,984.0,55,660
T004345,2025-03-02,P018,C018,10,78,8.0,717.6,62,620
T004346,2025-03-02,P007,C008,7,1850,10.0,11655.0,1200,8400
T004347,2025-03-02,P006,C026,6,82,8.0,452.64,55,330
T004348,2025-03-02,P009,C033,4,600,12.0,2112.0,420,1680
T004349,2025-03-02,P008,C022,5,6200,0.0,31000.0,4200,21000
T004350,2025-03-02,P020,C009,9,3100,0.0,27900.0,2200,19800
T004351,2025-03-02,P002,C017,20,900,10.0,16200.0,650,13000
T004352,2025-03-03,P005,C040,13,48,8.0,574.08,32,416
T004353,2025-03-03,P006,C037,16,82,0.0,1312.0,55,880
T004354,2025-03-03,P015,C007,5,520,8.0,2392.0,350,1750
T004355,2025-03-03,P009,C033,8,600,0.0,4800.0,420,3360
T004356,2025-03-03,P004,C023,1,340,0.0,340.0,220,220
T004357,2025-03-03,P001,C002,4,3200,0.0,12800.0,2400,9600
T004358,2025-03-03,P001,C026,2,3200,10.0,5760.0,2400,4800
T004359,2025-03-03,P011,C035,4,2600,10.0,9360.0,1800,7200
T004360,2025-03-03,P012,C001,5,5200,8.0,23920.0,3800,19000
T004361,2025-03-03,P005,C013,5,48,0.0,240.0,32,160
T004362,2025-03-03,P014,C018,7,260,8.0,1674.4,180,1260
T004363,2025-03-03,P018,C006,15,78,0.0,1170.0,62,930
T004364,2025-03-04,P010,C007,15,380,0.0,5700.0,260,3900
T004365,2025-03-04,P009,C026,2,600,8.0,1104.0,420,840
T004366,2025-03-04,P020,C009,2,3100,0.0,6200.0,2200,4400
T004367,2025-03-04,P010,C008,1,380,0.0,380.0,260,260
T004368,2025-03-04,P019,C019,1,230,0.0,230.0,150,150
T004369,2025-03-04,P005,C028,8,48,0.0,384.0,32,256
T004370,2025-03-04,P004,C025,22,340,8.0,6881.6,220,4840
T004371,2025-03-04,P016,C007,8,2100,8.0,15456.0,1400,11200
T004372,2025-03-04,P017,C030,8,420,8.0,3091.2,340,2720
T004373,2025-03-04,P004,C020,9,340,0.0,3060.0,220,1980
T004374,2025-03-04,P008,C004,6,6200,8.0,34224.0,4200,25200
T004375,2025-03-05,P020,C038,1,3100,0.0,3100.0,2200,2200
T004376,2025-03-05,P008,C011,1,6200,5.0,5890.0,4200,4200
T004377,2025-03-05,P011,C015,1,2600,0.0,2600.0,1800,1800
T004378,2025-03-05,P013,C020,5,2900,0.0,14500.0,2100,10500
T004379,2025-03-05,P005,C004,2,48,10.0,86.4,32,64
T004380,2025-03-05,P020,C032,3,3100,0.0,9300.0,2200,6600
T004381,2025-03-05,P018,C039,1,78,0.0,78.0,62,62
T004382,2025-03-05,P005,C004,4,48,12.0,168.96,32,128
T004383,2025-03-05,P015,C026,8,520,0.0,4160.0,350,2800
T004384,2025-03-05,P009,C005,1,600,12.0,528.0,420,420
T004385,2025-03-06,P020,C010,3,3100,0.0,9300.0,2200,6600
T004386,2025-03-06,P013,C030,1,2900,8.0,2668.0,2100,2100
T004387,2025-03-06,P010,C013,2,380,0.0,760.0,260,520
T004388,2025-03-06,P020,C017,3,3100,12.0,8184.0,2200,6600
T004389,2025-03-06,P008,C036,13,6200,0.0,80600.0,4200,54600
T004390,2025-03-06,P016,C016,3,2100,0.0,6300.0,1400,4200
T004391,2025-03-06,P015,C029,2,520,0.0,1040.0,350,700
T004392,2025-03-07,P015,C004,1,520,0.0,520.0,350,350
T004393,2025-03-07,P007,C035,3,1850,0.0,5550.0,1200,3600
T004394,2025-03-07,P007,C022,8,1850,5.0,14060.0,1200,9600
T004395,2025-03-07,P001,C002,3,3200,10.0,8640.0,2400,7200
T004396,2025-03-07,P004,C015,6,340,5.0,1938.0,220,1320
T004397,2025-03-07,P020,C006,11,3100,0.0,34100.0,2200,24200
T004398,2025-03-07,P008,C026,5,6200,0.0,31000.0,4200,21000
T004399,2025-03-07,P016,C004,7,2100,,13230.0,1400,9800
T004400,2025-03-07,P002,C015,5,900,8.0,4140.0,650,3250
T004401,2025-03-07,P005,C039,9,48,0.0,432.0,32,288
T004402,2025-03-07,P011,C035,7,2600,10.0,16380.0,1800,12600
T004403,2025-03-07,P014,C023,1,260,12.0,228.8,180,180
T004404,2025-03-07,P014,C032,3,260,5.0,741.0,180,540
T004405,2025-03-07,P018,C018,5,78,10.0,351.0,62,310
T004406,2025-03-07,P004,C014,12,340,0.0,4080.0,220,2640
T004407,2025-03-07,P015,C032,9,520,5.0,4446.0,350,3150
T004408,2025-03-07,P014,C012,2,260,5.0,494.0,180,360
T004409,2025-03-07,P003,C028,3,1250,0.0,3750.0,900,2700
T004410,2025-03-07,P019,C021,1,230,0.0,230.0,150,150
T004411,2025-03-07,P012,C001,3,5200,0.0,15600.0,3800,11400
T004412,2025-03-08,P017,C011,1,420,0.0,420.0,340,340
T004413,2025-03-08,P007,C002,2,1850,12.0,3256.0,1200,2400
T004414,2025-03-08,P004,C036,8,340,5.0,2584.0,220,1760
T004415,2025-03-08,P016,C022,17,2100,12.0,31416.0,1400,23800
T004416,2025-03-08,P007,C010,2,1850,0.0,3700.0,1200,2400
T004417,2025-03-08,P020,C015,4,3100,0.0,12400.0,2200,8800
T004418,2025-03-08,P014,C018,8,260,0.0,2080.0,180,1440
T004419,2025-03-08,P001,C021,7,3200,8.0,20608.0,2400,16800
T004420,2025-03-08,P009,C034,9,600,12.0,4752.0,420,3780
T004421,2025-03-08,P007,C015,5,1850,0.0,9250.0,1200,6000
T004422,2025-03-08,P002,C011,6,900,12.0,4752.0,650,3900
T004423,2025-03-08,P003,C019,1,1250,5.0,1187.5,900,900
T004424,2025-03-08,P002,C021,7,900,0.0,6300.0,650,4550
T004425,2025-03-08,P017,C034,6,420,10.0,2268.0,340,2040
T004426,2025-03-09,P001,C039,6,3200,10.0,17280.0,2400,14400
T004427,2025-03-09,P017,C009,2,420,0.0,840.0,340,680
T004428,2025-03-09,P020,C021,2,3100,8.0,5704.0,2200,4400
T004429,2025-03-09,P016,C010,16,2100,12.0,29568.0,1400,22400
T004430,2025-03-09,P014,C001,10,260,5.0,2470.0,180,1800
T004431,2025-03-09,P014,C022,3,260,8.0,717.6,180,540
T004432,2025-03-09,P001,C010,6,3200,10.0,17280.0,2400,14400
T004433,2025-03-09,P009,C038,1,600,0.0,600.0,420,420
T004434,2025-03-09,P014,C008,7,260,5.0,1729.0,180,1260
T004435,2025-03-09,P019,C007,1,230,0.0,230.0,150,150
T004436,2025-03-09,P001,C013,6,3200,12.0,16896.0,2400,14400
T004437,2025-03-09,P014,C022,3,260,0.0,780.0,180,540
T004438,2025-03-09,P018,C024,8,78,8.0,574.08,62,496
T004439,2025-03-09,P011,C026,1,2600,5.0,2470.0,1800,1800
T004440,2025-03-09,P005,C031,4,48,8.0,176.64,32,128
T004441,2025-03-10,P005,C039,9,48,10.0,388.8,32,288
T004442,2025-03-10,P011,C021,1,2600,0.0,2600.0,1800,1800
T004443,2025-03-10,P008,C026,7,6200,0.0,43400.0,4200,29400
T004444,2025-03-10,P008,C001,18,6200,5.0,106020.0,4200,75600
T004445,2025-03-10,P001,C017,8,3200,5.0,24320.0,2400,19200
T004446,2025-03-10,P012,C029,2,5200,0.0,10400.0,3800,7600
T004447,2025-03-10,P006,C036,8,82,0.0,656.0,55,440
T004448,2025-03-10,P020,C017,3,3100,12.0,8184.0,2200,6600
T004449,2025-03-10,P006,C031,8,82,0.0,656.0,55,440
T004450,2025-03-11,P013,C011,4,2900,10.0,10440.0,2100,8400
T004451,2025-03-11,P002,C036,9,900,0.0,8100.0,650,5850
T004452,2025-03-11,P014,C036,2,260,0.0,520.0,180,360
T004453,2025-03-11,P005,C033,5,48,0.0,240.0,32,160
T004454,2025-03-11,P020,C014,5,3100,8.0,14260.0,2200,11000
T004455,2025-03-11,P019,C040,1,230,8.0,211.6,150,150
T004456,2025-03-11,P018,C037,8,78,0.0,624.0,62,496
T004457,2025-03-11,P006,C031,4,82,0.0,328.0,55,220
T004458,2025-03-11,P013,C011,2,2900,8.0,5336.0,2100,4200
T004459,2025-03-11,P002,C006,9,900,0.0,8100.0,650,5850
T004460,2025-03-11,P016,C016,1,2100,0.0,2100.0,1400,1400
T004461,2025-03-12,P017,C039,5,420,12.0,1848.0,340,1700
T004462,2025-03-12,P018,C019,6,78,0.0,468.0,62,372
T004463,2025-03-12,P016,C028,4,2100,10.0,7560.0,1400,5600
T004464,2025-03-12,P004,C001,2,340,8.0,625.6,220,440
T004465,2025-03-12,P009,C012,2,600,5.0,1140.0,420,840
T004466,2025-03-12,P005,C015,5,48,0.0,240.0,32,160
T004467,2025-03-12,P007,C015,3,1850,10.0,4995.0,1200,3600
T004468,2025-03-12,P005,C013,9,48,5.0,410.4,32,288
T004469,2025-03-12,P016,C011,14,2100,0.0,29400.0,1400,19600
T004470,2025-03-13,P018,C027,7,78,12.0,480.48,62,434
T004471,2025-03-13,P008,C011,3,6200,0.0,18600.0,4200,12600
T004472,2025-03-13,P002,C022,8,900,5.0,6840.0,650,5200
T004473,2025-03-13,P007,C014,5,1850,5.0,8787.5,1200,6000
T004474,2025-03-13,P007,C020,7,1850,8.0,11914.0,1200,8400
T004475,2025-03-13,P009,C037,13,600,0.0,7800.0,420,5460
T004476,2025-03-13,P020,C029,5,3100,8.0,14260.0,2200,11000
T004477,2025-03-13,P013,C017,-1,2900,8.0,10672.0,2100,8400
T004478,2025-03-13,P013,C001,1,2900,12.0,2552.0,2100,2100
T004479,2025-03-13,P009,C004,8,600,5.0,4560.0,420,3360
T004480,2025-03-14,P004,C035,19,340,5.0,6137.0,220,4180
T004481,2025-03-14,P013,C022,14,2900,0.0,40600.0,2100,29400
T004482,2025-03-14,P016,C011,4,2100,8.0,7728.0,1400,5600
T004483,2025-03-14,P020,C038,8,3100,0.0,24800.0,2200,17600
T004484,2025-03-14,P005,C006,6,48,10.0,259.2,32,192
T004485,2025-03-14,P001,C040,8,3200,10.0,23040.0,2400,19200
T004486,2025-03-14,P001,C012,10,3200,0.0,32000.0,2400,24000
T004487,2025-03-14,P004,C029,3,340,5.0,969.0,220,660
T004488,2025-03-14,P005,C018,3,48,5.0,136.8,32,96
T004489,2025-03-14,P012,C029,7,5200,10.0,32760.0,3800,26600
T004490,2025-03-14,P005,C023,4,48,0.0,192.0,32,128
T004491,2025-03-14,P014,C034,4,260,8.0,956.8,180,720
T004492,2025-03-14,P001,C002,10,3200,0.0,32000.0,2400,24000
T004493,2025-03-14,P007,C020,8,1850,12.0,13024.0,1200,9600
T004494,2025-03-14,P004,C011,8,340,0.0,2720.0,220,1760
T004495,2025-03-15,P001,C004,2,3200,10.0,5760.0,2400,4800
T004496,2025-03-15,P002,C025,8,900,0.0,7200.0,650,5200
T004497,2025-03-15,P014,C040,12,260,5.0,2964.0,180,2160
T004498,2025-03-15,P018,C009,12,78,10.0,842.4,62,744
T004499,2025-03-15,P002,C023,1,900,0.0,900.0,650,650
T004500,2025-03-15,P014,C007,12,260,5.0,2964.0,180,2160
T004501,2025-03-15,P007,C007,1,1850,0.0,1850.0,1200,1200
T004502,2025-03-15,P019,C019,1,230,5.0,218.5,150,150
T004503,2025-03-15,P002,C022,4,900,5.0,3420.0,650,2600
T004504,2025-03-15,P016,C004,3,2100,8.0,5796.0,1400,4200
T004505,2025-03-15,P001,C009,6,3200,0.0,19200.0,2400,14400
T004506,2025-03-15,P013,C029,18,2900,0.0,52200.0,2100,37800
T004507,2025-03-15,P020,C030,2,3100,0.0,6200.0,2200,4400
T004508,2025-03-15,P020,C017,2,3100,0.0,6200.0,2200,4400
T004509,2025-03-16,P007,C030,4,1850,0.0,7400.0,1200,4800
T004510,2025-03-16,P015,C038,5,520,0.0,2600.0,350,1750
T004511,2025-03-16,P002,C019,6,900,10.0,4860.0,650,3900
T004512,2025-03-16,P001,C021,14,3200,5.0,42560.0,2400,33600
T004513,2025-03-16,P006,C016,11,82,10.0,811.8,55,605
T004514,2025-03-16,P017,C026,7,420,8.0,2704.8,340,2380
T004515,2025-03-16,P001,C014,8,3200,0.0,25600.0,2400,19200
T004516,2025-03-16,P013,C013,9,2900,10.0,23490.0,2100,18900
T004517,2025-03-16,P020,C002,9,3100,8.0,25668.0,2200,19800
T004518,2025-03-16,P014,C025,3,260,12.0,686.4,180,540
T004519,2025-03-16,P020,C005,1,3100,0.0,3100.0,2200,2200
T004520,2025-03-16,P002,C039,6,900,10.0,4860.0,650,3900
T004521,2025-03-17,P006,C028,2,82,8.0,150.88,55,110
T004522,2025-03-17,P010,C031,7,380,10.0,2394.0,260,1820
T004523,2025-03-17,P020,C024,4,3100,0.0,12400.0,2200,8800
T004524,2025-03-17,P007,C024,5,1850,0.0,9250.0,1200,6000
T004525,2025-03-17,P020,C036,10,3100,0.0,31000.0,2200,22000
T004526,2025-03-17,P010,C030,4,380,12.0,1337.6,260,1040
T004527,2025-03-17,P010,C004,4,380,0.0,1520.0,260,1040
T004528,2025-03-17,P010,C032,5,380,5.0,1805.0,260,1300
T004529,2025-03-17,P020,C026,10,3100,12.0,27280.0,2200,22000
T004530,2025-03-17,P020,C038,17,3100,10.0,47430.0,2200,37400
T004531,2025-03-17,P019,C022,8,230,10.0,1656.0,150,1200
T004532,2025-03-17,P015,C010,4,520,10.0,1872.0,350,1400
T004533,2025-03-17,P008,C006,17,6200,0.0,105400.0,4200,71400
T004534,2025-03-17,P019,C006,1,230,12.0,202.4,150,150
T004535,2025-03-17,P008,C024,6,6200,0.0,37200.0,4200,25200
T004536,2025-03-17,P014,C014,7,260,0.0,1820.0,180,1260
T004537,2025-03-18,P005,C010,2,48,8.0,88.32,32,64
T004538,2025-03-18,P020,C001,13,3100,0.0,40300.0,2200,28600
T004539,2025-03-18,P020,C004,5,3100,0.0,15500.0,2200,11000
T004540,2025-03-18,P014,C028,2,260,8.0,478.4,180,360
T004541,2025-03-18,P012,C027,19,5200,0.0,98800.0,3800,72200
T004542,2025-03-18,P005,C002,11,48,10.0,475.2,32,352
T004543,2025-03-18,P016,C028,3,2100,0.0,6300.0,1400,4200
T004544,2025-03-18,P014,C006,5,260,5.0,1235.0,180,900
T004545,2025-03-18,P010,C026,9,380,5.0,3249.0,260,2340
T004546,2025-03-18,P008,C031,8,6200,5.0,47120.0,4200,33600
T004547,2025-03-18,P003,C017,2,1250,8.0,2300.0,900,1800
T004548,2025-03-18,P004,C009,2,340,0.0,680.0,220,440
T004549,2025-03-18,P012,C003,3,5200,5.0,14820.0,3800,11400
T004550,2025-03-18,P012,C026,17,5200,0.0,88400.0,3800,64600
T004551,2025-03-18,P007,C028,4,1850,8.0,6808.0,1200,4800
T004552,2025-03-19,P002,C016,15,900,5.0,12825.0,650,9750
T004553,2025-03-19,P020,C018,1,3100,5.0,2945.0,2200,2200
T004554,2025-03-19,P008,C011,6,6200,5.0,35340.0,4200,25200
T004555,2025-03-19,P002,C011,19,900,0.0,17100.0,650,12350
T004556,2025-03-19,P013,C021,4,2900,0.0,11600.0,2100,8400
T004557,2025-03-19,P019,C024,5,230,5.0,1092.5,150,750
T004558,2025-03-19,P020,C019,8,3100,12.0,21824.0,2200,17600
T004559,2025-03-19,P008,C029,12,6200,8.0,68448.0,4200,50400
T004560,2025-03-19,P015,C006,10,520,8.0,4784.0,350,3500
T004561,2025-03-19,P014,C024,3,260,0.0,780.0,180,540
T004562,2025-03-19,P014,C026,4,260,0.0,1040.0,180,720
T004563,2025-03-19,P004,C011,1,340,10.0,306.0,220,220
T004564,2025-03-19,P011,C013,11,2600,8.0,26312.0,1800,19800
T004565,2025-03-19,P014,C002,7,260,0.0,1820.0,180,1260
T004566,2025-03-20,P009,C003,2,600,0.0,1200.0,420,840
T004567,2025-03-20,P015,C040,3,520,5.0,1482.0,350,1050
T004568,2025-03-20,P008,C006,6,6200,8.0,34224.0,4200,25200
T004569,2025-03-20,P004,C025,4,340,5.0,1292.0,220,880
T004570,2025-03-20,P008,C023,8,6200,0.0,49600.0,4200,33600
T004571,2025-03-20,P002,C034,6,900,5.0,5130.0,650,3900
T004572,2025-03-20,P007,C006,4,1850,12.0,6512.0,1200,4800
T004573,2025-03-20,P005,C002,2,48,8.0,88.32,32,64
T004574,2025-03-20,P009,C029,14,600,12.0,7392.0,420,5880
T004575,2025-03-20,P016,C036,27,2100,5.0,53865.0,1400,37800
T004576,2025-03-20,P014,C009,4,260,12.0,915.2,180,720
T004577,2025-03-20,P011,C004,4,2600,5.0,9880.0,1800,7200
T004578,2025-03-20,P014,C010,4,260,5.0,988.0,180,720
T004579,2025-03-20,P019,C020,7,230,12.0,1416.8,150,1050
T004580,2025-03-20,P009,C001,1,600,0.0,600.0,420,420
T004581,2025-03-20,P020,C027,-1,3100,8.0,11408.0,2200,8800
T004582,2025-03-21,P015,C013,1,520,0.0,520.0,350,350
T004583,2025-03-21,P010,C028,2,380,0.0,760.0,260,520
T004584,2025-03-21,P002,C013,7,900,10.0,5670.0,650,4550
T004585,2025-03-21,P020,C040,3,3100,0.0,9300.0,2200,6600
T004586,2025-03-21,P012,C035,1,5200,10.0,4680.0,3800,3800
T004587,2025-03-21,P019,C020,9,230,0.0,2070.0,150,1350
T004588,2025-03-21,P016,C013,5,2100,5.0,9975.0,1400,7000
T004589,2025-03-21,P010,C008,1,380,10.0,342.0,260,260
T004590,2025-03-21,P003,C032,1,1250,10.0,1125.0,900,900
T004591,2025-03-21,P017,C039,6,420,0.0,2520.0,340,2040
T004592,2025-03-21,P007,C013,5,1850,10.0,8325.0,1200,6000
T004593,2025-03-21,P007,C018,18,1850,5.0,31635.0,1200,21600
T004594,2025-03-22,P004,C017,13,340,8.0,4066.4,220,2860
T004595,2025-03-22,P006,C037,4,82,12.0,288.64,55,220
T004596,2025-03-22,P001,C008,2,3200,0.0,6400.0,2400,4800
T004597,2025-03-22,P017,C005,9,420,0.0,3780.0,340,3060
T004598,2025-03-22,P016,C029,2,2100,0.0,4200.0,1400,2800
T004599,2025-03-22,P011,C005,4,2600,5.0,9880.0,1800,7200
T004600,2025-03-22,P001,C006,8,3200,8.0,23552.0,2400,19200
T004601,2025-03-22,P003,C006,1,1250,0.0,1250.0,900,900
T004602,2025-03-22,P013,C016,8,2900,12.0,20416.0,2100,16800
T004603,2025-03-22,P018,C014,13,78,0.0,1014.0,62,806
T004604,2025-03-22,P010,C035,9,380,5.0,3249.0,260,2340
T004605,2025-03-22,P001,C014,12,3200,0.0,38400.0,2400,28800
T004606,2025-03-22,P004,C026,7,340,5.0,2261.0,220,1540
T004607,2025-03-22,P015,C038,1,520,10.0,468.0,350,350
T004608,2025-03-22,P015,C019,2,520,8.0,956.8,350,700
T004609,2025-03-22,P008,C019,8,6200,12.0,43648.0,4200,33600
T004610,2025-03-22,P005,C025,2,48,0.0,96.0,32,64
T004611,2025-03-23,P001,C038,1,3200,8.0,2944.0,2400,2400
T004612,2025-03-23,P003,C035,6,1250,,6600.0,900,5400
T004613,2025-03-23,P018,C008,11,78,0.0,858.0,62,682
T004614,2025-03-23,P008,C012,8,6200,0.0,49600.0,4200,33600
T004615,2025-03-23,P018,C031,5,78,8.0,358.8,62,310
T004616,2025-03-23,P020,C016,9,3100,12.0,24552.0,2200,19800
T004617,2025-03-23,P004,C004,5,340,10.0,1530.0,220,1100
T004618,2025-03-23,P010,C024,2,380,10.0,684.0,260,520
T004619,2025-03-23,P005,C040,4,48,0.0,192.0,32,128
T004620,2025-03-23,P011,C018,13,2600,5.0,32110.0,1800,23400
T004621,2025-03-23,P013,C016,3,2900,0.0,8700.0,2100,6300
T004622,2025-03-24,P008,C026,11,6200,8.0,62744.0,4200,46200
T004623,2025-03-24,P010,C038,4,380,,1444.0,260,1040
T004624,2025-03-24,P014,C033,10,260,5.0,2470.0,180,1800
T004625,2025-03-24,P007,C018,2,1850,0.0,3700.0,1200,2400
T004626,2025-03-24,P002,C010,4,900,0.0,3600.0,650,2600
T004627,2025-03-24,P013,C025,6,2900,8.0,16008.0,2100,12600
T004628,2025-03-24,P015,C007,1,520,0.0,520.0,350,350
T004629,2025-03-24,P006,C028,2,82,10.0,147.6,55,110
T004630,2025-03-24,P012,C040,20,5200,10.0,93600.0,3800,76000
T004631,2025-03-24,P009,C033,5,600,10.0,2700.0,420,2100
T004632,2025-03-24,P015,C027,3,520,0.0,1560.0,350,1050
T004633,2025-03-24,P006,C014,3,82,8.0,226.32,55,165
T004634,2025-03-24,P002,C025,9,900,0.0,8100.0,650,5850
T004635,2025-03-24,P005,C006,18,48,5.0,820.8,32,576
T004636,2025-03-24,P012,C008,1,5200,5.0,4940.0,3800,3800
T004637,2025-03-25,P010,C009,4,380,0.0,1520.0,260,1040
T004638,2025-03-25,P020,C005,6,3100,5.0,17670.0,2200,13200
T004639,2025-03-25,P004,C040,4,340,8.0,1251.2,220,880
T004640,2025-03-25,P006,C026,3,82,0.0,246.0,55,165
T004641,2025-03-25,P013,C028,12,2900,8.0,32016.0,2100,25200
T004642,2025-03-25,P007,C036,12,1850,0.0,22200.0,1200,14400
T004643,2025-03-25,P007,C010,-1,1850,0.0,1850.0,1200,1200
T004644,2025-03-25,P006,C039,4,82,0.0,328.0,55,220
T004645,2025-03-25,P001,C034,18,3200,12.0,50688.0,2400,43200
T004646,2025-03-25,P020,C002,9,3100,12.0,24552.0,2200,19800
T004647,2025-03-25,P012,C039,7,5200,0.0,36400.0,3800,26600
T004648,2025-03-26,P013,C035,2,2900,0.0,5800.0,2100,4200
T004649,2025-03-26,P006,C001,3,82,0.0,246.0,55,165
T004650,2025-03-26,P002,C033,2,900,0.0,1800.0,650,1300
T004651,2025-03-26,P005,C021,3,48,0.0,144.0,32,96
T004652,2025-03-26,P005,C002,2,48,5.0,91.2,32,64
T004653,2025-03-26,P001,C038,10,3200,0.0,32000.0,2400,24000
T004654,2025-03-26,P014,C003,17,260,12.0,3889.6,180,3060
T004655,2025-03-26,P009,C039,8,600,5.0,4560.0,420,3360
T004656,2025-03-26,P002,C039,7,900,10.0,5670.0,650,4550
T004657,2025-03-26,P015,C018,6,520,12.0,2745.6,350,2100
T004658,2025-03-26,P008,C024,11,6200,0.0,68200.0,4200,46200
T004659,2025-03-26,P016,C037,6,2100,12.0,11088.0,1400,8400
T004660,2025-03-27,P012,C001,12,5200,0.0,62400.0,3800,45600
T004661,2025-03-27,P004,C010,5,340,0.0,1700.0,220,1100
T004662,2025-03-27,P016,C018,12,2100,12.0,22176.0,1400,16800
T004663,2025-03-27,P013,C024,5,2900,10.0,13050.0,2100,10500
T004664,2025-03-27,P004,C015,13,340,0.0,4420.0,220,2860
T004665,2025-03-27,P008,C023,5,6200,10.0,27900.0,4200,21000
T004666,2025-03-27,P013,C023,8,2900,8.0,21344.0,2100,16800
T004667,2025-03-27,P004,C006,3,340,5.0,969.0,220,660
T004668,2025-03-27,P014,C011,12,260,8.0,2870.4,180,2160
T004669,2025-03-27,P002,C014,1,900,0.0,900.0,650,650
T004670,2025-03-27,P019,C003,11,230,0.0,2530.0,150,1650
T004671,2025-03-27,P007,C018,4,1850,12.0,6512.0,1200,4800
T004672,2025-03-27,P009,C007,9,600,8.0,4968.0,420,3780
T004673,2025-03-27,P020,C024,12,3100,8.0,34224.0,2200,26400
T004674,2025-03-27,P002,C019,5,900,12.0,3960.0,650,3250
T004675,2025-03-28,P020,C040,3,3100,8.0,8556.0,2200,6600
T004676,2025-03-28,P015,C017,4,520,0.0,2080.0,350,1400
T004677,2025-03-28,P008,C014,7,6200,5.0,41230.0,4200,29400
T004678,2025-03-28,P020,C024,18,3100,10.0,50220.0,2200,39600
T004679,2025-03-28,P011,C011,5,2600,0.0,13000.0,1800,9000
T004680,2025-03-28,P002,C032,7,900,8.0,5796.0,650,4550
T004681,2025-03-28,P018,C017,10,78,10.0,702.0,62,620
T004682,2025-03-28,P002,C021,1,900,12.0,792.0,650,650
T004683,2025-03-28,P011,C015,5,2600,0.0,13000.0,1800,9000
T004684,2025-03-28,P004,C015,4,340,5.0,1292.0,220,880
T004685,2025-03-28,P003,C027,1,1250,5.0,1187.5,900,900
T004686,2025-03-28,P001,C009,9,3200,0.0,28800.0,2400,21600
T004687,2025-03-29,P013,C026,12,2900,10.0,31320.0,2100,25200
T004688,2025-03-29,P013,C009,13,2900,10.0,33930.0,2100,27300
T004689,2025-03-29,P020,C019,6,3100,0.0,18600.0,2200,13200
T004690,2025-03-29,P014,C020,12,260,0.0,3120.0,180,2160
T004691,2025-03-29,P010,C006,10,380,0.0,3800.0,260,2600
T004692,2025-03-29,P005,C039,2,48,8.0,88.32,32,64
T004693,2025-03-29,P010,C016,4,380,,1398.4,260,1040
T004694,2025-03-29,P015,C025,5,520,5.0,2470.0,350,1750
T004695,2025-03-29,P013,C006,-1,2900,10.0,18270.0,2100,14700
T004696,2025-03-29,P008,C018,5,6200,0.0,31000.0,4200,21000
T004697,2025-03-29,P009,C020,8,600,8.0,4416.0,420,3360
T004698,2025-03-30,P014,C014,13,260,8.0,3109.6,180,2340
T004699,2025-03-30,P016,C040,17,2100,0.0,35700.0,1400,23800
T004700,2025-03-30,P016,C026,2,2100,8.0,3864.0,1400,2800
T004701,2025-03-30,P016,C036,8,2100,0.0,16800.0,1400,11200
T004702,2025-03-30,P011,C015,4,2600,0.0,10400.0,1800,7200
T004703,2025-03-30,P002,C006,3,900,10.0,2430.0,650,1950
T004704,2025-03-30,P005,C028,4,48,10.0,172.8,32,128
T004705,2025-03-30,P012,C026,4,5200,0.0,20800.0,3800,15200
T004706,2025-03-30,P003,C037,8,1250,10.0,9000.0,900,7200
T004707,2025-03-30,P009,C038,5,600,12.0,2640.0,420,2100
T004708,2025-03-30,P008,C028,4,6200,0.0,24800.0,4200,16800
T004709,2025-03-30,P015,C029,7,520,12.0,3203.2,350,2450
T004710,2025-03-30,P003,C034,3,1250,0.0,3750.0,900,2700
T004711,2025-03-30,P014,C029,1,260,0.0,260.0,180,180
T004712,2025-03-30,P008,C016,5,6200,0.0,31000.0,4200,21000
T004713,2025-03-30,P017,C016,2,420,0.0,840.0,340,680
T004714,2025-03-30,P020,C004,9,3100,5.0,26505.0,2200,19800
T004715,2025-03-30,P016,C029,7,2100,0.0,14700.0,1400,9800
T004716,2025-03-31,P014,C034,2,260,10.0,468.0,180,360
T004717,2025-03-31,P012,C006,7,5200,8.0,33488.0,3800,26600
T004718,2025-03-31,P005,C025,11,48,0.0,528.0,32,352
T004719,2025-03-31,P004,C010,1,340,5.0,323.0,220,220
T004720,2025-03-31,P016,C019,10,2100,8.0,19320.0,1400,14000
T004721,2025-03-31,P020,C037,3,3100,8.0,8556.0,2200,6600
T004722,2025-03-31,P013,C027,15,2900,10.0,39150.0,2100,31500
T004723,2025-03-31,P006,C037,3,82,12.0,216.48,55,165
T004724,2025-03-31,P019,C016,1,230,0.0,230.0,150,150
T004725,2025-03-31,P012,C010,4,5200,0.0,20800.0,3800,15200
T004726,2025-03-31,P001,C025,4,3200,5.0,12160.0,2400,9600
T004727,2025-03-31,P014,C036,4,260,0.0,1040.0,180,720
T004728,2025-03-31,P019,C021,11,230,10.0,2277.0,150,1650
T004729,2025-03-31,P017,C030,2,420,0.0,840.0,340,680
T004730,2025-04-01,P018,C022,3,78,0.0,234.0,62,186
T004731,2025-04-01,P020,C027,2,3100,5.0,5890.0,2200,4400
T004732,2025-04-01,P004,C039,9,340,10.0,2754.0,220,1980
T004733,2025-04-01,P003,C002,2,1250,0.0,2500.0,900,1800
T004734,2025-04-01,P002,C033,-1,900,12.0,1584.0,650,1300
T004735,2025-04-01,P012,C040,12,5200,5.0,59280.0,3800,45600
T004736,2025-04-01,P015,C038,4,520,8.0,1913.6,350,1400
T004737,2025-04-01,P005,C030,2,48,5.0,91.2,32,64
T004738,2025-04-01,P012,C023,2,5200,10.0,9360.0,3800,7600
T004739,2025-04-01,P013,C040,2,2900,0.0,5800.0,2100,4200
T004740,2025-04-01,P019,C034,5,230,0.0,1150.0,150,750
T004741,2025-04-01,P005,C013,5,48,5.0,228.0,32,160
T004742,2025-04-01,P016,C030,1,2100,8.0,1932.0,1400,1400
T004743,2025-04-01,P011,C002,8,2600,0.0,20800.0,1800,14400
T004744,2025-04-01,P020,C016,3,3100,12.0,8184.0,2200,6600
T004745,2025-04-01,P019,C026,3,230,12.0,607.2,150,450
T004746,2025-04-02,P010,C002,5,380,0.0,1900.0,260,1300
T004747,2025-04-02,P012,C023,9,5200,5.0,44460.0,3800,34200
T004748,2025-04-02,P013,C023,4,2900,0.0,11600.0,2100,8400
T004749,2025-04-02,P017,C030,1,420,0.0,420.0,340,340
T004750,2025-04-02,P020,C033,4,3100,8.0,11408.0,2200,8800
T004751,2025-04-02,P016,C003,3,2100,10.0,5670.0,1400,4200
T004752,2025-04-02,P020,C003,3,3100,0.0,9300.0,2200,6600
T004753,2025-04-02,P015,C009,8,520,0.0,4160.0,350,2800
T004754,2025-04-02,P011,C022,1,2600,0.0,2600.0,1800,1800
T004755,2025-04-02,P009,C028,2,600,0.0,1200.0,420,840
T004756,2025-04-02,P010,C015,1,380,12.0,334.4,260,260
T004757,2025-04-03,P012,C015,1,5200,10.0,4680.0,3800,3800
T004758,2025-04-03,P019,C037,3,230,8.0,634.8,150,450
T004759,2025-04-03,P004,C012,1,340,0.0,340.0,220,220
T004760,2025-04-03,P009,C022,6,600,12.0,3168.0,420,2520
T004761,2025-04-03,P017,C037,9,420,10.0,3402.0,340,3060
T004762,2025-04-03,P006,C026,12,82,0.0,984.0,55,660
T004763,2025-04-03,P008,C030,2,6200,0.0,12400.0,4200,8400
T004764,2025-04-03,P013,C020,2,2900,0.0,5800.0,2100,4200
T004765,2025-04-04,P006,C035,13,82,0.0,1066.0,55,715
T004766,2025-04-04,P012,C004,3,5200,0.0,15600.0,3800,11400
T004767,2025-04-04,P009,C019,6,600,10.0,3240.0,420,2520
T004768,2025-04-04,P002,C009,12,900,10.0,9720.0,650,7800
T004769,2025-04-04,P006,C040,3,82,0.0,246.0,55,165
T004770,2025-04-04,P002,C009,1,900,0.0,900.0,650,650
T004771,2025-04-04,P020,C025,9,3100,10.0,25110.0,2200,19800
T004772,2025-04-04,P003,C002,7,1250,8.0,8050.0,900,6300
T004773,2025-04-04,P008,C032,4,6200,12.0,21824.0,4200,16800
T004774,2025-04-04,P009,C020,1,600,0.0,600.0,420,420
T004775,2025-04-04,P017,C003,5,420,5.0,1995.0,340,1700
T004776,2025-04-04,P004,C007,6,340,0.0,2040.0,220,1320
T004777,2025-04-04,P011,C007,7,2600,12.0,16016.0,1800,12600
T004778,2025-04-04,P010,C027,11,380,12.0,3678.4,260,2860
T004779,2025-04-04,P002,C004,1,900,12.0,792.0,650,650
T004780,2025-04-04,P009,C008,4,600,10.0,2160.0,420,1680
T004781,2025-04-05,P002,C013,10,900,12.0,7920.0,650,6500
T004782,2025-04-05,P008,C036,5,6200,0.0,31000.0,4200,21000
T004783,2025-04-05,P002,C008,15,900,10.0,12150.0,650,9750
T004784,2025-04-05,P002,C027,10,900,0.0,9000.0,650,6500
T004785,2025-04-05,P011,C015,21,2600,10.0,49140.0,1800,37800
T004786,2025-04-05,P008,C040,11,6200,10.0,61380.0,4200,46200
T004787,2025-04-05,P020,C040,15,3100,0.0,46500.0,2200,33000
T004788,2025-04-05,P009,C011,5,600,0.0,3000.0,420,2100
T004789,2025-04-05,P008,C010,6,6200,8.0,34224.0,4200,25200
T004790,2025-04-05,P017,C018,2,420,0.0,840.0,340,680
T004791,2025-04-05,P003,C008,2,1250,10.0,2250.0,900,1800
T004792,2025-04-06,P019,C019,10,230,0.0,2300.0,150,1500
T004793,2025-04-06,P006,C003,4,82,0.0,328.0,55,220
T004794,2025-04-06,P012,C036,1,5200,10.0,4680.0,3800,3800
T004795,2025-04-06,P018,C023,14,78,10.0,982.8,62,868
T004796,2025-04-06,P006,C014,1,82,8.0,75.44,55,55
T004797,2025-04-06,P012,C030,3,5200,0.0,15600.0,3800,11400
T004798,2025-04-06,P018,C008,8,78,10.0,561.6,62,496
T004799,2025-04-06,P019,C023,11,230,12.0,2226.4,150,1650
T004800,2025-04-06,P007,C023,1,1850,12.0,1628.0,1200,1200
T004801,2025-04-06,P011,C040,9,2600,10.0,21060.0,1800,16200
T004802,2025-04-06,P005,C021,4,48,12.0,168.96,32,128
T004803,2025-04-06,P019,C012,1,230,8.0,211.6,150,150
T004804,2025-04-06,P013,C008,4,2900,0.0,11600.0,2100,8400
T004805,2025-04-06,P006,C025,4,82,0.0,328.0,55,220
T004806,2025-04-06,P004,C031,2,340,10.0,612.0,220,440
T004807,2025-04-06,P011,C022,8,2600,0.0,20800.0,1800,14400
T004808,2025-04-07,P016,C029,19,2100,5.0,37905.0,1400,26600
T004809,2025-04-07,P017,C035,11,420,5.0,4389.0,340,3740
T004810,2025-04-07,P011,C026,12,2600,8.0,28704.0,1800,21600
T004811,2025-04-07,P008,C003,5,6200,8.0,28520.0,4200,21000
T004812,2025-04-07,P017,C017,12,420,5.0,4788.0,340,4080
T004813,2025-04-07,P020,C019,4,3100,8.0,11408.0,2200,8800
T004814,2025-04-07,P013,C034,17,2900,,46835.0,2100,35700
T004815,2025-04-07,P018,C037,1,78,0.0,78.0,62,62
T004816,2025-04-07,P003,C028,19,1250,8.0,21850.0,900,17100
T004817,2025-04-07,P019,C024,1,230,5.0,218.5,150,150
T004818,2025-04-07,P005,C005,5,48,8.0,220.8,32,160
T004819,2025-04-08,P001,C027,3,3200,0.0,9600.0,2400,7200
T004820,2025-04-08,P019,C017,3,230,0.0,690.0,150,450
T004821,2025-04-08,P007,C023,5,1850,10.0,8325.0,1200,6000
T004822,2025-04-08,P001,C005,6,3200,10.0,17280.0,2400,14400
T004823,2025-04-08,P017,C023,5,420,5.0,1995.0,340,1700
T004824,2025-04-08,P008,C013,4,6200,0.0,24800.0,4200,16800
T004825,2025-04-08,P004,C001,2,340,8.0,625.6,220,440
T004826,2025-04-08,P015,C001,1,520,12.0,457.6,350,350
T004827,2025-04-08,P012,C018,10,5200,8.0,47840.0,3800,38000
T004828,2025-04-08,P020,C031,4,3100,0.0,12400.0,2200,8800
T004829,2025-04-08,P008,C023,1,6200,12.0,5456.0,4200,4200
T004830,2025-04-08,P015,C007,4,520,8.0,1913.6,350,1400
T004831,2025-04-08,P011,C020,1,2600,10.0,2340.0,1800,1800
T004832,2025-04-08,P005,C027,3,48,12.0,126.72,32,96
T004833,2025-04-08,P019,C019,6,230,12.0,1214.4,150,900
T004834,2025-04-08,P018,C010,7,78,0.0,546.0,62,434
T004835,2025-04-08,P006,C021,5,82,12.0,360.8,55,275
T004836,2025-04-09,P015,C036,2,520,0.0,1040.0,350,700
T004837,2025-04-09,P003,C017,10,1250,10.0,11250.0,900,9000
T004838,2025-04-09,P009,C018,22,600,12.0,11616.0,420,9240
T004839,2025-04-09,P001,C028,17,3200,12.0,47872.0,2400,40800
T004840,2025-04-09,P009,C030,3,600,0.0,1800.0,420,1260
T004841,2025-04-09,P008,C002,7,6200,12.0,38192.0,4200,29400
T004842,2025-04-09,P019,C010,6,230,0.0,1380.0,150,900
T004843,2025-04-09,P003,C003,1,1250,0.0,1250.0,900,900
T004844,2025-04-09,P001,C017,6,3200,12.0,16896.0,2400,14400
T004845,2025-04-09,P002,C028,2,900,8.0,1656.0,650,1300
T004846,2025-04-09,P004,C030,4,340,0.0,1360.0,220,880
T004847,2025-04-09,P010,C032,10,380,8.0,3496.0,260,2600
T004848,2025-04-09,P003,C012,3,1250,0.0,3750.0,900,2700
T004849,2025-04-09,P009,C034,9,600,12.0,4752.0,420,3780
T004850,2025-04-09,P011,C016,3,2600,5.0,7410.0,1800,5400
T004851,2025-04-10,P006,C033,7,82,5.0,545.3,55,385
T004852,2025-04-10,P012,C025,16,5200,5.0,79040.0,3800,60800
T004853,2025-04-10,P006,C037,1,82,0.0,82.0,55,55
T004854,2025-04-10,P009,C022,12,600,8.0,6624.0,420,5040
T004855,2025-04-10,P020,C022,5,3100,8.0,14260.0,2200,11000
T004856,2025-04-10,P001,C030,8,3200,12.0,22528.0,2400,19200
T004857,2025-04-10,P002,C021,8,900,5.0,6840.0,650,5200
T004858,2025-04-10,P012,C002,4,5200,5.0,19760.0,3800,15200
T004859,2025-04-10,P007,C014,6,1850,0.0,11100.0,1200,7200
T004860,2025-04-11,P003,C012,5,1250,0.0,6250.0,900,4500
T004861,2025-04-11,P019,C023,4,230,0.0,920.0,150,600
T004862,2025-04-11,P001,C038,6,3200,0.0,19200.0,2400,14400
T004863,2025-04-11,P002,C006,9,900,10.0,7290.0,650,5850
T004864,2025-04-11,P013,C007,4,2900,0.0,11600.0,2100,8400
T004865,2025-04-11,P011,C029,18,2600,8.0,43056.0,1800,32400
T004866,2025-04-11,P012,C023,1,5200,0.0,5200.0,3800,3800
T004867,2025-04-11,P008,C040,6,6200,0.0,37200.0,4200,25200
T004868,2025-04-11,P020,C010,6,3100,12.0,16368.0,2200,13200
T004869,2025-04-11,P005,C025,3,48,10.0,129.6,32,96
T004870,2025-04-11,P014,C025,12,260,10.0,2808.0,180,2160
T004871,2025-04-11,P020,C032,3,3100,10.0,8370.0,2200,6600
T004872,2025-04-11,P014,C007,8,260,10.0,1872.0,180,1440
T004873,2025-04-11,P016,C003,7,2100,8.0,13524.0,1400,9800
T004874,2025-04-11,P012,C018,4,5200,0.0,20800.0,3800,15200
T004875,2025-04-12,P015,C038,7,520,0.0,3640.0,350,2450
T004876,2025-04-12,P002,C025,4,900,12.0,3168.0,650,2600
T004877,2025-04-12,P016,C025,10,2100,,19950.0,1400,14000
T004878,2025-04-12,P019,C027,1,230,12.0,202.4,150,150
T004879,2025-04-12,P015,C032,4,520,8.0,1913.6,350,1400
T004880,2025-04-12,P017,C030,1,420,5.0,399.0,340,340
T004881,2025-04-12,P014,C037,3,260,12.0,686.4,180,540
T004882,2025-04-12,P012,C022,3,5200,12.0,13728.0,3800,11400
T004883,2025-04-12,P017,C014,10,420,10.0,3780.0,340,3400
T004884,2025-04-12,P016,C010,13,2100,0.0,27300.0,1400,18200
T004885,2025-04-13,P019,C032,4,230,0.0,920.0,150,600
T004886,2025-04-13,P003,C012,2,1250,8.0,2300.0,900,1800
T004887,2025-04-13,P010,C018,10,380,0.0,3800.0,260,2600
T004888,2025-04-13,P012,C038,4,5200,5.0,19760.0,3800,15200
T004889,2025-04-13,P020,C027,15,3100,10.0,41850.0,2200,33000
T004890,2025-04-13,P012,C027,13,5200,0.0,67600.0,3800,49400
T004891,2025-04-13,P015,C033,1,520,10.0,468.0,350,350
T004892,2025-04-13,P009,C038,5,600,5.0,2850.0,420,2100
T004893,2025-04-13,P020,C008,17,3100,8.0,48484.0,2200,37400
T004894,2025-04-13,P003,C010,1,1250,12.0,1100.0,900,900
T004895,2025-04-13,P013,C001,2,2900,12.0,5104.0,2100,4200
T004896,2025-04-13,P015,C022,5,520,8.0,2392.0,350,1750
T004897,2025-04-13,P014,C016,1,260,10.0,234.0,180,180
T004898,2025-04-13,P001,C002,7,3200,0.0,22400.0,2400,16800
T004899,2025-04-14,P002,C008,4,900,0.0,3600.0,650,2600
T004900,2025-04-14,P009,C009,10,600,0.0,6000.0,420,4200
T004901,2025-04-14,P003,C019,1,1250,8.0,1150.0,900,900
T004902,2025-04-14,P010,C014,27,380,5.0,9747.0,260,7020
T004903,2025-04-14,P017,C033,7,420,5.0,2793.0,340,2380
T004904,2025-04-14,P016,C036,7,2100,5.0,13965.0,1400,9800
T004905,2025-04-14,P014,C008,6,260,12.0,1372.8,180,1080
T004906,2025-04-14,P007,C013,1,1850,5.0,1757.5,1200,1200
T004907,2025-04-14,P002,C005,3,900,8.0,2484.0,650,1950
T004908,2025-04-14,P012,C021,5,5200,12.0,22880.0,3800,19000
T004909,2025-04-14,P012,C025,1,5200,0.0,5200.0,3800,3800
T004910,2025-04-14,P010,C016,19,380,12.0,6353.6,260,4940
T004911,2025-04-14,P012,C028,1,5200,8.0,4784.0,3800,3800
T004912,2025-04-14,P002,C036,11,900,0.0,9900.0,650,7150
T004913,2025-04-14,P010,C016,9,380,8.0,3146.4,260,2340
T004914,2025-04-14,P018,C015,2,78,0.0,156.0,62,124
T004915,2025-04-15,P005,C025,2,48,0.0,96.0,32,64
T004916,2025-04-15,P009,C003,17,600,12.0,8976.0,420,7140
T004917,2025-04-15,P011,C028,1,2600,5.0,2470.0,1800,1800
T004918,2025-04-15,P019,C018,3,230,5.0,655.5,150,450
T004919,2025-04-15,P003,C036,2,1250,10.0,2250.0,900,1800
T004920,2025-04-15,P020,C033,3,3100,5.0,8835.0,2200,6600
T004921,2025-04-15,P008,C030,8,6200,8.0,45632.0,4200,33600
T004922,2025-04-15,P014,C025,14,260,5.0,3458.0,180,2520
T004923,2025-04-15,P015,C036,1,520,5.0,494.0,350,350
T004924,2025-04-15,P006,C027,13,82,0.0,1066.0,55,715
T004925,2025-04-15,P014,C025,3,260,12.0,686.4,180,540
T004926,2025-04-15,P018,C022,3,78,8.0,215.28,62,186
T004927,2025-04-15,P009,C010,4,600,8.0,2208.0,420,1680
T004928,2025-04-15,P012,C023,10,5200,0.0,52000.0,3800,38000
T004929,2025-04-15,P012,C017,4,5200,12.0,18304.0,3800,15200
T004930,2025-04-15,P019,C036,9,230,0.0,2070.0,150,1350
T004931,2025-04-16,P013,C035,9,2900,0.0,26100.0,2100,18900
T004932,2025-04-16,P009,C032,3,600,12.0,1584.0,420,1260
T004933,2025-04-16,P017,C024,1,420,10.0,378.0,340,340
T004934,2025-04-16,P020,C018,3,3100,12.0,8184.0,2200,6600
T004935,2025-04-16,P002,C016,1,900,10.0,810.0,650,650
T004936,2025-04-16,P002,C011,2,900,0.0,1800.0,650,1300
T004937,2025-04-16,P004,C023,4,340,12.0,1196.8,220,880
T004938,2025-04-16,P014,C040,7,260,0.0,1820.0,180,1260
T004939,2025-04-16,P003,C035,6,1250,5.0,7125.0,900,5400
T004940,2025-04-16,P004,C012,2,340,5.0,646.0,220,440
T004941,2025-04-16,P007,C004,2,1850,0.0,3700.0,1200,2400
T004942,2025-04-16,P003,C014,11,1250,8.0,12650.0,900,9900
T004943,2025-04-16,P014,C033,7,260,12.0,1601.6,180,1260
T004944,2025-04-16,P018,C017,3,78,12.0,205.92,62,186
T004945,2025-04-17,P006,C039,1,82,0.0,82.0,55,55
T004946,2025-04-17,P008,C015,7,6200,8.0,39928.0,4200,29400
T004947,2025-04-17,P004,C017,1,340,5.0,323.0,220,220
T004948,2025-04-17,P015,C036,4,520,12.0,1830.4,350,1400
T004949,2025-04-17,P006,C007,15,82,0.0,1230.0,55,825
T004950,2025-04-17,P014,C022,7,260,0.0,1820.0,180,1260
T004951,2025-04-17,P018,C030,9,78,12.0,617.76,62,558
T004952,2025-04-17,P009,C039,1,600,12.0,528.0,420,420
T004953,2025-04-17,P003,C012,9,1250,0.0,11250.0,900,8100
T004954,2025-04-17,P007,C031,1,1850,12.0,1628.0,1200,1200
T004955,2025-04-17,P009,C034,5,600,0.0,3000.0,420,2100
T004956,2025-04-17,P003,C003,2,1250,0.0,2500.0,900,1800
T004957,2025-04-17,P020,C013,4,3100,5.0,11780.0,2200,8800
T004958,2025-04-17,P010,C011,3,380,8.0,1048.8,260,780
T004959,2025-04-17,P015,C040,2,520,12.0,915.2,350,700
T004960,2025-04-17,P010,C022,4,380,10.0,1368.0,260,1040
T004961,2025-04-18,P004,C028,2,340,10.0,612.0,220,440
T004962,2025-04-18,P020,C032,2,3100,8.0,5704.0,2200,4400
T004963,2025-04-18,P004,C038,5,340,0.0,1700.0,220,1100
T004964,2025-04-18,P016,C012,10,2100,8.0,19320.0,1400,14000
T004965,2025-04-18,P007,C026,1,1850,10.0,1665.0,1200,1200
T004966,2025-04-19,P017,C026,12,420,0.0,5040.0,340,4080
T004967,2025-04-19,P001,C011,2,3200,5.0,6080.0,2400,4800
T004968,2025-04-19,P020,C031,6,3100,12.0,16368.0,2200,13200
T004969,2025-04-19,P006,C011,3,82,0.0,246.0,55,165
T004970,2025-04-19,P016,C017,12,2100,8.0,23184.0,1400,16800
T004971,2025-04-19,P005,C030,4,48,5.0,182.4,32,128
T004972,2025-04-19,P012,C025,2,5200,8.0,9568.0,3800,7600
T004973,2025-04-19,P001,C006,2,3200,8.0,5888.0,2400,4800
T004974,2025-04-19,P007,C001,7,1850,0.0,12950.0,1200,8400
T004975,2025-04-19,P009,C009,10,600,8.0,5520.0,420,4200
T004976,2025-04-19,P015,C032,1,520,0.0,520.0,350,350
T004977,2025-04-19,P009,C015,1,600,0.0,600.0,420,420
T004978,2025-04-20,P012,C009,6,5200,12.0,27456.0,3800,22800
T004979,2025-04-20,P009,C006,9,600,8.0,4968.0,420,3780
T004980,2025-04-20,P007,C037,11,1850,8.0,18722.0,1200,13200
T004981,2025-04-20,P015,C029,1,520,0.0,520.0,350,350
T004982,2025-04-20,P014,C007,8,260,0.0,2080.0,180,1440
T004983,2025-04-20,P008,C026,13,6200,12.0,70928.0,4200,54600
T004984,2025-04-20,P019,C009,6,230,8.0,1269.6,150,900
T004985,2025-04-20,P019,C032,13,230,8.0,2750.8,150,1950
T004986,2025-04-20,P016,C023,2,2100,0.0,4200.0,1400,2800
T004987,2025-04-20,P002,C010,7,900,10.0,5670.0,650,4550
T004988,2025-04-20,P005,C021,6,48,5.0,273.6,32,192
T004989,2025-04-20,P004,C025,2,340,8.0,625.6,220,440
T004990,2025-04-20,P016,C032,1,2100,0.0,2100.0,1400,1400
T004991,2025-04-21,P015,C024,3,520,0.0,1560.0,350,1050
T004992,2025-04-21,P020,C001,11,3100,5.0,32395.0,2200,24200
T004993,2025-04-21,P005,C007,-1,48,5.0,273.6,32,192
T004994,2025-04-21,P015,C001,3,520,8.0,1435.2,350,1050
T004995,2025-04-21,P006,C021,5,82,10.0,369.0,55,275
T004996,2025-04-21,P012,C020,4,5200,12.0,18304.0,3800,15200
T004997,2025-04-21,P007,C010,4,1850,0.0,7400.0,1200,4800
T004998,2025-04-21,P001,C036,1,3200,0.0,3200.0,2400,2400
T004999,2025-04-21,P004,C007,1,340,8.0,312.8,220,220
T005000,2025-04-21,P004,C004,10,340,0.0,3400.0,220,2200
T005001,2025-04-21,P020,C021,6,3100,0.0,18600.0,2200,13200
T005002,2025-04-21,P012,C021,15,5200,0.0,78000.0,3800,57000
T005003,2025-04-21,P001,C036,2,3200,0.0,6400.0,2400,4800
T005004,2025-04-21,P018,C015,3,78,12.0,205.92,62,186
T005005,2025-04-21,P001,C007,21,3200,8.0,61824.0,2400,50400
T005006,2025-04-22,P010,C037,7,380,10.0,2394.0,260,1820
T005007,2025-04-22,P006,C001,4,82,0.0,328.0,55,220
T005008,2025-04-22,P013,C007,12,2900,10.0,31320.0,2100,25200
T005009,2025-04-22,P017,C038,13,420,0.0,5460.0,340,4420
T005010,2025-04-22,P018,C008,1,78,10.0,70.2,62,62
T005011,2025-04-22,P019,C025,5,230,5.0,1092.5,150,750
T005012,2025-04-22,P003,C010,14,1250,0.0,17500.0,900,12600
T005013,2025-04-22,P015,C021,12,520,0.0,6240.0,350,4200
T005014,2025-04-22,P007,C040,1,1850,12.0,1628.0,1200,1200
T005015,2025-04-22,P010,C020,2,380,12.0,668.8,260,520
T005016,2025-04-22,P016,C020,7,2100,12.0,12936.0,1400,9800
T005017,2025-04-22,P003,C015,9,1250,0.0,11250.0,900,8100
T005018,2025-04-22,P004,C010,5,340,12.0,1496.0,220,1100
T005019,2025-04-22,P016,C040,6,2100,5.0,11970.0,1400,8400
T005020,2025-04-22,P013,C034,3,2900,10.0,7830.0,2100,6300
T005021,2025-04-23,P017,C020,1,420,0.0,420.0,340,340
T005022,2025-04-23,P007,C010,4,1850,5.0,7030.0,1200,4800
T005023,2025-04-23,P007,C028,8,1850,0.0,14800.0,1200,9600
T005024,2025-04-23,P010,C021,6,380,5.0,2166.0,260,1560
T005025,2025-04-23,P020,C034,7,3100,0.0,21700.0,2200,15400
T005026,2025-04-23,P002,C009,2,900,8.0,1656.0,650,1300
T005027,2025-04-23,P006,C025,3,82,0.0,246.0,55,165
T005028,2025-04-23,P011,C035,2,2600,12.0,4576.0,1800,3600
T005029,2025-04-23,P002,C031,1,900,10.0,810.0,650,650
T005030,2025-04-23,P009,C011,7,600,0.0,4200.0,420,2940
T005031,2025-04-23,P007,C037,1,1850,0.0,1850.0,1200,1200
T005032,2025-04-23,P001,C002,6,3200,0.0,19200.0,2400,14400
T005033,2025-04-23,P005,C017,4,48,12.0,168.96,32,128
T005034,2025-04-23,P007,C033,2,1850,10.0,3330.0,1200,2400
T005035,2025-04-23,P011,C019,12,2600,10.0,28080.0,1800,21600
T005036,2025-04-23,P010,C018,4,380,12.0,1337.6,260,1040
T005037,2025-04-23,P018,C040,5,78,0.0,390.0,62,310
T005038,2025-04-24,P020,C039,3,3100,8.0,8556.0,2200,6600
T005039,2025-04-24,P007,C040,8,1850,10.0,13320.0,1200,9600
T005040,2025-04-24,P017,C001,9,420,12.0,3326.4,340,3060
T005041,2025-04-24,P010,C028,2,380,0.0,760.0,260,520
T005042,2025-04-24,P002,C015,8,900,8.0,6624.0,650,5200
T005043,2025-04-24,P016,C033,-1,2100,10.0,13230.0,1400,9800
T005044,2025-04-24,P009,C030,4,600,0.0,2400.0,420,1680
T005045,2025-04-24,P001,C036,3,3200,0.0,9600.0,2400,7200
T005046,2025-04-24,P006,C001,2,82,5.0,155.8,55,110
T005047,2025-04-24,P020,C012,8,3100,5.0,23560.0,2200,17600
T005048,2025-04-24,P008,C012,3,6200,10.0,16740.0,4200,12600
T005049,2025-04-24,P006,C013,10,82,0.0,820.0,55,550
T005050,2025-04-24,P016,C030,7,2100,0.0,14700.0,1400,9800
T005051,2025-04-25,P004,C030,5,340,0.0,1700.0,220,1100
T005052,2025-04-25,P008,C032,1,6200,12.0,5456.0,4200,4200
T005053,2025-04-25,P008,C040,4,6200,5.0,23560.0,4200,16800
T005054,2025-04-25,P008,C027,2,6200,0.0,12400.0,4200,8400
T005055,2025-04-25,P007,C037,14,1850,0.0,25900.0,1200,16800
T005056,2025-04-25,P008,C017,7,6200,0.0,43400.0,4200,29400
T005057,2025-04-25,P020,C025,1,3100,12.0,2728.0,2200,2200
T005058,2025-04-25,P006,C017,3,82,12.0,216.48,55,165
T005059,2025-04-26,P014,C026,2,260,0.0,520.0,180,360
T005060,2025-04-26,P004,C016,1,340,10.0,306.0,220,220
T005061,2025-04-26,P017,C019,3,420,0.0,1260.0,340,1020
T005062,2025-04-26,P019,C010,1,230,5.0,218.5,150,150
T005063,2025-04-26,P005,C030,1,48,12.0,42.24,32,32
T005064,2025-04-26,P014,C010,4,260,0.0,1040.0,180,720
T005065,2025-04-26,P019,C038,2,230,0.0,460.0,150,300
T005066,2025-04-26,P004,C018,1,340,8.0,312.8,220,220
T005067,2025-04-26,P008,C004,9,6200,0.0,55800.0,4200,37800
T005068,2025-04-26,P001,C007,1,3200,8.0,2944.0,2400,2400
T005069,2025-04-26,P012,C003,6,5200,5.0,29640.0,3800,22800
T005070,2025-04-26,P013,C035,3,2900,0.0,8700.0,2100,6300
T005071,2025-04-26,P006,C024,3,82,0.0,246.0,55,165
T005072,2025-04-26,P009,C029,14,600,0.0,8400.0,420,5880
T005073,2025-04-26,P008,C022,1,6200,5.0,5890.0,4200,4200
T005074,2025-04-27,P019,C015,5,230,5.0,1092.5,150,750
T005075,2025-04-27,P018,C033,1,78,0.0,78.0,62,62
T005076,2025-04-27,P019,C004,4,230,5.0,874.0,150,600
T005077,2025-04-27,P016,C029,4,2100,10.0,7560.0,1400,5600
T005078,2025-04-27,P018,C014,1,78,5.0,74.1,62,62
T005079,2025-04-27,P002,C013,11,900,0.0,9900.0,650,7150
T005080,2025-04-27,P019,C027,3,230,0.0,690.0,150,450
T005081,2025-04-27,P005,C017,13,48,12.0,549.12,32,416
T005082,2025-04-27,P009,C012,2,600,5.0,1140.0,420,840
T005083,2025-04-27,P012,C008,7,5200,10.0,32760.0,3800,26600
T005084,2025-04-27,P014,C016,2,260,10.0,468.0,180,360
T005085,2025-04-27,P002,C004,10,900,0.0,9000.0,650,6500
T005086,2025-04-27,P015,C020,10,520,10.0,4680.0,350,3500
T005087,2025-04-27,P019,C022,10,230,5.0,2185.0,150,1500
T005088,2025-04-28,P017,C014,3,420,0.0,1260.0,340,1020
T005089,2025-04-28,P015,C038,4,520,0.0,2080.0,350,1400
T005090,2025-04-28,P020,C024,3,3100,,8556.0,2200,6600
T005091,2025-04-28,P006,C015,3,82,0.0,246.0,55,165
T005092,2025-04-28,P006,C030,2,82,5.0,155.8,55,110
T005093,2025-04-28,P013,C009,8,2900,0.0,23200.0,2100,16800
T005094,2025-04-28,P004,C036,7,340,0.0,2380.0,220,1540
T005095,2025-04-28,P003,C028,3,1250,5.0,3562.5,900,2700
T005096,2025-04-28,P017,C017,1,420,0.0,420.0,340,340
T005097,2025-04-28,P006,C007,7,82,0.0,574.0,55,385
T005098,2025-04-28,P011,C017,2,2600,0.0,5200.0,1800,3600
T005099,2025-04-28,P002,C002,5,900,0.0,4500.0,650,3250
T005100,2025-04-28,P007,C032,7,1850,10.0,11655.0,1200,8400
T005101,2025-04-28,P009,C001,4,600,5.0,2280.0,420,1680
T005102,2025-04-28,P008,C002,2,6200,0.0,12400.0,4200,8400
T005103,2025-04-28,P017,C015,8,420,8.0,3091.2,340,2720
T005104,2025-04-28,P005,C038,6,48,8.0,264.96,32,192
T005105,2025-04-29,P005,C021,9,48,0.0,432.0,32,288
T005106,2025-04-29,P009,C033,4,600,0.0,2400.0,420,1680
T005107,2025-04-29,P008,C034,1,6200,12.0,5456.0,4200,4200
T005108,2025-04-29,P006,C007,4,82,10.0,295.2,55,220
T005109,2025-04-29,P014,C012,1,260,0.0,260.0,180,180
T005110,2025-04-29,P019,C022,7,230,12.0,1416.8,150,1050
T005111,2025-04-29,P004,C017,2,340,5.0,646.0,220,440
T005112,2025-04-29,P008,C025,6,6200,12.0,32736.0,4200,25200
T005113,2025-04-29,P009,C014,10,600,8.0,5520.0,420,4200
T005114,2025-04-29,P005,C036,2,48,0.0,96.0,32,64
T005115,2025-04-30,P008,C028,6,6200,5.0,35340.0,4200,25200
T005116,2025-04-30,P003,C025,4,1250,0.0,5000.0,900,3600
T005117,2025-04-30,P017,C010,3,420,8.0,1159.2,340,1020
T005118,2025-04-30,P013,C018,11,2900,5.0,30305.0,2100,23100
T005119,2025-04-30,P014,C010,4,260,10.0,936.0,180,720
T005120,2025-04-30,P009,C008,4,600,12.0,2112.0,420,1680
T005121,2025-04-30,P008,C022,5,6200,0.0,31000.0,4200,21000
T005122,2025-04-30,P016,C005,10,2100,12.0,18480.0,1400,14000
T005123,2025-04-30,P017,C030,2,420,0.0,840.0,340,680
T005124,2025-04-30,P005,C017,13,48,8.0,574.08,32,416
T005125,2025-04-30,P014,C004,14,260,0.0,3640.0,180,2520
T005126,2025-04-30,P011,C009,10,2600,12.0,22880.0,1800,18000
T005127,2025-04-30,P020,C019,1,3100,8.0,2852.0,2200,2200
T005128,2025-04-30,P014,C012,1,260,10.0,234.0,180,180
T005129,2025-04-30,P019,C025,1,230,0.0,230.0,150,150
T005130,2025-04-30,P016,C034,3,2100,0.0,6300.0,1400,4200
T005131,2025-05-01,P004,C002,4,340,8.0,1251.2,220,880
T005132,2025-05-01,P002,C007,19,900,0.0,17100.0,650,12350
T005133,2025-05-01,P006,C034,13,82,0.0,1066.0,55,715
T005134,2025-05-01,P005,C030,11,48,8.0,485.76,32,352
T005135,2025-05-01,P020,C033,19,3100,12.0,51832.0,2200,41800
T005136,2025-05-01,P003,C022,1,1250,10.0,1125.0,900,900
T005137,2025-05-01,P002,C004,3,900,8.0,2484.0,650,1950
T005138,2025-05-01,P007,C030,3,1850,8.0,5106.0,1200,3600
T005139,2025-05-01,P018,C014,7,78,8.0,502.32,62,434
T005140,2025-05-01,P006,C030,2,82,0.0,164.0,55,110
T005141,2025-05-01,P003,C036,10,1250,5.0,11875.0,900,9000
T005142,2025-05-01,P020,C005,7,3100,0.0,21700.0,2200,15400
T005143,2025-05-01,P011,C001,8,2600,5.0,19760.0,1800,14400
T005144,2025-05-01,P007,C015,10,1850,0.0,18500.0,1200,12000
T005145,2025-05-01,P020,C015,6,3100,5.0,17670.0,2200,13200
T005146,2025-05-01,P001,C033,1,3200,0.0,3200.0,2400,2400
T005147,2025-05-01,P002,C037,5,900,12.0,3960.0,650,3250
T005148,2025-05-01,P002,C038,5,900,5.0,4275.0,650,3250
T005149,2025-05-01,P006,C040,7,82,0.0,574.0,55,385
T005150,2025-05-02,P011,C013,9,2600,5.0,22230.0,1800,16200
T005151,2025-05-02,P017,C016,16,420,0.0,6720.0,340,5440
T005152,2025-05-02,P019,C010,6,230,0.0,1380.0,150,900
T005153,2025-05-02,P001,C035,4,3200,0.0,12800.0,2400,9600
T005154,2025-05-02,P013,C009,5,2900,10.0,13050.0,2100,10500
T005155,2025-05-02,P010,C011,1,380,0.0,380.0,260,260
T005156,2025-05-02,P006,C001,3,82,5.0,233.7,55,165
T005157,2025-05-02,P002,C027,3,900,0.0,2700.0,650,1950
T005158,2025-05-02,P018,C038,4,78,0.0,312.0,62,248
T005159,2025-05-02,P007,C008,9,1850,5.0,15817.5,1200,10800
T005160,2025-05-02,P010,C031,15,380,10.0,5130.0,260,3900
T005161,2025-05-02,P011,C037,2,2600,12.0,4576.0,1800,3600
T005162,2025-05-02,P009,C024,13,600,8.0,7176.0,420,5460
T005163,2025-05-02,P020,C037,6,3100,10.0,16740.0,2200,13200
T005164,2025-05-02,P011,C040,10,2600,0.0,26000.0,1800,18000
T005165,2025-05-02,P013,C019,2,2900,0.0,5800.0,2100,4200
T005166,2025-05-02,P016,C027,12,2100,12.0,22176.0,1400,16800
T005167,2025-05-03,P008,C023,-1,6200,10.0,33480.0,4200,25200
T005168,2025-05-03,P006,C004,4,82,0.0,328.0,55,220
T005169,2025-05-03,P019,C001,7,230,5.0,1529.5,150,1050
T005170,2025-05-03,P020,C029,12,3100,12.0,32736.0,2200,26400
T005171,2025-05-03,P012,C027,1,5200,0.0,5200.0,3800,3800
T005172,2025-05-03,P020,C017,10,3100,8.0,28520.0,2200,22000
T005173,2025-05-03,P017,C034,8,420,0.0,3360.0,340,2720
T005174,2025-05-03,P011,C008,1,2600,0.0,2600.0,1800,1800
T005175,2025-05-03,P012,C002,8,5200,10.0,37440.0,3800,30400
T005176,2025-05-03,P001,C038,4,3200,10.0,11520.0,2400,9600
T005177,2025-05-03,P002,C009,7,900,8.0,5796.0,650,4550
T005178,2025-05-03,P007,C009,5,1850,10.0,8325.0,1200,6000
T005179,2025-05-04,P010,C020,1,380,0.0,380.0,260,260
T005180,2025-05-04,P014,C032,2,260,0.0,520.0,180,360
T005181,2025-05-04,P011,C023,4,2600,0.0,10400.0,1800,7200
T005182,2025-05-04,P017,C020,12,420,5.0,4788.0,340,4080
T005183,2025-05-04,P019,C023,10,230,5.0,2185.0,150,1500
T005184,2025-05-04,P019,C040,21,230,,4347.0,150,3150
T005185,2025-05-04,P007,C032,6,1850,12.0,9768.0,1200,7200
T005186,2025-05-04,P013,C013,4,2900,5.0,11020.0,2100,8400
T005187,2025-05-04,P007,C003,11,1850,12.0,17908.0,1200,13200
T005188,2025-05-05,P020,C030,10,3100,8.0,28520.0,2200,22000
T005189,2025-05-05,P018,C016,3,78,0.0,234.0,62,186
T005190,2025-05-05,P008,C022,9,6200,0.0,55800.0,4200,37800
T005191,2025-05-05,P018,C040,10,78,0.0,780.0,62,620
T005192,2025-05-05,P015,C015,12,520,0.0,6240.0,350,4200
T005193,2025-05-05,P007,C003,3,1850,8.0,5106.0,1200,3600
T005194,2025-05-05,P007,C001,5,1850,5.0,8787.5,1200,6000
T005195,2025-05-05,P009,C015,8,600,5.0,4560.0,420,3360
T005196,2025-05-05,P015,C011,10,520,0.0,5200.0,350,3500
T005197,2025-05-05,P001,C028,7,3200,8.0,20608.0,2400,16800
T005198,2025-05-06,P020,C014,1,3100,0.0,3100.0,2200,2200
T005199,2025-05-06,P016,C007,3,2100,12.0,5544.0,1400,4200
T005200,2025-05-06,P013,C030,1,2900,8.0,2668.0,2100,2100
T005201,2025-05-06,P013,C017,6,2900,0.0,17400.0,2100,12600
T005202,2025-05-06,P013,C038,3,2900,5.0,8265.0,2100,6300
T005203,2025-05-06,P018,C008,9,78,0.0,702.0,62,558
T005204,2025-05-06,P001,C009,7,3200,10.0,20160.0,2400,16800
T005205,2025-05-06,P006,C039,2,82,12.0,144.32,55,110
T005206,2025-05-06,P009,C012,15,600,0.0,9000.0,420,6300
T005207,2025-05-06,P017,C009,15,420,8.0,5796.0,340,5100
T005208,2025-05-06,P017,C034,2,420,0.0,840.0,340,680
T005209,2025-05-06,P006,C003,1,82,5.0,77.9,55,55
T005210,2025-05-06,P005,C020,4,48,10.0,172.8,32,128
T005211,2025-05-06,P017,C005,2,420,5.0,798.0,340,680
T005212,2025-05-07,P010,C034,4,380,5.0,1444.0,260,1040
T005213,2025-05-07,P002,C020,5,900,5.0,4275.0,650,3250
T005214,2025-05-07,P007,C007,3,1850,0.0,5550.0,1200,3600
T005215,2025-05-07,P019,C003,3,230,5.0,655.5,150,450
T005216,2025-05-07,P015,C016,-1,520,0.0,4680.0,350,3150
T005217,2025-05-07,P015,C025,4,520,0.0,2080.0,350,1400
T005218,2025-05-07,P002,C031,5,900,5.0,4275.0,650,3250
T005219,2025-05-07,P019,C035,6,230,12.0,1214.4,150,900
T005220,2025-05-07,P008,C021,3,6200,0.0,18600.0,4200,12600
T005221,2025-05-07,P019,C036,3,230,10.0,621.0,150,450
T005222,2025-05-07,P006,C031,7,82,12.0,505.12,55,385
T005223,2025-05-07,P018,C028,2,78,5.0,148.2,62,124
T005224,2025-05-07,P014,C016,10,260,5.0,2470.0,180,1800
T005225,2025-05-07,P008,C003,17,6200,12.0,92752.0,4200,71400
T005226,2025-05-07,P011,C007,8,2600,0.0,20800.0,1800,14400
T005227,2025-05-07,P008,C007,6,6200,8.0,34224.0,4200,25200
T005228,2025-05-07,P005,C033,3,48,0.0,144.0,32,96
T005229,2025-05-07,P003,C032,3,1250,0.0,3750.0,900,2700
T005230,2025-05-07,P007,C007,4,1850,0.0,7400.0,1200,4800
T005231,2025-05-07,P018,C033,4,78,0.0,312.0,62,248
T005232,2025-05-08,P009,C003,9,600,5.0,5130.0,420,3780
T005233,2025-05-08,P001,C022,9,3200,10.0,25920.0,2400,21600
T005234,2025-05-08,P007,C007,7,1850,10.0,11655.0,1200,8400
T005235,2025-05-08,P014,C008,3,260,10.0,702.0,180,540
T005236,2025-05-08,P015,C007,6,520,0.0,3120.0,350,2100
T005237,2025-05-08,P014,C038,3,260,0.0,780.0,180,540
T005238,2025-05-08,P003,C019,7,1250,12.0,7700.0,900,6300
T005239,2025-05-08,P014,C038,6,260,12.0,1372.8,180,1080
T005240,2025-05-08,P018,C036,4,78,10.0,280.8,62,248
T005241,2025-05-08,P008,C015,6,6200,10.0,33480.0,4200,25200
T005242,2025-05-08,P018,C013,8,78,10.0,561.6,62,496
T005243,2025-05-08,P010,C009,3,380,5.0,1083.0,260,780
T005244,2025-05-08,P007,C024,1,1850,10.0,1665.0,1200,1200
T005245,2025-05-08,P008,C014,1,6200,8.0,5704.0,4200,4200
T005246,2025-05-08,P011,C028,3,2600,8.0,7176.0,1800,5400
T005247,2025-05-08,P009,C017,10,600,5.0,5700.0,420,4200
T005248,2025-05-09,P016,C019,1,2100,0.0,2100.0,1400,1400
T005249,2025-05-09,P001,C037,7,3200,5.0,21280.0,2400,16800
T005250,2025-05-09,P015,C005,4,520,5.0,1976.0,350,1400
T005251,2025-05-09,P020,C008,4,3100,8.0,11408.0,2200,8800
T005252,2025-05-09,P018,C012,2,78,0.0,156.0,62,124
T005253,2025-05-09,P019,C036,6,230,10.0,1242.0,150,900
T005254,2025-05-09,P013,C040,2,2900,0.0,5800.0,2100,4200
T005255,2025-05-09,P020,C016,4,3100,0.0,12400.0,2200,8800
T005256,2025-05-09,P006,C036,9,82,5.0,701.1,55,495
T005257,2025-05-09,P005,C031,6,48,0.0,288.0,32,192
T005258,2025-05-09,P008,C025,7,6200,10.0,39060.0,4200,29400
T005259,2025-05-09,P017,C005,3,420,5.0,1197.0,340,1020
T005260,2025-05-09,P015,C017,3,520,0.0,1560.0,350,1050
T005261,2025-05-09,P020,C009,1,3100,0.0,3100.0,2200,2200
T005262,2025-05-09,P004,C026,2,340,10.0,612.0,220,440
T005263,2025-05-09,P002,C007,2,900,10.0,1620.0,650,1300
T005264,2025-05-09,P020,C008,1,3100,8.0,2852.0,2200,2200
T005265,2025-05-09,P013,C015,3,2900,8.0,8004.0,2100,6300
T005266,2025-05-09,P001,C023,1,3200,0.0,3200.0,2400,2400
T005267,2025-05-09,P008,C007,2,6200,5.0,11780.0,4200,8400
T005268,2025-05-09,P008,C031,4,6200,5.0,23560.0,4200,16800
T005269,2025-05-10,P016,C023,4,2100,0.0,8400.0,1400,5600
T005270,2025-05-10,P016,C036,1,2100,0.0,2100.0,1400,1400
T005271,2025-05-10,P011,C034,8,2600,10.0,18720.0,1800,14400
T005272,2025-05-10,P014,C035,1,260,5.0,247.0,180,180
T005273,2025-05-10,P013,C027,2,2900,8.0,5336.0,2100,4200
T005274,2025-05-10,P015,C005,13,520,0.0,6760.0,350,4550
T005275,2025-05-10,P007,C007,3,1850,0.0,5550.0,1200,3600
T005276,2025-05-10,P004,C033,3,340,0.0,1020.0,220,660
T005277,2025-05-10,P004,C036,1,340,0.0,340.0,220,220
T005278,2025-05-10,P004,C029,2,340,12.0,598.4,220,440
T005279,2025-05-10,P014,C001,13,260,0.0,3380.0,180,2340
T005280,2025-05-10,P016,C020,12,2100,0.0,25200.0,1400,16800
T005281,2025-05-10,P008,C030,4,6200,0.0,24800.0,4200,16800
T005282,2025-05-10,P003,C014,4,1250,12.0,4400.0,900,3600
T005283,2025-05-10,P009,C023,9,600,8.0,4968.0,420,3780
T005284,2025-05-10,P010,C007,2,380,10.0,684.0,260,520
T005285,2025-05-10,P008,C018,4,6200,10.0,22320.0,4200,16800
T005286,2025-05-11,P016,C019,4,2100,12.0,7392.0,1400,5600
T005287,2025-05-11,P018,C001,4,78,5.0,296.4,62,248
T005288,2025-05-11,P002,C034,4,900,0.0,3600.0,650,2600
T005289,2025-05-11,P014,C038,1,260,0.0,260.0,180,180
T005290,2025-05-11,P013,C025,2,2900,0.0,5800.0,2100,4200
T005291,2025-05-11,P006,C007,2,82,8.0,150.88,55,110
T005292,2025-05-11,P014,C021,7,260,0.0,1820.0,180,1260
T005293,2025-05-11,P006,C012,16,82,5.0,1246.4,55,880
T005294,2025-05-11,P015,C023,3,520,12.0,1372.8,350,1050
T005295,2025-05-11,P020,C006,16,3100,0.0,49600.0,2200,35200
T005296,2025-05-11,P005,C012,2,48,10.0,86.4,32,64
T005297,2025-05-11,P007,C027,2,1850,0.0,3700.0,1200,2400
T005298,2025-05-11,P014,C003,4,260,0.0,1040.0,180,720
T005299,2025-05-11,P005,C039,9,48,8.0,397.44,32,288
T005300,2025-05-11,P018,C003,5,78,10.0,351.0,62,310
T005301,2025-05-11,P006,C002,7,82,0.0,574.0,55,385
T005302,2025-05-11,P006,C030,3,82,0.0,246.0,55,165
T005303,2025-05-11,P015,C015,8,520,0.0,4160.0,350,2800
T005304,2025-05-11,P012,C029,3,5200,8.0,14352.0,3800,11400
T005305,2025-05-12,P008,C002,3,6200,0.0,18600.0,4200,12600
T005306,2025-05-12,P006,C040,1,82,0.0,82.0,55,55
T005307,2025-05-12,P015,C024,11,520,12.0,5033.6,350,3850
T005308,2025-05-12,P003,C030,11,1250,5.0,13062.5,900,9900
T005309,2025-05-12,P018,C024,1,78,0.0,78.0,62,62
T005310,2025-05-12,P009,C014,7,600,0.0,4200.0,420,2940
T005311,2025-05-12,P004,C018,3,340,0.0,1020.0,220,660
T005312,2025-05-12,P008,C037,12,6200,0.0,74400.0,4200,50400
T005313,2025-05-12,P016,C017,5,2100,0.0,10500.0,1400,7000
T005314,2025-05-12,P007,C040,13,1850,5.0,22847.5,1200,15600
T005315,2025-05-12,P019,C011,2,230,0.0,460.0,150,300
T005316,2025-05-12,P019,C027,6,230,0.0,1380.0,150,900
T005317,2025-05-12,P015,C004,8,520,0.0,4160.0,350,2800
T005318,2025-05-12,P010,C015,13,380,0.0,4940.0,260,3380
T005319,2025-05-13,P018,C007,5,78,0.0,390.0,62,310
T005320,2025-05-13,P006,C016,7,82,8.0,528.08,55,385
T005321,2025-05-13,P003,C003,2,1250,10.0,2250.0,900,1800
T005322,2025-05-13,P018,C017,1,78,12.0,68.64,62,62
T005323,2025-05-13,P011,C027,3,2600,5.0,7410.0,1800,5400
T005324,2025-05-13,P010,C012,4,380,0.0,1520.0,260,1040
T005325,2025-05-13,P012,C012,1,5200,0.0,5200.0,3800,3800
T005326,2025-05-13,P004,C001,12,340,12.0,3590.4,220,2640
T005327,2025-05-13,P006,C011,1,82,0.0,82.0,55,55
T005328,2025-05-13,P001,C011,5,3200,0.0,16000.0,2400,12000
T005329,2025-05-13,P011,C039,6,2600,0.0,15600.0,1800,10800
T005330,2025-05-14,P002,C030,6,900,0.0,5400.0,650,3900
T005331,2025-05-14,P006,C002,3,82,12.0,216.48,55,165
T005332,2025-05-14,P001,C037,6,3200,10.0,17280.0,2400,14400
T005333,2025-05-14,P013,C035,7,2900,0.0,20300.0,2100,14700
T005334,2025-05-14,P010,C002,2,380,0.0,760.0,260,520
T005335,2025-05-14,P007,C023,3,1850,0.0,5550.0,1200,3600
T005336,2025-05-14,P005,C008,8,48,0.0,384.0,32,256
T005337,2025-05-14,P005,C024,9,48,0.0,432.0,32,288
T005338,2025-05-14,P008,C005,2,6200,12.0,10912.0,4200,8400
T005339,2025-05-15,P003,C006,6,1250,8.0,6900.0,900,5400
T005340,2025-05-15,P011,C002,3,2600,8.0,7176.0,1800,5400
T005341,2025-05-15,P013,C019,5,2900,12.0,12760.0,2100,10500
T005342,2025-05-15,P002,C017,10,900,12.0,7920.0,650,6500
T005343,2025-05-15,P006,C018,5,82,10.0,369.0,55,275
T005344,2025-05-15,P013,C008,1,2900,12.0,2552.0,2100,2100
T005345,2025-05-15,P007,C017,17,1850,12.0,27676.0,1200,20400
T005346,2025-05-15,P012,C003,3,5200,10.0,14040.0,3800,11400
T005347,2025-05-15,P019,C023,1,230,10.0,207.0,150,150
T005348,2025-05-15,P005,C008,7,48,0.0,336.0,32,224
T005349,2025-05-15,P012,C028,10,5200,12.0,45760.0,3800,38000
T005350,2025-05-15,P005,C011,1,48,0.0,48.0,32,32
T005351,2025-05-16,P003,C040,10,1250,0.0,12500.0,900,9000
T005352,2025-05-16,P004,C014,6,340,0.0,2040.0,220,1320
T005353,2025-05-16,P016,C040,9,2100,8.0,17388.0,1400,12600
T005354,2025-05-16,P018,C008,5,78,0.0,390.0,62,310
T005355,2025-05-16,P015,C022,6,520,5.0,2964.0,350,2100
T005356,2025-05-16,P009,C015,3,600,5.0,1710.0,420,1260
T005357,2025-05-16,P019,C015,6,230,5.0,1311.0,150,900
T005358,2025-05-16,P004,C029,1,340,8.0,312.8,220,220
T005359,2025-05-16,P011,C011,14,2600,12.0,32032.0,1800,25200
T005360,2025-05-16,P015,C004,1,520,8.0,478.4,350,350
T005361,2025-05-16,P004,C010,3,340,0.0,1020.0,220,660
T005362,2025-05-16,P016,C001,4,2100,12.0,7392.0,1400,5600
T005363,2025-05-16,P002,C003,9,900,5.0,7695.0,650,5850
T005364,2025-05-16,P002,C023,9,900,5.0,7695.0,650,5850
T005365,2025-05-16,P006,C029,1,82,10.0,73.8,55,55
T005366,2025-05-16,P008,C039,6,6200,0.0,37200.0,4200,25200
T005367,2025-05-16,P014,C038,6,260,0.0,1560.0,180,1080
T005368,2025-05-16,P016,C007,2,2100,12.0,3696.0,1400,2800
T005369,2025-05-16,P010,C024,3,380,8.0,1048.8,260,780
T005370,2025-05-16,P008,C035,6,6200,0.0,37200.0,4200,25200
T005371,2025-05-17,P003,C006,4,1250,10.0,4500.0,900,3600
T005372,2025-05-17,P017,C031,7,420,8.0,2704.8,340,2380
T005373,2025-05-17,P004,C012,11,340,0.0,3740.0,220,2420
T005374,2025-05-17,P015,C021,2,520,0.0,1040.0,350,700
T005375,2025-05-17,P006,C024,4,82,0.0,328.0,55,220
T005376,2025-05-17,P014,C010,1,260,5.0,247.0,180,180
T005377,2025-05-17,P015,C015,8,520,5.0,3952.0,350,2800
T005378,2025-05-17,P017,C036,3,420,0.0,1260.0,340,1020
T005379,2025-05-17,P015,C022,9,520,10.0,4212.0,350,3150
T005380,2025-05-17,P004,C016,5,340,5.0,1615.0,220,1100
T005381,2025-05-17,P010,C025,2,380,0.0,760.0,260,520
T005382,2025-05-17,P012,C033,10,5200,0.0,52000.0,3800,38000
T005383,2025-05-17,P016,C034,5,2100,0.0,10500.0,1400,7000
T005384,2025-05-17,P010,C033,1,380,10.0,342.0,260,260
T005385,2025-05-17,P003,C029,7,1250,0.0,8750.0,900,6300
T005386,2025-05-17,P014,C039,14,260,12.0,3203.2,180,2520
T005387,2025-05-18,P007,C010,3,1850,0.0,5550.0,1200,3600
T005388,2025-05-18,P001,C019,3,3200,0.0,9600.0,2400,7200
T005389,2025-05-18,P009,C024,4,600,0.0,2400.0,420,1680
T005390,2025-05-18,P002,C010,2,900,10.0,1620.0,650,1300
T005391,2025-05-18,P015,C011,7,520,0.0,3640.0,350,2450
T005392,2025-05-18,P004,C002,5,340,0.0,1700.0,220,1100
T005393,2025-05-18,P010,C036,3,380,0.0,1140.0,260,780
T005394,2025-05-18,P012,C038,3,5200,10.0,14040.0,3800,11400
T005395,2025-05-18,P004,C037,9,340,10.0,2754.0,220,1980
T005396,2025-05-18,P001,C029,1,3200,0.0,3200.0,2400,2400
T005397,2025-05-18,P010,C016,4,380,0.0,1520.0,260,1040
T005398,2025-05-18,P011,C006,4,2600,0.0,10400.0,1800,7200
T005399,2025-05-18,P010,C021,5,380,0.0,1900.0,260,1300
T005400,2025-05-18,P001,C022,7,3200,0.0,22400.0,2400,16800
T005401,2025-05-18,P002,C009,4,900,8.0,3312.0,650,2600
T005402,2025-05-18,P002,C012,6,900,0.0,5400.0,650,3900
T005403,2025-05-18,P002,C012,2,900,5.0,1710.0,650,1300
T005404,2025-05-18,P002,C024,16,900,0.0,14400.0,650,10400
T005405,2025-05-18,P004,C001,5,340,8.0,1564.0,220,1100
T005406,2025-05-19,P002,C028,7,900,8.0,5796.0,650,4550
T005407,2025-05-19,P010,C030,4,380,5.0,1444.0,260,1040
T005408,2025-05-19,P001,C027,6,3200,12.0,16896.0,2400,14400
T005409,2025-05-19,P016,C017,1,2100,10.0,1890.0,1400,1400
T005410,2025-05-19,P009,C030,9,600,0.0,5400.0,420,3780
T005411,2025-05-19,P009,C006,4,600,0.0,2400.0,420,1680
T005412,2025-05-19,P013,C010,5,2900,10.0,13050.0,2100,10500
T005413,2025-05-19,P008,C002,3,6200,8.0,17112.0,4200,12600
T005414,2025-05-19,P011,C017,4,2600,0.0,10400.0,1800,7200
T005415,2025-05-19,P016,C015,5,2100,12.0,9240.0,1400,7000
T005416,2025-05-19,P016,C012,9,2100,8.0,17388.0,1400,12600
T005417,2025-05-20,P018,C003,11,78,0.0,858.0,62,682
T005418,2025-05-20,P004,C019,4,340,10.0,1224.0,220,880
T005419,2025-05-20,P009,C012,3,600,0.0,1800.0,420,1260
T005420,2025-05-20,P009,C017,1,600,10.0,540.0,420,420
T005421,2025-05-20,P013,C021,1,2900,8.0,2668.0,2100,2100
T005422,2025-05-20,P012,C031,3,5200,10.0,14040.0,3800,11400
T005423,2025-05-20,P007,C036,2,1850,5.0,3515.0,1200,2400
T005424,2025-05-20,P012,C003,6,5200,5.0,29640.0,3800,22800
T005425,2025-05-20,P019,C003,4,230,10.0,828.0,150,600
T005426,2025-05-20,P003,C028,5,1250,12.0,5500.0,900,4500
T005427,2025-05-20,P014,C020,5,260,10.0,1170.0,180,900
T005428,2025-05-20,P003,C021,10,1250,5.0,11875.0,900,9000
T005429,2025-05-20,P002,C013,17,900,8.0,14076.0,650,11050
T005430,2025-05-20,P011,C010,5,2600,0.0,13000.0,1800,9000
T005431,2025-05-20,P015,C022,10,520,0.0,5200.0,350,3500
T005432,2025-05-21,P001,C030,1,3200,0.0,3200.0,2400,2400
T005433,2025-05-21,P020,C013,3,3100,8.0,8556.0,2200,6600
T005434,2025-05-21,P007,C012,5,1850,0.0,9250.0,1200,6000
T005435,2025-05-21,P003,C013,4,1250,0.0,5000.0,900,3600
T005436,2025-05-21,P020,C027,5,3100,0.0,15500.0,2200,11000
T005437,2025-05-21,P004,C015,10,340,10.0,3060.0,220,2200
T005438,2025-05-21,P016,C010,4,2100,0.0,8400.0,1400,5600
T005439,2025-05-21,P020,C020,21,3100,0.0,65100.0,2200,46200
T005440,2025-05-21,P014,C008,9,260,5.0,2223.0,180,1620
T005441,2025-05-21,P020,C039,9,3100,8.0,25668.0,2200,19800
T005442,2025-05-21,P004,C009,5,340,0.0,1700.0,220,1100
T005443,2025-05-21,P017,C022,15,420,0.0,6300.0,340,5100
T005444,2025-05-21,P015,C021,11,520,5.0,5434.0,350,3850
T005445,2025-05-21,P019,C037,4,230,8.0,846.4,150,600
T005446,2025-05-21,P012,C034,5,5200,5.0,24700.0,3800,19000
T005447,2025-05-21,P011,C040,4,2600,10.0,9360.0,1800,7200
T005448,2025-05-21,P012,C040,1,5200,5.0,4940.0,3800,3800
T005449,2025-05-21,P020,C039,1,3100,10.0,2790.0,2200,2200
T005450,2025-05-22,P013,C035,2,2900,5.0,5510.0,2100,4200
T005451,2025-05-22,P008,C028,2,6200,12.0,10912.0,4200,8400
T005452,2025-05-22,P005,C010,6,48,8.0,264.96,32,192
T005453,2025-05-22,P002,C028,6,900,8.0,4968.0,650,3900
T005454,2025-05-22,P003,C034,5,1250,10.0,5625.0,900,4500
T005455,2025-05-22,P010,C008,7,380,5.0,2527.0,260,1820
T005456,2025-05-22,P015,C033,3,520,0.0,1560.0,350,1050
T005457,2025-05-22,P008,C016,11,6200,10.0,61380.0,4200,46200
T005458,2025-05-22,P002,C018,22,900,0.0,19800.0,650,14300
T005459,2025-05-22,P015,C022,4,520,5.0,1976.0,350,1400
T005460,2025-05-22,P019,C018,9,230,0.0,2070.0,150,1350
T005461,2025-05-22,P001,C015,2,3200,0.0,6400.0,2400,4800
T005462,2025-05-23,P018,C010,8,78,0.0,624.0,62,496
T005463,2025-05-23,P013,C006,3,2900,0.0,8700.0,2100,6300
T005464,2025-05-23,P019,C006,3,230,10.0,621.0,150,450
T005465,2025-05-23,P008,C037,18,6200,0.0,111600.0,4200,75600
T005466,2025-05-23,P012,C004,13,5200,12.0,59488.0,3800,49400
T005467,2025-05-23,P012,C014,1,5200,0.0,5200.0,3800,3800
T005468,2025-05-23,P003,C028,1,1250,0.0,1250.0,900,900
T005469,2025-05-23,P005,C027,7,48,12.0,295.68,32,224
T005470,2025-05-23,P011,C028,13,2600,5.0,32110.0,1800,23400
T005471,2025-05-23,P001,C025,4,3200,0.0,12800.0,2400,9600
T005472,2025-05-23,P008,C025,5,6200,0.0,31000.0,4200,21000
T005473,2025-05-23,P020,C028,5,3100,0.0,15500.0,2200,11000
T005474,2025-05-23,P019,C037,3,230,0.0,690.0,150,450
T005475,2025-05-23,P015,C012,5,520,8.0,2392.0,350,1750
T005476,2025-05-24,P003,C009,10,1250,0.0,12500.0,900,9000
T005477,2025-05-24,P013,C005,2,2900,0.0,5800.0,2100,4200
T005478,2025-05-24,P016,C038,7,2100,5.0,13965.0,1400,9800
T005479,2025-05-24,P001,C032,3,3200,0.0,9600.0,2400,7200
T005480,2025-05-24,P010,C002,3,380,10.0,1026.0,260,780
T005481,2025-05-24,P011,C031,8,2600,5.0,19760.0,1800,14400
T005482,2025-05-24,P011,C014,8,2600,8.0,19136.0,1800,14400
T005483,2025-05-24,P018,C003,4,78,12.0,274.56,62,248
T005484,2025-05-24,P017,C032,18,420,8.0,6955.2,340,6120
T005485,2025-05-24,P001,C007,3,3200,0.0,9600.0,2400,7200
T005486,2025-05-24,P014,C008,3,260,0.0,780.0,180,540
T005487,2025-05-24,P019,C031,5,230,8.0,1058.0,150,750
T005488,2025-05-24,P015,C010,5,520,5.0,2470.0,350,1750
T005489,2025-05-25,P002,C020,10,900,0.0,9000.0,650,6500
T005490,2025-05-25,P017,C009,1,420,0.0,420.0,340,340
T005491,2025-05-25,P002,C019,3,900,12.0,2376.0,650,1950
T005492,2025-05-25,P008,C024,4,6200,12.0,21824.0,4200,16800
T005493,2025-05-25,P001,C025,5,3200,10.0,14400.0,2400,12000
T005494,2025-05-25,P008,C019,2,6200,8.0,11408.0,4200,8400
T005495,2025-05-25,P008,C028,1,6200,0.0,6200.0,4200,4200
T005496,2025-05-25,P011,C038,6,2600,0.0,15600.0,1800,10800
T005497,2025-05-25,P009,C019,10,600,8.0,5520.0,420,4200
T005498,2025-05-25,P016,C016,1,2100,0.0,2100.0,1400,1400
T005499,2025-05-25,P004,C011,1,340,12.0,299.2,220,220
T005500,2025-05-25,P006,C001,6,82,12.0,432.96,55,330
T005501,2025-05-25,P019,C003,5,230,5.0,1092.5,150,750
T005502,2025-05-25,P014,C023,2,260,12.0,457.6,180,360
T005503,2025-05-26,P009,C006,3,600,8.0,1656.0,420,1260
T005504,2025-05-26,P002,C006,1,900,0.0,900.0,650,650
T005505,2025-05-26,P006,C012,1,82,12.0,72.16,55,55
T005506,2025-05-26,P008,C003,5,6200,10.0,27900.0,4200,21000
T005507,2025-05-26,P003,C013,8,1250,0.0,10000.0,900,7200
T005508,2025-05-26,P003,C016,2,1250,0.0,2500.0,900,1800
T005509,2025-05-26,P002,C013,4,900,0.0,3600.0,650,2600
T005510,2025-05-26,P017,C034,3,420,5.0,1197.0,340,1020
T005511,2025-05-26,P019,C003,9,230,8.0,1904.4,150,1350
T005512,2025-05-26,P009,C023,1,600,12.0,528.0,420,420
T005513,2025-05-26,P007,C007,10,1850,0.0,18500.0,1200,12000
T005514,2025-05-26,P014,C030,8,260,5.0,1976.0,180,1440
T005515,2025-05-26,P005,C035,1,48,5.0,45.6,32,32
T005516,2025-05-26,P005,C009,5,48,5.0,228.0,32,160
T005517,2025-05-26,P011,C014,11,2600,0.0,28600.0,1800,19800
T005518,2025-05-26,P012,C021,4,5200,5.0,19760.0,3800,15200
T005519,2025-05-27,P013,C014,2,2900,0.0,5800.0,2100,4200
T005520,2025-05-27,P003,C011,5,1250,0.0,6250.0,900,4500
T005521,2025-05-27,P014,C001,6,260,0.0,1560.0,180,1080
T005522,2025-05-27,P012,C010,6,5200,0.0,31200.0,3800,22800
T005523,2025-05-27,P013,C029,6,2900,0.0,17400.0,2100,12600
T005524,2025-05-27,P008,C030,6,6200,10.0,33480.0,4200,25200
T005525,2025-05-27,P014,C024,2,260,0.0,520.0,180,360
T005526,2025-05-27,P020,C019,11,3100,5.0,32395.0,2200,24200
T005527,2025-05-27,P005,C006,6,48,10.0,259.2,32,192
T005528,2025-05-27,P019,C032,3,230,0.0,690.0,150,450
T005529,2025-05-28,P016,C018,8,2100,0.0,16800.0,1400,11200
T005530,2025-05-28,P012,C027,3,5200,0.0,15600.0,3800,11400
T005531,2025-05-28,P004,C001,1,340,0.0,340.0,220,220
T005532,2025-05-28,P019,C015,5,230,10.0,1035.0,150,750
T005533,2025-05-28,P003,C014,1,1250,8.0,1150.0,900,900
T005534,2025-05-29,P010,C035,7,380,0.0,2660.0,260,1820
T005535,2025-05-29,P009,C021,2,600,0.0,1200.0,420,840
T005536,2025-05-29,P013,C028,2,2900,0.0,5800.0,2100,4200
T005537,2025-05-29,P009,C040,6,600,0.0,3600.0,420,2520
T005538,2025-05-29,P014,C039,3,260,8.0,717.6,180,540
T005539,2025-05-29,P018,C012,7,78,8.0,502.32,62,434
T005540,2025-05-29,P008,C003,14,6200,10.0,78120.0,4200,58800
T005541,2025-05-29,P020,C036,2,3100,10.0,5580.0,2200,4400
T005542,2025-05-29,P018,C040,4,78,0.0,312.0,62,248
T005543,2025-05-29,P010,C014,4,380,0.0,1520.0,260,1040
T005544,2025-05-29,P001,C028,11,3200,0.0,35200.0,2400,26400
T005545,2025-05-29,P014,C008,4,260,0.0,1040.0,180,720
T005546,2025-05-29,P012,C022,1,5200,0.0,5200.0,3800,3800
T005547,2025-05-29,P019,C009,1,230,0.0,230.0,150,150
T005548,2025-05-29,P005,C022,6,48,0.0,288.0,32,192
T005549,2025-05-29,P013,C002,7,2900,5.0,19285.0,2100,14700
T005550,2025-05-29,P001,C007,3,3200,8.0,8832.0,2400,7200
T005551,2025-05-29,P009,C036,12,600,10.0,6480.0,420,5040
T005552,2025-05-29,P015,C031,2,520,5.0,988.0,350,700
T005553,2025-05-29,P008,C002,5,6200,0.0,31000.0,4200,21000
T005554,2025-05-30,P005,C006,8,48,0.0,384.0,32,256
T005555,2025-05-30,P007,C007,4,1850,0.0,7400.0,1200,4800
T005556,2025-05-30,P010,C017,2,380,0.0,760.0,260,520
T005557,2025-05-30,P007,C014,10,1850,0.0,18500.0,1200,12000
T005558,2025-05-30,P006,C001,1,82,0.0,82.0,55,55
T005559,2025-05-30,P010,C012,22,380,8.0,7691.2,260,5720
T005560,2025-05-30,P020,C012,8,3100,0.0,24800.0,2200,17600
T005561,2025-05-30,P011,C007,4,2600,0.0,10400.0,1800,7200
T005562,2025-05-30,P020,C033,10,3100,8.0,28520.0,2200,22000
T005563,2025-05-30,P005,C018,4,48,0.0,192.0,32,128
T005564,2025-05-30,P009,C007,9,600,10.0,4860.0,420,3780
T005565,2025-05-30,P004,C004,7,340,0.0,2380.0,220,1540
T005566,2025-05-30,P005,C037,15,48,12.0,633.6,32,480
T005567,2025-05-30,P002,C018,10,900,0.0,9000.0,650,6500
T005568,2025-05-30,P007,C032,4,1850,0.0,7400.0,1200,4800
T005569,2025-05-30,P015,C030,4,520,5.0,1976.0,350,1400
T005570,2025-05-30,P017,C025,1,420,0.0,420.0,340,340
T005571,2025-05-30,P015,C027,6,520,8.0,2870.4,350,2100
T005572,2025-05-31,P001,C006,4,3200,0.0,12800.0,2400,9600
T005573,2025-05-31,P011,C040,7,2600,5.0,17290.0,1800,12600
T005574,2025-05-31,P008,C008,2,6200,0.0,12400.0,4200,8400
T005575,2025-05-31,P001,C033,1,3200,12.0,2816.0,2400,2400
T005576,2025-05-31,P009,C016,7,600,0.0,4200.0,420,2940
T005577,2025-05-31,P003,C002,10,1250,0.0,12500.0,900,9000
T005578,2025-05-31,P006,C026,1,82,0.0,82.0,55,55
T005579,2025-05-31,P010,C006,1,380,12.0,334.4,260,260
T005580,2025-05-31,P002,C027,3,900,0.0,2700.0,650,1950
T005581,2025-05-31,P004,C010,1,340,8.0,312.8,220,220
T005582,2025-05-31,P008,C014,7,6200,0.0,43400.0,4200,29400
T005583,2025-05-31,P016,C020,5,2100,8.0,9660.0,1400,7000
T005584,2025-05-31,P018,C023,3,78,5.0,222.3,62,186
T005585,2025-05-31,P007,C032,4,1850,8.0,6808.0,1200,4800
T005586,2025-05-31,P019,C015,9,230,5.0,1966.5,150,1350
T005587,2025-06-01,P001,C001,7,3200,0.0,22400.0,2400,16800
T005588,2025-06-01,P015,C029,1,520,0.0,520.0,350,350
T005589,2025-06-01,P017,C029,15,420,10.0,5670.0,340,5100
T005590,2025-06-01,P013,C031,5,2900,,13050.0,2100,10500
T005591,2025-06-01,P002,C015,3,900,0.0,2700.0,650,1950
T005592,2025-06-01,P012,C007,1,5200,10.0,4680.0,3800,3800
T005593,2025-06-01,P019,C006,1,230,5.0,218.5,150,150
T005594,2025-06-01,P004,C009,7,340,0.0,2380.0,220,1540
T005595,2025-06-02,P020,C037,1,3100,10.0,2790.0,2200,2200
T005596,2025-06-02,P019,C025,3,230,0.0,690.0,150,450
T005597,2025-06-02,P003,C038,3,1250,0.0,3750.0,900,2700
T005598,2025-06-02,P018,C036,3,78,10.0,210.6,62,186
T005599,2025-06-02,P007,C029,8,1850,0.0,14800.0,1200,9600
T005600,2025-06-02,P005,C001,4,48,0.0,192.0,32,128
T005601,2025-06-02,P019,C004,3,230,8.0,634.8,150,450
T005602,2025-06-02,P008,C002,5,6200,0.0,31000.0,4200,21000
T005603,2025-06-03,P006,C025,6,82,12.0,432.96,55,330
T005604,2025-06-03,P010,C008,10,380,10.0,3420.0,260,2600
T005605,2025-06-03,P005,C004,3,48,0.0,144.0,32,96
T005606,2025-06-03,P003,C040,7,1250,10.0,7875.0,900,6300
T005607,2025-06-03,P001,C001,1,3200,12.0,2816.0,2400,2400
T005608,2025-06-03,P009,C021,18,600,0.0,10800.0,420,7560
T005609,2025-06-03,P009,C022,6,600,0.0,3600.0,420,2520
T005610,2025-06-03,P004,C040,2,340,0.0,680.0,220,440
T005611,2025-06-03,P020,C013,2,3100,5.0,5890.0,2200,4400
T005612,2025-06-04,P001,C032,7,3200,5.0,21280.0,2400,16800
T005613,2025-06-04,P019,C009,4,230,0.0,920.0,150,600
T005614,2025-06-04,P011,C035,1,2600,0.0,2600.0,1800,1800
T005615,2025-06-04,P011,C029,3,2600,0.0,7800.0,1800,5400
T005616,2025-06-04,P009,C028,4,600,0.0,2400.0,420,1680
T005617,2025-06-04,P017,C039,12,420,8.0,4636.8,340,4080
T005618,2025-06-04,P019,C032,4,230,12.0,809.6,150,600
T005619,2025-06-04,P002,C016,6,900,0.0,5400.0,650,3900
T005620,2025-06-04,P010,C028,4,380,12.0,1337.6,260,1040
T005621,2025-06-05,P019,C018,1,230,10.0,207.0,150,150
T005622,2025-06-05,P001,C021,1,3200,12.0,2816.0,2400,2400
T005623,2025-06-05,P008,C025,5,6200,0.0,31000.0,4200,21000
T005624,2025-06-05,P008,C033,6,6200,5.0,35340.0,4200,25200
T005625,2025-06-05,P020,C015,7,3100,5.0,20615.0,2200,15400
T005626,2025-06-05,P018,C015,2,78,8.0,143.52,62,124
T005627,2025-06-05,P009,C013,5,600,5.0,2850.0,420,2100
T005628,2025-06-05,P013,C027,6,2900,12.0,15312.0,2100,12600
T005629,2025-06-05,P014,C029,5,260,0.0,1300.0,180,900
T005630,2025-06-05,P004,C036,3,340,10.0,918.0,220,660
T005631,2025-06-06,P020,C019,1,3100,0.0,3100.0,2200,2200
T005632,2025-06-06,P012,C031,1,5200,5.0,4940.0,3800,3800
T005633,2025-06-06,P018,C003,1,78,0.0,78.0,62,62
T005634,2025-06-06,P002,C026,5,900,0.0,4500.0,650,3250
T005635,2025-06-06,P020,C009,7,3100,8.0,19964.0,2200,15400
T005636,2025-06-06,P001,C016,7,3200,10.0,20160.0,2400,16800
T005637,2025-06-06,P004,C030,4,340,12.0,1196.8,220,880
T005638,2025-06-06,P019,C031,2,230,5.0,437.0,150,300
T005639,2025-06-06,P015,C034,17,520,5.0,8398.0,350,5950
T005640,2025-06-06,P016,C035,12,2100,12.0,22176.0,1400,16800
T005641,2025-06-06,P007,C010,4,1850,0.0,7400.0,1200,4800
T005642,2025-06-06,P019,C038,4,230,10.0,828.0,150,600
T005643,2025-06-06,P015,C027,4,520,12.0,1830.4,350,1400
T005644,2025-06-07,P013,C006,4,2900,8.0,10672.0,2100,8400
T005645,2025-06-07,P002,C001,7,900,8.0,5796.0,650,4550
T005646,2025-06-07,P011,C011,2,2600,10.0,4680.0,1800,3600
T005647,2025-06-07,P015,C007,4,520,0.0,2080.0,350,1400
T005648,2025-06-08,P017,C031,21,420,0.0,8820.0,340,7140
T005649,2025-06-08,P011,C006,3,2600,0.0,7800.0,1800,5400
T005650,2025-06-08,P019,C036,3,230,0.0,690.0,150,450
T005651,2025-06-08,P001,C002,3,3200,0.0,9600.0,2400,7200
T005652,2025-06-08,P001,C007,7,3200,12.0,19712.0,2400,16800
T005653,2025-06-08,P008,C012,1,6200,0.0,6200.0,4200,4200
T005654,2025-06-08,P017,C020,2,420,10.0,756.0,340,680
T005655,2025-06-08,P015,C011,2,520,0.0,1040.0,350,700
T005656,2025-06-08,P001,C032,9,3200,0.0,28800.0,2400,21600
T005657,2025-06-09,P016,C005,4,2100,8.0,7728.0,1400,5600
T005658,2025-06-09,P014,C034,1,260,12.0,228.8,180,180
T005659,2025-06-09,P002,C016,1,900,10.0,810.0,650,650
T005660,2025-06-09,P002,C021,2,900,0.0,1800.0,650,1300
T005661,2025-06-09,P001,C021,10,3200,0.0,32000.0,2400,24000
T005662,2025-06-09,P010,C028,18,380,0.0,6840.0,260,4680
T005663,2025-06-09,P011,C003,2,2600,5.0,4940.0,1800,3600
T005664,2025-06-09,P020,C003,5,3100,0.0,15500.0,2200,11000
T005665,2025-06-09,P003,C028,1,1250,0.0,1250.0,900,900
T005666,2025-06-09,P009,C040,11,600,5.0,6270.0,420,4620
T005667,2025-06-10,P016,C019,1,2100,0.0,2100.0,1400,1400
T005668,2025-06-10,P011,C018,2,2600,10.0,4680.0,1800,3600
T005669,2025-06-10,P014,C008,4,260,0.0,1040.0,180,720
T005670,2025-06-10,P003,C004,9,1250,0.0,11250.0,900,8100
T005671,2025-06-10,P008,C006,8,6200,0.0,49600.0,4200,33600
T005672,2025-06-10,P007,C029,2,1850,8.0,3404.0,1200,2400
T005673,2025-06-10,P006,C022,5,82,10.0,369.0,55,275
T005674,2025-06-10,P018,C008,7,78,0.0,546.0,62,434
T005675,2025-06-10,P015,C005,21,520,5.0,10374.0,350,7350
T005676,2025-06-10,P012,C012,6,5200,12.0,27456.0,3800,22800
T005677,2025-06-10,P020,C039,3,3100,0.0,9300.0,2200,6600
T005678,2025-06-10,P018,C016,9,78,0.0,702.0,62,558
T005679,2025-06-10,P004,C005,4,340,5.0,1292.0,220,880
T005680,2025-06-11,P008,C040,11,6200,0.0,68200.0,4200,46200
T005681,2025-06-11,P007,C011,3,1850,10.0,4995.0,1200,3600
T005682,2025-06-11,P019,C019,1,230,5.0,218.5,150,150
T005683,2025-06-11,P011,C018,1,2600,0.0,2600.0,1800,1800
T005684,2025-06-12,P018,C010,11,78,12.0,755.04,62,682
T005685,2025-06-12,P011,C002,5,2600,0.0,13000.0,1800,9000
T005686,2025-06-12,P003,C014,3,1250,0.0,3750.0,900,2700
T005687,2025-06-12,P010,C032,13,380,0.0,4940.0,260,3380
T005688,2025-06-12,P017,C027,13,420,10.0,4914.0,340,4420
T005689,2025-06-12,P001,C022,5,3200,5.0,15200.0,2400,12000
T005690,2025-06-12,P003,C031,14,1250,8.0,16100.0,900,12600
T005691,2025-06-12,P012,C026,10,5200,0.0,52000.0,3800,38000
T005692,2025-06-12,P009,C013,5,600,0.0,3000.0,420,2100
T005693,2025-06-12,P014,C011,5,260,8.0,1196.0,180,900
T005694,2025-06-12,P001,C026,2,3200,12.0,5632.0,2400,4800
T005695,2025-06-12,P007,C039,1,1850,0.0,1850.0,1200,1200
T005696,2025-06-12,P014,C004,9,260,10.0,2106.0,180,1620
T005697,2025-06-13,P012,C025,7,5200,12.0,32032.0,3800,26600
T005698,2025-06-13,P006,C006,7,82,8.0,528.08,55,385
T005699,2025-06-13,P017,C030,8,420,8.0,3091.2,340,2720
T005700,2025-06-13,P010,C032,6,380,0.0,2280.0,260,1560
T005701,2025-06-13,P002,C003,8,900,12.0,6336.0,650,5200
T005702,2025-06-13,P007,C013,15,1850,0.0,27750.0,1200,18000
T005703,2025-06-13,P019,C017,4,230,8.0,846.4,150,600
T005704,2025-06-14,P013,C010,7,2900,0.0,20300.0,2100,14700
T005705,2025-06-14,P005,C020,7,48,0.0,336.0,32,224
T005706,2025-06-14,P006,C021,8,82,0.0,656.0,55,440
T005707,2025-06-14,P003,C028,3,1250,0.0,3750.0,900,2700
T005708,2025-06-14,P009,C026,7,600,12.0,3696.0,420,2940
T005709,2025-06-14,P003,C025,7,1250,12.0,7700.0,900,6300
T005710,2025-06-14,P020,C007,2,3100,0.0,6200.0,2200,4400
T005711,2025-06-14,P015,C036,8,520,12.0,3660.8,350,2800
T005712,2025-06-14,P018,C037,3,78,8.0,215.28,62,186
T005713,2025-06-15,P013,C017,6,2900,12.0,15312.0,2100,12600
T005714,2025-06-15,P019,C001,6,230,0.0,1380.0,150,900
T005715,2025-06-15,P005,C036,1,48,0.0,48.0,32,32
T005716,2025-06-15,P010,C036,6,380,0.0,2280.0,260,1560
T005717,2025-06-15,P012,C028,8,5200,10.0,37440.0,3800,30400
T005718,2025-06-15,P004,C018,3,340,10.0,918.0,220,660
T005719,2025-06-15,P009,C029,6,600,0.0,3600.0,420,2520
T005720,2025-06-15,P016,C029,3,2100,0.0,6300.0,1400,4200
T005721,2025-06-16,P008,C035,6,6200,0.0,37200.0,4200,25200
T005722,2025-06-16,P011,C012,2,2600,8.0,4784.0,1800,3600
T005723,2025-06-16,P002,C035,6,900,0.0,5400.0,650,3900
T005724,2025-06-16,P013,C035,8,2900,0.0,23200.0,2100,16800
T005725,2025-06-17,P003,C027,4,1250,0.0,5000.0,900,3600
T005726,2025-06-17,P017,C016,5,420,10.0,1890.0,340,1700
T005727,2025-06-17,P010,C039,5,380,0.0,1900.0,260,1300
T005728,2025-06-17,P018,C001,4,78,0.0,312.0,62,248
T005729,2025-06-17,P006,C021,4,82,10.0,295.2,55,220
T005730,2025-06-17,P009,C034,11,600,8.0,6072.0,420,4620
T005731,2025-06-17,P004,C016,3,340,0.0,1020.0,220,660
T005732,2025-06-18,P006,C028,1,82,5.0,77.9,55,55
T005733,2025-06-18,P007,C038,2,1850,12.0,3256.0,1200,2400
T005734,2025-06-18,P016,C022,5,2100,5.0,9975.0,1400,7000
T005735,2025-06-18,P002,C031,5,900,8.0,4140.0,650,3250
T005736,2025-06-18,P007,C011,4,1850,0.0,7400.0,1200,4800
T005737,2025-06-18,P014,C004,2,260,0.0,520.0,180,360
T005738,2025-06-19,P013,C030,8,2900,0.0,23200.0,2100,16800
T005739,2025-06-19,P017,C037,19,420,8.0,7341.6,340,6460
T005740,2025-06-19,P013,C003,9,2900,12.0,22968.0,2100,18900
T005741,2025-06-19,P016,C005,6,2100,0.0,12600.0,1400,8400
T005742,2025-06-19,P005,C026,12,48,5.0,547.2,32,384
T005743,2025-06-19,P008,C022,12,6200,8.0,68448.0,4200,50400
T005744,2025-06-19,P019,C003,12,230,5.0,2622.0,150,1800
T005745,2025-06-19,P014,C040,10,260,0.0,2600.0,180,1800
T005746,2025-06-19,P001,C032,2,3200,12.0,5632.0,2400,4800
T005747,2025-06-19,P010,C005,2,380,0.0,760.0,260,520
T005748,2025-06-19,P004,C019,1,340,12.0,299.2,220,220
T005749,2025-06-20,P009,C013,5,600,12.0,2640.0,420,2100
T005750,2025-06-20,P018,C024,5,78,8.0,358.8,62,310
T005751,2025-06-20,P018,C038,6,78,0.0,468.0,62,372
T005752,2025-06-20,P014,C032,7,260,8.0,1674.4,180,1260
T005753,2025-06-20,P012,C037,2,5200,12.0,9152.0,3800,7600
T005754,2025-06-20,P008,C008,7,6200,0.0,43400.0,4200,29400
T005755,2025-06-20,P004,C021,10,340,5.0,3230.0,220,2200
T005756,2025-06-20,P018,C028,11,78,0.0,858.0,62,682
T005757,2025-06-20,P008,C030,3,6200,5.0,17670.0,4200,12600
T005758,2025-06-20,P012,C020,3,5200,12.0,13728.0,3800,11400
T005759,2025-06-20,P009,C003,2,600,10.0,1080.0,420,840
T005760,2025-06-20,P019,C040,1,230,0.0,230.0,150,150
T005761,2025-06-20,P017,C032,1,420,5.0,399.0,340,340
T005762,2025-06-21,P007,C036,2,1850,0.0,3700.0,1200,2400
T005763,2025-06-21,P010,C014,12,380,5.0,4332.0,260,3120
T005764,2025-06-21,P017,C032,3,420,0.0,1260.0,340,1020
T005765,2025-06-21,P011,C013,4,2600,0.0,10400.0,1800,7200
T005766,2025-06-21,P007,C002,4,1850,10.0,6660.0,1200,4800
T005767,2025-06-21,P015,C030,9,520,0.0,4680.0,350,3150
T005768,2025-06-21,P016,C027,-1,2100,5.0,3990.0,1400,2800
T005769,2025-06-21,P013,C040,7,2900,5.0,19285.0,2100,14700
T005770,2025-06-21,P017,C025,3,420,0.0,1260.0,340,1020
T005771,2025-06-21,P012,C038,1,5200,0.0,5200.0,3800,3800
T005772,2025-06-22,P004,C008,14,340,0.0,4760.0,220,3080
T005773,2025-06-22,P001,C014,5,3200,,14720.0,2400,12000
T005774,2025-06-22,P020,C023,5,3100,5.0,14725.0,2200,11000
T005775,2025-06-22,P006,C034,7,82,12.0,505.12,55,385
T005776,2025-06-22,P017,C012,10,420,0.0,4200.0,340,3400
T005777,2025-06-22,P007,C035,12,1850,8.0,20424.0,1200,14400
T005778,2025-06-22,P006,C029,9,82,0.0,738.0,55,495
T005779,2025-06-22,P011,C028,1,2600,8.0,2392.0,1800,1800
T005780,2025-06-22,P013,C007,10,2900,12.0,25520.0,2100,21000
T005781,2025-06-22,P005,C030,9,48,0.0,432.0,32,288
T005782,2025-06-23,P002,C015,16,900,10.0,12960.0,650,10400
T005783,2025-06-23,P020,C021,4,3100,5.0,11780.0,2200,8800
T005784,2025-06-23,P012,C031,1,5200,8.0,4784.0,3800,3800
T005785,2025-06-23,P010,C018,8,380,10.0,2736.0,260,2080
T005786,2025-06-23,P020,C031,2,3100,8.0,5704.0,2200,4400
T005787,2025-06-23,P006,C035,4,82,0.0,328.0,55,220
T005788,2025-06-23,P007,C020,5,1850,8.0,8510.0,1200,6000
T005789,2025-06-24,P001,C026,10,3200,10.0,28800.0,2400,24000
T005790,2025-06-24,P005,C033,8,48,0.0,384.0,32,256
T005791,2025-06-24,P009,C018,8,600,0.0,4800.0,420,3360
T005792,2025-06-24,P011,C013,11,2600,0.0,28600.0,1800,19800
T005793,2025-06-24,P009,C018,15,600,8.0,8280.0,420,6300
T005794,2025-06-24,P015,C022,16,520,0.0,8320.0,350,5600
T005795,2025-06-24,P006,C039,4,82,5.0,311.6,55,220
T005796,2025-06-24,P001,C012,6,3200,10.0,17280.0,2400,14400
T005797,2025-06-24,P007,C034,4,1850,12.0,6512.0,1200,4800
T005798,2025-06-24,P010,C024,8,380,12.0,2675.2,260,2080
T005799,2025-06-24,P019,C015,8,230,0.0,1840.0,150,1200
T005800,2025-06-24,P010,C016,2,380,0.0,760.0,260,520
T005801,2025-06-24,P018,C018,1,78,8.0,71.76,62,62
T005802,2025-06-25,P005,C023,3,48,0.0,144.0,32,96
T005803,2025-06-25,P009,C030,10,600,12.0,5280.0,420,4200
T005804,2025-06-25,P012,C036,4,5200,0.0,20800.0,3800,15200
T005805,2025-06-25,P014,C024,4,260,12.0,915.2,180,720
T005806,2025-06-25,P020,C013,1,3100,8.0,2852.0,2200,2200
T005807,2025-06-25,P020,C035,3,3100,12.0,8184.0,2200,6600
T005808,2025-06-25,P010,C026,4,380,0.0,1520.0,260,1040
T005809,2025-06-26,P009,C015,9,600,10.0,4860.0,420,3780
T005810,2025-06-26,P010,C005,6,380,0.0,2280.0,260,1560
T005811,2025-06-26,P013,C024,6,2900,10.0,15660.0,2100,12600
T005812,2025-06-26,P019,C022,4,230,5.0,874.0,150,600
T005813,2025-06-26,P007,C033,2,1850,8.0,3404.0,1200,2400
T005814,2025-06-26,P009,C009,5,600,5.0,2850.0,420,2100
T005815,2025-06-26,P004,C025,2,340,10.0,612.0,220,440
T005816,2025-06-26,P018,C004,14,78,8.0,1004.64,62,868
T005817,2025-06-26,P016,C017,1,2100,5.0,1995.0,1400,1400
T005818,2025-06-27,P008,C004,12,6200,0.0,74400.0,4200,50400
T005819,2025-06-27,P008,C010,3,6200,8.0,17112.0,4200,12600
T005820,2025-06-27,P004,C018,7,340,0.0,2380.0,220,1540
T005821,2025-06-27,P006,C002,3,82,8.0,226.32,55,165
T005822,2025-06-27,P006,C030,1,82,0.0,82.0,55,55
T005823,2025-06-27,P020,C037,13,3100,0.0,40300.0,2200,28600
T005824,2025-06-27,P004,C029,16,340,5.0,5168.0,220,3520
T005825,2025-06-27,P016,C027,9,2100,0.0,18900.0,1400,12600
T005826,2025-06-27,P015,C038,1,520,12.0,457.6,350,350
T005827,2025-06-27,P013,C015,5,2900,10.0,13050.0,2100,10500
T005828,2025-06-28,P007,C020,6,1850,8.0,10212.0,1200,7200
T005829,2025-06-28,P010,C015,2,380,12.0,668.8,260,520
T005830,2025-06-28,P001,C028,7,3200,8.0,20608.0,2400,16800
T005831,2025-06-28,P007,C021,6,1850,0.0,11100.0,1200,7200
T005832,2025-06-28,P004,C002,15,340,0.0,5100.0,220,3300
T005833,2025-06-28,P019,C013,6,230,5.0,1311.0,150,900
T005834,2025-06-28,P004,C030,2,340,12.0,598.4,220,440
T005835,2025-06-28,P003,C031,8,1250,12.0,8800.0,900,7200
T005836,2025-06-28,P001,C024,7,3200,12.0,19712.0,2400,16800
T005837,2025-06-29,P019,C035,12,230,8.0,2539.2,150,1800
T005838,2025-06-29,P006,C014,5,82,12.0,360.8,55,275
T005839,2025-06-29,P014,C021,3,260,8.0,717.6,180,540
T005840,2025-06-29,P018,C013,4,78,10.0,280.8,62,248
T005841,2025-06-29,P014,C028,7,260,10.0,1638.0,180,1260
T005842,2025-06-29,P007,C003,2,1850,5.0,3515.0,1200,2400
T005843,2025-06-29,P001,C009,6,3200,10.0,17280.0,2400,14400
T005844,2025-06-29,P014,C034,6,260,12.0,1372.8,180,1080
T005845,2025-06-30,P018,C033,3,78,0.0,234.0,62,186
T005846,2025-06-30,P019,C019,3,230,8.0,634.8,150,450
T005847,2025-06-30,P008,C001,4,6200,10.0,22320.0,4200,16800
T005848,2025-06-30,P013,C018,9,2900,0.0,26100.0,2100,18900
T005849,2025-06-30,P002,C021,5,900,12.0,3960.0,650,3250
T005850,2025-06-30,P001,C022,9,3200,5.0,27360.0,2400,21600
T005851,2025-06-30,P013,C029,5,2900,0.0,14500.0,2100,10500
T005852,2025-07-01,P001,C024,14,3200,12.0,39424.0,2400,33600
T005853,2025-07-01,P005,C021,5,48,0.0,240.0,32,160
T005854,2025-07-02,P005,C006,9,48,8.0,397.44,32,288
T005855,2025-07-02,P006,C016,10,82,0.0,820.0,55,550
T005856,2025-07-03,P009,C007,7,600,8.0,3864.0,420,2940
T005857,2025-07-03,P018,C008,2,78,0.0,156.0,62,124
T005858,2025-07-03,P009,C024,6,600,5.0,3420.0,420,2520
T005859,2025-07-03,P006,C034,10,82,8.0,754.4,55,550
T005860,2025-07-03,P012,C010,-1,5200,0.0,67600.0,3800,49400
T005861,2025-07-03,P002,C021,12,900,0.0,10800.0,650,7800
T005862,2025-07-03,P017,C023,16,420,10.0,6048.0,340,5440
T005863,2025-07-03,P007,C010,6,1850,0.0,11100.0,1200,7200
T005864,2025-07-03,P010,C008,4,380,10.0,1368.0,260,1040
T005865,2025-07-03,P010,C007,3,380,10.0,1026.0,260,780
T005866,2025-07-03,P011,C020,11,2600,10.0,25740.0,1800,19800
T005867,2025-07-03,P008,C036,1,6200,0.0,6200.0,4200,4200
T005868,2025-07-04,P013,C029,12,2900,10.0,31320.0,2100,25200
T005869,2025-07-04,P005,C035,3,48,12.0,126.72,32,96
T005870,2025-07-04,P003,C005,8,1250,10.0,9000.0,900,7200
T005871,2025-07-04,P005,C009,4,48,0.0,192.0,32,128
T005872,2025-07-04,P016,C025,1,2100,0.0,2100.0,1400,1400
T005873,2025-07-05,P015,C022,8,520,0.0,4160.0,350,2800
T005874,2025-07-05,P006,C027,4,82,0.0,328.0,55,220
T005875,2025-07-05,P013,C011,6,2900,0.0,17400.0,2100,12600
T005876,2025-07-05,P006,C010,4,82,0.0,328.0,55,220
T005877,2025-07-06,P018,C027,2,78,0.0,156.0,62,124
T005878,2025-07-06,P020,C008,4,3100,12.0,10912.0,2200,8800
T005879,2025-07-06,P009,C031,5,600,0.0,3000.0,420,2100
T005880,2025-07-06,P013,C001,4,2900,5.0,11020.0,2100,8400
T005881,2025-07-06,P017,C030,1,420,5.0,399.0,340,340
T005882,2025-07-06,P015,C005,2,520,5.0,988.0,350,700
T005883,2025-07-06,P007,C023,1,1850,5.0,1757.5,1200,1200
T005884,2025-07-06,P018,C028,6,78,5.0,444.6,62,372
T005885,2025-07-06,P001,C027,6,3200,5.0,18240.0,2400,14400
T005886,2025-07-06,P002,C038,2,900,0.0,1800.0,650,1300
T005887,2025-07-06,P003,C004,1,1250,8.0,1150.0,900,900
T005888,2025-07-07,P003,C037,3,1250,8.0,3450.0,900,2700
T005889,2025-07-07,P008,C018,5,6200,8.0,28520.0,4200,21000
T005890,2025-07-07,P020,C017,8,3100,5.0,23560.0,2200,17600
T005891,2025-07-07,P018,C029,3,78,0.0,234.0,62,186
T005892,2025-07-07,P011,C015,4,2600,8.0,9568.0,1800,7200
T005893,2025-07-07,P019,C018,5,230,0.0,1150.0,150,750
T005894,2025-07-07,P011,C021,4,2600,0.0,10400.0,1800,7200
T005895,2025-07-08,P002,C034,7,900,12.0,5544.0,650,4550
T005896,2025-07-08,P020,C012,10,3100,5.0,29450.0,2200,22000
T005897,2025-07-08,P010,C031,5,380,5.0,1805.0,260,1300
T005898,2025-07-08,P007,C032,4,1850,0.0,7400.0,1200,4800
T005899,2025-07-08,P008,C030,25,6200,5.0,147250.0,4200,105000
T005900,2025-07-08,P004,C006,3,340,8.0,938.4,220,660
T005901,2025-07-08,P008,C007,7,6200,8.0,39928.0,4200,29400
T005902,2025-07-08,P019,C034,5,230,0.0,1150.0,150,750
T005903,2025-07-09,P006,C025,7,82,0.0,574.0,55,385
T005904,2025-07-09,P012,C015,2,5200,5.0,9880.0,3800,7600
T005905,2025-07-09,P006,C025,3,82,10.0,221.4,55,165
T005906,2025-07-09,P002,C004,11,900,0.0,9900.0,650,7150
T005907,2025-07-09,P017,C003,2,420,10.0,756.0,340,680
T005908,2025-07-10,P006,C039,2,82,0.0,164.0,55,110
T005909,2025-07-10,P006,C033,1,82,12.0,72.16,55,55
T005910,2025-07-10,P016,C011,4,2100,5.0,7980.0,1400,5600
T005911,2025-07-10,P012,C013,1,5200,10.0,4680.0,3800,3800
T005912,2025-07-10,P007,C007,5,1850,0.0,9250.0,1200,6000
T005913,2025-07-10,P006,C026,3,82,0.0,246.0,55,165
T005914,2025-07-10,P016,C008,10,2100,10.0,18900.0,1400,14000
T005915,2025-07-10,P001,C014,4,3200,5.0,12160.0,2400,9600
T005916,2025-07-11,P016,C031,5,2100,8.0,9660.0,1400,7000
T005917,2025-07-11,P005,C002,5,48,0.0,240.0,32,160
T005918,2025-07-11,P008,C013,1,6200,0.0,6200.0,4200,4200
T005919,2025-07-11,P008,C024,6,6200,0.0,37200.0,4200,25200
T005920,2025-07-11,P014,C012,2,260,5.0,494.0,180,360
T005921,2025-07-12,P003,C001,26,1250,12.0,28600.0,900,23400
T005922,2025-07-12,P015,C008,11,520,0.0,5720.0,350,3850
T005923,2025-07-12,P012,C019,7,5200,12.0,32032.0,3800,26600
T005924,2025-07-12,P012,C019,7,5200,5.0,34580.0,3800,26600
T005925,2025-07-12,P012,C037,4,5200,10.0,18720.0,3800,15200
T005926,2025-07-12,P007,C013,7,1850,5.0,12302.5,1200,8400
T005927,2025-07-12,P020,C002,9,3100,12.0,24552.0,2200,19800
T005928,2025-07-12,P002,C026,4,900,8.0,3312.0,650,2600
T005929,2025-07-12,P001,C028,10,3200,0.0,32000.0,2400,24000
T005930,2025-07-12,P015,C040,1,520,0.0,520.0,350,350
T005931,2025-07-13,P007,C030,4,1850,10.0,6660.0,1200,4800
T005932,2025-07-13,P013,C015,4,2900,0.0,11600.0,2100,8400
T005933,2025-07-13,P006,C029,2,82,0.0,164.0,55,110
T005934,2025-07-14,P019,C023,6,230,10.0,1242.0,150,900
T005935,2025-07-15,P015,C011,10,520,0.0,5200.0,350,3500
T005936,2025-07-15,P004,C035,5,340,10.0,1530.0,220,1100
T005937,2025-07-15,P001,C023,3,3200,0.0,9600.0,2400,7200
T005938,2025-07-15,P009,C001,27,600,0.0,16200.0,420,11340
T005939,2025-07-15,P008,C014,4,6200,0.0,24800.0,4200,16800
T005940,2025-07-15,P015,C013,4,520,0.0,2080.0,350,1400
T005941,2025-07-15,P009,C034,1,600,0.0,600.0,420,420
T005942,2025-07-16,P020,C010,13,3100,5.0,38285.0,2200,28600
T005943,2025-07-16,P008,C029,15,6200,0.0,93000.0,4200,63000
T005944,2025-07-16,P011,C024,2,2600,0.0,5200.0,1800,3600
T005945,2025-07-16,P016,C007,6,2100,0.0,12600.0,1400,8400
T005946,2025-07-16,P005,C025,4,48,0.0,192.0,32,128
T005947,2025-07-17,P002,C005,9,900,12.0,7128.0,650,5850
T005948,2025-07-17,P009,C004,6,600,0.0,3600.0,420,2520
T005949,2025-07-17,P008,C002,14,6200,0.0,86800.0,4200,58800
T005950,2025-07-18,P007,C002,10,1850,12.0,16280.0,1200,12000
T005951,2025-07-18,P007,C007,11,1850,5.0,19332.5,1200,13200
T005952,2025-07-18,P008,C026,9,6200,0.0,55800.0,4200,37800
T005953,2025-07-18,P010,C022,3,380,0.0,1140.0,260,780
T005954,2025-07-18,P015,C014,6,520,0.0,3120.0,350,2100
T005955,2025-07-19,P006,C022,2,82,0.0,164.0,55,110
T005956,2025-07-19,P009,C040,4,600,12.0,2112.0,420,1680
T005957,2025-07-19,P004,C001,13,340,0.0,4420.0,220,2860
T005958,2025-07-19,P007,C030,3,1850,10.0,4995.0,1200,3600
T005959,2025-07-19,P001,C029,1,3200,12.0,2816.0,2400,2400
T005960,2025-07-19,P015,C020,1,520,5.0,494.0,350,350
T005961,2025-07-19,P014,C011,8,260,0.0,2080.0,180,1440
T005962,2025-07-19,P001,C025,3,3200,10.0,8640.0,2400,7200
T005963,2025-07-20,P016,C018,11,2100,12.0,20328.0,1400,15400
T005964,2025-07-20,P011,C004,10,2600,8.0,23920.0,1800,18000
T005965,2025-07-20,P005,C038,4,48,10.0,172.8,32,128
T005966,2025-07-21,P014,C029,5,260,8.0,1196.0,180,900
T005967,2025-07-21,P016,C040,3,2100,8.0,5796.0,1400,4200
T005968,2025-07-21,P007,C030,8,1850,12.0,13024.0,1200,9600
T005969,2025-07-22,P001,C031,1,3200,10.0,2880.0,2400,2400
T005970,2025-07-22,P006,C032,2,82,12.0,144.32,55,110
T005971,2025-07-22,P003,C018,3,1250,0.0,3750.0,900,2700
T005972,2025-07-22,P002,C010,5,900,8.0,4140.0,650,3250
T005973,2025-07-22,P011,C009,5,2600,5.0,12350.0,1800,9000
T005974,2025-07-22,P001,C008,4,3200,8.0,11776.0,2400,9600
T005975,2025-07-23,P019,C015,4,230,10.0,828.0,150,600
T005976,2025-07-23,P006,C015,17,82,12.0,1226.72,55,935
T005977,2025-07-23,P020,C017,2,3100,10.0,5580.0,2200,4400
T005978,2025-07-23,P017,C032,4,420,8.0,1545.6,340,1360
T005979,2025-07-23,P010,C008,4,380,5.0,1444.0,260,1040
T005980,2025-07-24,P012,C024,5,5200,0.0,26000.0,3800,19000
T005981,2025-07-24,P006,C032,3,82,0.0,246.0,55,165
T005982,2025-07-24,P004,C016,2,340,12.0,598.4,220,440
T005983,2025-07-24,P008,C039,4,6200,10.0,22320.0,4200,16800
T005984,2025-07-25,P016,C016,4,2100,0.0,8400.0,1400,5600
T005985,2025-07-25,P012,C039,1,5200,8.0,4784.0,3800,3800
T005986,2025-07-25,P013,C013,6,2900,5.0,16530.0,2100,12600
T005987,2025-07-25,P001,C017,2,3200,8.0,5888.0,2400,4800
T005988,2025-07-25,P007,C009,5,1850,0.0,9250.0,1200,6000
T005989,2025-07-26,P008,C013,18,6200,5.0,106020.0,4200,75600
T005990,2025-07-26,P012,C007,5,5200,0.0,26000.0,3800,19000
T005991,2025-07-26,P020,C001,1,3100,12.0,2728.0,2200,2200
T005992,2025-07-27,P001,C017,1,3200,0.0,3200.0,2400,2400
T005993,2025-07-27,P010,C025,6,380,8.0,2097.6,260,1560
T005994,2025-07-27,P020,C021,8,3100,12.0,21824.0,2200,17600
T005995,2025-07-27,P007,C024,6,1850,8.0,10212.0,1200,7200
T005996,2025-07-27,P006,C024,2,82,12.0,144.32,55,110
T005997,2025-07-27,P012,C040,5,5200,5.0,24700.0,3800,19000
T005998,2025-07-27,P011,C008,1,2600,8.0,2392.0,1800,1800
T005999,2025-07-28,P018,C002,4,78,8.0,287.04,62,248
T006000,2025-07-28,P019,C003,14,230,0.0,3220.0,150,2100
T006001,2025-07-28,P014,C014,5,260,8.0,1196.0,180,900
T006002,2025-07-29,P008,C022,1,6200,0.0,6200.0,4200,4200
T006003,2025-07-29,P002,C003,6,900,12.0,4752.0,650,3900
T006004,2025-07-29,P016,C030,6,2100,5.0,11970.0,1400,8400
T006005,2025-07-29,P005,C019,1,48,12.0,42.24,32,32
T006006,2025-07-29,P004,C004,1,340,0.0,340.0,220,220
T006007,2025-07-29,P011,C033,7,2600,12.0,16016.0,1800,12600
T006008,2025-07-29,P009,C007,10,600,12.0,5280.0,420,4200
T006009,2025-07-29,P003,C010,12,1250,0.0,15000.0,900,10800
T006010,2025-07-30,P011,C033,4,2600,8.0,9568.0,1800,7200
T006011,2025-07-30,P002,C038,1,900,12.0,792.0,650,650
T006012,2025-07-30,P015,C039,1,520,0.0,520.0,350,350
T006013,2025-07-30,P003,C016,5,1250,10.0,5625.0,900,4500
T006014,2025-07-30,P005,C015,12,48,0.0,576.0,32,384
T006015,2025-07-30,P002,C010,2,900,0.0,1800.0,650,1300
T006016,2025-07-30,P004,C030,5,340,5.0,1615.0,220,1100
T006017,2025-07-30,P016,C005,5,2100,5.0,9975.0,1400,7000
T006018,2025-07-30,P010,C038,1,380,5.0,361.0,260,260
T006019,2025-07-30,P004,C031,2,340,10.0,612.0,220,440
T006020,2025-07-30,P011,C030,8,2600,0.0,20800.0,1800,14400
T006021,2025-07-31,P006,C005,10,82,12.0,721.6,55,550
T006022,2025-07-31,P008,C004,6,6200,0.0,37200.0,4200,25200
T006023,2025-07-31,P019,C024,3,230,8.0,634.8,150,450
T006024,2025-07-31,P017,C032,5,420,0.0,2100.0,340,1700
T006025,2025-08-01,P014,C017,3,260,10.0,702.0,180,540
T006026,2025-08-01,P006,C002,3,82,0.0,246.0,55,165
T006027,2025-08-01,P005,C005,7,48,12.0,295.68,32,224
T006028,2025-08-01,P017,C029,16,420,0.0,6720.0,340,5440
T006029,2025-08-01,P012,C035,13,5200,8.0,62192.0,3800,49400
T006030,2025-08-01,P020,C039,2,3100,0.0,6200.0,2200,4400
T006031,2025-08-01,P019,C031,1,230,8.0,211.6,150,150
T006032,2025-08-01,P016,C028,1,2100,10.0,1890.0,1400,1400
T006033,2025-08-01,P005,C028,10,48,0.0,480.0,32,320
T006034,2025-08-02,P001,C024,1,3200,12.0,2816.0,2400,2400
T006035,2025-08-02,P012,C031,1,5200,0.0,5200.0,3800,3800
T006036,2025-08-02,P005,C010,5,48,0.0,240.0,32,160
T006037,2025-08-02,P004,C025,2,340,0.0,680.0,220,440
T006038,2025-08-02,P001,C039,7,3200,12.0,19712.0,2400,16800
T006039,2025-08-03,P001,C029,3,3200,0.0,9600.0,2400,7200
T006040,2025-08-03,P017,C003,10,420,12.0,3696.0,340,3400
T006041,2025-08-03,P019,C006,12,230,0.0,2760.0,150,1800
T006042,2025-08-03,P010,C023,3,380,0.0,1140.0,260,780
T006043,2025-08-03,P008,C005,7,6200,10.0,39060.0,4200,29400
T006044,2025-08-03,P009,C003,8,600,5.0,4560.0,420,3360
T006045,2025-08-03,P011,C009,12,2600,0.0,31200.0,1800,21600
T006046,2025-08-03,P001,C018,6,3200,8.0,17664.0,2400,14400
T006047,2025-08-03,P019,C029,3,230,0.0,690.0,150,450
T006048,2025-08-03,P004,C033,1,340,12.0,299.2,220,220
T006049,2025-08-04,P012,C011,3,5200,8.0,14352.0,3800,11400
T006050,2025-08-04,P009,C031,3,600,0.0,1800.0,420,1260
T006051,2025-08-05,P018,C038,6,78,0.0,468.0,62,372
T006052,2025-08-05,P014,C027,1,260,5.0,247.0,180,180
T006053,2025-08-05,P009,C013,7,600,0.0,4200.0,420,2940
T006054,2025-08-05,P013,C027,1,2900,10.0,2610.0,2100,2100
T006055,2025-08-05,P009,C039,2,600,8.0,1104.0,420,840
T006056,2025-08-05,P011,C005,1,2600,12.0,2288.0,1800,1800
T006057,2025-08-06,P006,C039,2,82,12.0,144.32,55,110
T006058,2025-08-06,P012,C006,8,5200,0.0,41600.0,3800,30400
T006059,2025-08-06,P016,C030,2,2100,5.0,3990.0,1400,2800
T006060,2025-08-06,P017,C017,5,420,12.0,1848.0,340,1700
T006061,2025-08-07,P001,C023,2,3200,0.0,6400.0,2400,4800
T006062,2025-08-07,P020,C029,6,3100,12.0,16368.0,2200,13200
T006063,2025-08-07,P002,C006,5,900,0.0,4500.0,650,3250
T006064,2025-08-08,P018,C027,4,78,5.0,296.4,62,248
T006065,2025-08-08,P006,C016,6,82,0.0,492.0,55,330
T006066,2025-08-08,P017,C005,1,420,0.0,420.0,340,340
T006067,2025-08-08,P017,C020,8,420,10.0,3024.0,340,2720
T006068,2025-08-08,P005,C037,10,48,12.0,422.4,32,320
T006069,2025-08-08,P005,C014,5,48,10.0,216.0,32,160
T006070,2025-08-08,P005,C002,7,48,5.0,319.2,32,224
T006071,2025-08-08,P020,C024,8,3100,0.0,24800.0,2200,17600
T006072,2025-08-08,P018,C028,4,78,,312.0,62,248
T006073,2025-08-08,P009,C017,14,600,12.0,7392.0,420,5880
T006074,2025-08-09,P013,C036,9,2900,0.0,26100.0,2100,18900
T006075,2025-08-09,P017,C040,8,420,0.0,3360.0,340,2720
T006076,2025-08-09,P019,C023,4,230,5.0,874.0,150,600
T006077,2025-08-09,P002,C039,4,900,8.0,3312.0,650,2600
T006078,2025-08-09,P016,C010,9,2100,0.0,18900.0,1400,12600
T006079,2025-08-09,P001,C001,8,3200,12.0,22528.0,2400,19200
T006080,2025-08-10,P010,C001,2,380,0.0,760.0,260,520
T006081,2025-08-10,P010,C015,3,380,8.0,1048.8,260,780
T006082,2025-08-10,P015,C024,4,520,0.0,2080.0,350,1400
T006083,2025-08-10,P002,C009,9,900,10.0,7290.0,650,5850
T006084,2025-08-10,P001,C021,5,3200,5.0,15200.0,2400,12000
T006085,2025-08-10,P007,C040,3,1850,0.0,5550.0,1200,3600
T006086,2025-08-11,P012,C019,6,5200,10.0,28080.0,3800,22800
T006087,2025-08-11,P020,C013,4,3100,0.0,12400.0,2200,8800
T006088,2025-08-11,P019,C025,2,230,12.0,404.8,150,300
T006089,2025-08-12,P007,C024,1,1850,12.0,1628.0,1200,1200
T006090,2025-08-12,P013,C015,7,2900,0.0,20300.0,2100,14700
T006091,2025-08-12,P019,C006,5,230,5.0,1092.5,150,750
T006092,2025-08-12,P009,C022,3,600,10.0,1620.0,420,1260
T006093,2025-08-12,P013,C014,2,2900,8.0,5336.0,2100,4200
T006094,2025-08-12,P003,C038,2,1250,0.0,2500.0,900,1800
T006095,2025-08-12,P012,C035,3,5200,0.0,15600.0,3800,11400
T006096,2025-08-12,P019,C019,6,230,0.0,1380.0,150,900
T006097,2025-08-12,P006,C012,1,82,8.0,75.44,55,55
T006098,2025-08-13,P014,C040,5,260,0.0,1300.0,180,900
T006099,2025-08-13,P012,C003,4,5200,12.0,18304.0,3800,15200
T006100,2025-08-13,P010,C004,5,380,0.0,1900.0,260,1300
T006101,2025-08-14,P003,C011,7,1250,0.0,8750.0,900,6300
T006102,2025-08-14,P018,C009,5,78,5.0,370.5,62,310
T006103,2025-08-14,P011,C014,11,2600,0.0,28600.0,1800,19800
T006104,2025-08-14,P020,C013,10,3100,0.0,31000.0,2200,22000
T006105,2025-08-15,P010,C024,4,380,10.0,1368.0,260,1040
T006106,2025-08-15,P007,C009,3,1850,5.0,5272.5,1200,3600
T006107,2025-08-15,P008,C017,1,6200,12.0,5456.0,4200,4200
T006108,2025-08-15,P011,C024,7,2600,0.0,18200.0,1800,12600
T006109,2025-08-15,P014,C029,2,260,8.0,478.4,180,360
T006110,2025-08-15,P011,C034,5,2600,10.0,11700.0,1800,9000
T006111,2025-08-15,P009,C017,2,600,5.0,1140.0,420,840
T006112,2025-08-15,P004,C026,6,340,5.0,1938.0,220,1320
T006113,2025-08-16,P004,C002,1,340,5.0,323.0,220,220
T006114,2025-08-16,P016,C035,5,2100,0.0,10500.0,1400,7000
T006115,2025-08-16,P006,C030,1,82,8.0,75.44,55,55
T006116,2025-08-16,P007,C005,2,1850,0.0,3700.0,1200,2400
T006117,2025-08-16,P016,C021,4,2100,0.0,8400.0,1400,5600
T006118,2025-08-16,P009,C027,3,600,5.0,1710.0,420,1260
T006119,2025-08-16,P010,C018,6,380,8.0,2097.6,260,1560
T006120,2025-08-16,P006,C037,1,82,8.0,75.44,55,55
T006121,2025-08-17,P006,C001,4,82,12.0,288.64,55,220
T006122,2025-08-17,P004,C015,2,340,10.0,612.0,220,440
T006123,2025-08-17,P020,C029,2,3100,0.0,6200.0,2200,4400
T006124,2025-08-17,P018,C018,5,78,10.0,351.0,62,310
T006125,2025-08-17,P010,C027,1,380,0.0,380.0,260,260
T006126,2025-08-17,P004,C018,3,340,5.0,969.0,220,660
T006127,2025-08-17,P002,C037,2,900,0.0,1800.0,650,1300
T006128,2025-08-18,P007,C014,1,1850,0.0,1850.0,1200,1200
T006129,2025-08-18,P003,C002,2,1250,8.0,2300.0,900,1800
T006130,2025-08-18,P020,C014,3,3100,8.0,8556.0,2200,6600
T006131,2025-08-18,P006,C034,4,82,5.0,311.6,55,220
T006132,2025-08-18,P007,C009,-1,1850,0.0,3700.0,1200,2400
T006133,2025-08-18,P004,C029,1,340,12.0,299.2,220,220
T006134,2025-08-18,P017,C005,1,420,8.0,386.4,340,340
T006135,2025-08-18,P013,C023,4,2900,5.0,11020.0,2100,8400
T006136,2025-08-18,P014,C021,3,260,10.0,702.0,180,540
T006137,2025-08-19,P010,C019,16,380,0.0,6080.0,260,4160
T006138,2025-08-19,P016,C025,3,2100,12.0,5544.0,1400,4200
T006139,2025-08-19,P004,C011,5,340,10.0,1530.0,220,1100
T006140,2025-08-19,P003,C001,3,1250,0.0,3750.0,900,2700
T006141,2025-08-19,P015,C037,1,520,5.0,494.0,350,350
T006142,2025-08-19,P005,C033,3,48,5.0,136.8,32,96
T006143,2025-08-20,P018,C020,5,78,10.0,351.0,62,310
T006144,2025-08-20,P019,C016,9,230,0.0,2070.0,150,1350
T006145,2025-08-20,P020,C033,8,3100,5.0,23560.0,2200,17600
T006146,2025-08-20,P004,C035,2,340,8.0,625.6,220,440
T006147,2025-08-20,P019,C016,2,230,10.0,414.0,150,300
T006148,2025-08-20,P006,C010,12,82,0.0,984.0,55,660
T006149,2025-08-21,P006,C038,13,82,8.0,980.72,55,715
T006150,2025-08-21,P012,C036,4,5200,0.0,20800.0,3800,15200
T006151,2025-08-22,P012,C026,5,5200,10.0,23400.0,3800,19000
T006152,2025-08-22,P018,C001,3,78,0.0,234.0,62,186
T006153,2025-08-22,P002,C033,7,900,5.0,5985.0,650,4550
T006154,2025-08-22,P006,C033,6,82,8.0,452.64,55,330
T006155,2025-08-22,P010,C016,5,380,12.0,1672.0,260,1300
T006156,2025-08-22,P004,C004,2,340,5.0,646.0,220,440
T006157,2025-08-22,P005,C032,5,48,8.0,220.8,32,160
T006158,2025-08-22,P014,C031,1,260,0.0,260.0,180,180
T006159,2025-08-23,P013,C017,5,2900,0.0,14500.0,2100,10500
T006160,2025-08-23,P003,C026,2,1250,0.0,2500.0,900,1800
T006161,2025-08-23,P001,C001,8,3200,0.0,25600.0,2400,19200
T006162,2025-08-23,P011,C020,3,2600,0.0,7800.0,1800,5400
T006163,2025-08-23,P006,C025,5,82,12.0,360.8,55,275
T006164,2025-08-23,P009,C002,3,600,0.0,1800.0,420,1260
T006165,2025-08-23,P018,C010,1,78,0.0,78.0,62,62
T006166,2025-08-23,P005,C039,2,48,,96.0,32,64
T006167,2025-08-23,P020,C002,2,3100,10.0,5580.0,2200,4400
T006168,2025-08-24,P013,C005,4,2900,,10672.0,2100,8400
T006169,2025-08-24,P016,C024,3,2100,0.0,6300.0,1400,4200
T006170,2025-08-24,P002,C010,1,900,0.0,900.0,650,650
T006171,2025-08-24,P019,C019,7,230,0.0,1610.0,150,1050
T006172,2025-08-24,P009,C001,9,600,12.0,4752.0,420,3780
T006173,2025-08-24,P007,C037,10,1850,5.0,17575.0,1200,12000
T006174,2025-08-25,P012,C037,3,5200,0.0,15600.0,3800,11400
T006175,2025-08-25,P013,C024,-1,2900,12.0,12760.0,2100,10500
T006176,2025-08-25,P002,C008,3,900,0.0,2700.0,650,1950
T006177,2025-08-25,P018,C021,8,78,12.0,549.12,62,496
T006178,2025-08-25,P013,C010,2,2900,10.0,5220.0,2100,4200
T006179,2025-08-25,P002,C039,6,900,0.0,5400.0,650,3900
T006180,2025-08-25,P003,C006,18,1250,8.0,20700.0,900,16200
T006181,2025-08-26,P005,C013,9,48,0.0,432.0,32,288
T006182,2025-08-26,P018,C035,9,78,0.0,702.0,62,558
T006183,2025-08-26,P003,C027,12,1250,10.0,13500.0,900,10800
T006184,2025-08-26,P005,C018,8,48,10.0,345.6,32,256
T006185,2025-08-26,P003,C039,6,1250,10.0,6750.0,900,5400
T006186,2025-08-26,P006,C013,8,82,0.0,656.0,55,440
T006187,2025-08-26,P001,C015,4,3200,12.0,11264.0,2400,9600
T006188,2025-08-26,P020,C015,12,3100,12.0,32736.0,2200,26400
T006189,2025-08-27,P018,C019,1,78,0.0,78.0,62,62
T006190,2025-08-27,P012,C003,6,5200,12.0,27456.0,3800,22800
T006191,2025-08-27,P020,C029,9,3100,0.0,27900.0,2200,19800
T006192,2025-08-27,P012,C012,2,5200,5.0,9880.0,3800,7600
T006193,2025-08-27,P003,C028,6,1250,12.0,6600.0,900,5400
T006194,2025-08-28,P017,C020,7,420,5.0,2793.0,340,2380
T006195,2025-08-28,P017,C021,2,420,0.0,840.0,340,680
T006196,2025-08-28,P007,C005,8,1850,0.0,14800.0,1200,9600
T006197,2025-08-28,P013,C029,8,2900,,21344.0,2100,16800
T006198,2025-08-29,P010,C034,5,380,0.0,1900.0,260,1300
T006199,2025-08-29,P013,C031,8,2900,8.0,21344.0,2100,16800
T006200,2025-08-29,P013,C010,3,2900,0.0,8700.0,2100,6300
T006201,2025-08-29,P019,C028,9,230,10.0,1863.0,150,1350
T006202,2025-08-29,P009,C006,2,600,0.0,1200.0,420,840
T006203,2025-08-29,P011,C027,7,2600,5.0,17290.0,1800,12600
T006204,2025-08-29,P017,C006,7,420,10.0,2646.0,340,2380
T006205,2025-08-29,P019,C030,2,230,12.0,404.8,150,300
T006206,2025-08-30,P002,C039,3,900,0.0,2700.0,650,1950
T006207,2025-08-30,P005,C030,1,48,10.0,43.2,32,32
T006208,2025-08-30,P019,C021,9,230,5.0,1966.5,150,1350
T006209,2025-08-30,P006,C011,7,82,10.0,516.6,55,385
T006210,2025-08-30,P019,C032,14,230,10.0,2898.0,150,2100
T006211,2025-08-31,P001,C018,3,3200,0.0,9600.0,2400,7200
T006212,2025-08-31,P004,C025,11,340,8.0,3440.8,220,2420
T006213,2025-08-31,P004,C032,6,340,0.0,2040.0,220,1320
T006214,2025-08-31,P011,C019,3,2600,0.0,7800.0,1800,5400
T006215,2025-09-01,P016,C010,7,2100,,13524.0,1400,9800
T006216,2025-09-01,P010,C012,5,380,12.0,1672.0,260,1300
T006217,2025-09-01,P020,C037,16,3100,0.0,49600.0,2200,35200
T006218,2025-09-01,P011,C015,4,2600,12.0,9152.0,1800,7200
T006219,2025-09-01,P001,C015,7,3200,0.0,22400.0,2400,16800
T006220,2025-09-01,P005,C016,5,48,5.0,228.0,32,160
T006221,2025-09-01,P019,C040,8,230,5.0,1748.0,150,1200
T006222,2025-09-01,P004,C005,8,340,5.0,2584.0,220,1760
T006223,2025-09-01,P008,C027,9,6200,8.0,51336.0,4200,37800
T006224,2025-09-02,P008,C026,10,6200,0.0,62000.0,4200,42000
T006225,2025-09-02,P012,C030,17,5200,0.0,88400.0,3800,64600
T006226,2025-09-02,P017,C002,1,420,,369.6,340,340
T006227,2025-09-02,P016,C008,3,2100,5.0,5985.0,1400,4200
T006228,2025-09-02,P009,C011,7,600,5.0,3990.0,420,2940
T006229,2025-09-02,P013,C001,5,2900,10.0,13050.0,2100,10500
T006230,2025-09-02,P016,C020,2,2100,12.0,3696.0,1400,2800
T006231,2025-09-02,P015,C007,4,520,0.0,2080.0,350,1400
T006232,2025-09-03,P007,C036,5,1850,0.0,9250.0,1200,6000
T006233,2025-09-03,P010,C035,3,380,0.0,1140.0,260,780
T006234,2025-09-03,P001,C006,9,3200,12.0,25344.0,2400,21600
T006235,2025-09-03,P009,C007,6,600,8.0,3312.0,420,2520
T006236,2025-09-03,P011,C008,2,2600,10.0,4680.0,1800,3600
T006237,2025-09-03,P009,C021,5,600,12.0,2640.0,420,2100
T006238,2025-09-03,P018,C033,7,78,0.0,546.0,62,434
T006239,2025-09-03,P019,C005,4,230,0.0,920.0,150,600
T006240,2025-09-03,P014,C011,6,260,10.0,1404.0,180,1080
T006241,2025-09-03,P009,C020,8,600,5.0,4560.0,420,3360
T006242,2025-09-03,P015,C008,2,520,12.0,915.2,350,700
T006243,2025-09-03,P004,C036,2,340,8.0,625.6,220,440
T006244,2025-09-03,P013,C007,10,2900,12.0,25520.0,2100,21000
T006245,2025-09-04,P015,C040,3,520,5.0,1482.0,350,1050
T006246,2025-09-04,P002,C018,7,900,12.0,5544.0,650,4550
T006247,2025-09-04,P016,C007,6,2100,10.0,11340.0,1400,8400
T006248,2025-09-04,P013,C033,5,2900,0.0,14500.0,2100,10500
T006249,2025-09-04,P010,C016,10,380,0.0,3800.0,260,2600
T006250,2025-09-04,P017,C032,2,420,0.0,840.0,340,680
T006251,2025-09-04,P010,C012,5,380,8.0,1748.0,260,1300
T006252,2025-09-05,P004,C032,12,340,10.0,3672.0,220,2640
T006253,2025-09-05,P004,C040,2,340,12.0,598.4,220,440
T006254,2025-09-05,P007,C017,10,1850,0.0,18500.0,1200,12000
T006255,2025-09-05,P004,C026,1,340,0.0,340.0,220,220
T006256,2025-09-05,P019,C012,5,230,0.0,1150.0,150,750
T006257,2025-09-05,P004,C039,9,340,10.0,2754.0,220,1980
T006258,2025-09-05,P008,C028,1,6200,0.0,6200.0,4200,4200
T006259,2025-09-05,P019,C020,11,230,5.0,2403.5,150,1650
T006260,2025-09-05,P001,C028,10,3200,8.0,29440.0,2400,24000
T006261,2025-09-05,P004,C039,18,340,8.0,5630.4,220,3960
T006262,2025-09-05,P018,C021,24,78,0.0,1872.0,62,1488
T006263,2025-09-05,P008,C017,1,6200,10.0,5580.0,4200,4200
T006264,2025-09-05,P014,C008,2,260,12.0,457.6,180,360
T006265,2025-09-05,P016,C017,3,2100,12.0,5544.0,1400,4200
T006266,2025-09-05,P004,C011,1,340,5.0,323.0,220,220
T006267,2025-09-06,P020,C036,3,3100,0.0,9300.0,2200,6600
T006268,2025-09-06,P014,C008,1,260,0.0,260.0,180,180
T006269,2025-09-06,P007,C028,5,1850,8.0,8510.0,1200,6000
T006270,2025-09-06,P003,C031,9,1250,10.0,10125.0,900,8100
T006271,2025-09-06,P015,C007,8,520,12.0,3660.8,350,2800
T006272,2025-09-06,P004,C024,1,340,5.0,323.0,220,220
T006273,2025-09-06,P018,C018,4,78,5.0,296.4,62,248
T006274,2025-09-06,P020,C026,5,3100,12.0,13640.0,2200,11000
T006275,2025-09-06,P019,C034,5,230,5.0,1092.5,150,750
T006276,2025-09-06,P013,C018,13,2900,5.0,35815.0,2100,27300
T006277,2025-09-06,P012,C003,8,5200,12.0,36608.0,3800,30400
T006278,2025-09-06,P020,C040,1,3100,5.0,2945.0,2200,2200
T006279,2025-09-06,P014,C023,10,260,10.0,2340.0,180,1800
T006280,2025-09-06,P012,C040,5,5200,5.0,24700.0,3800,19000
T006281,2025-09-06,P008,C023,5,6200,10.0,27900.0,4200,21000
T006282,2025-09-06,P013,C040,2,2900,8.0,5336.0,2100,4200
T006283,2025-09-06,P007,C038,1,1850,8.0,1702.0,1200,1200
T006284,2025-09-07,P015,C034,1,520,0.0,520.0,350,350
T006285,2025-09-07,P009,C007,16,600,5.0,9120.0,420,6720
T006286,2025-09-07,P007,C026,4,1850,0.0,7400.0,1200,4800
T006287,2025-09-07,P007,C020,3,1850,10.0,4995.0,1200,3600
T006288,2025-09-07,P016,C017,9,2100,12.0,16632.0,1400,12600
T006289,2025-09-07,P002,C005,6,900,10.0,4860.0,650,3900
T006290,2025-09-07,P008,C010,8,6200,8.0,45632.0,4200,33600
T006291,2025-09-07,P004,C031,6,340,8.0,1876.8,220,1320
T006292,2025-09-07,P010,C014,7,380,5.0,2527.0,260,1820
T006293,2025-09-07,P007,C005,2,1850,5.0,3515.0,1200,2400
T006294,2025-09-08,P007,C027,9,1850,8.0,15318.0,1200,10800
T006295,2025-09-08,P010,C036,3,380,0.0,1140.0,260,780
T006296,2025-09-08,P004,C012,1,340,12.0,299.2,220,220
T006297,2025-09-08,P006,C010,3,82,0.0,246.0,55,165
T006298,2025-09-08,P008,C009,9,6200,10.0,50220.0,4200,37800
T006299,2025-09-08,P005,C021,8,48,8.0,353.28,32,256
T006300,2025-09-08,P004,C028,14,340,10.0,4284.0,220,3080
T006301,2025-09-08,P019,C021,2,230,0.0,460.0,150,300
T006302,2025-09-08,P019,C014,8,230,10.0,1656.0,150,1200
T006303,2025-09-08,P011,C034,4,2600,8.0,9568.0,1800,7200
T006304,2025-09-08,P006,C021,1,82,0.0,82.0,55,55
T006305,2025-09-09,P011,C017,1,2600,0.0,2600.0,1800,1800
T006306,2025-09-09,P001,C024,7,3200,0.0,22400.0,2400,16800
T006307,2025-09-09,P004,C018,4,340,0.0,1360.0,220,880
T006308,2025-09-09,P017,C003,3,420,12.0,1108.8,340,1020
T006309,2025-09-09,P006,C012,3,82,0.0,246.0,55,165
T006310,2025-09-09,P019,C008,5,230,0.0,1150.0,150,750
T006311,2025-09-09,P005,C002,10,48,0.0,480.0,32,320
T006312,2025-09-09,P012,C014,5,5200,5.0,24700.0,3800,19000
T006313,2025-09-09,P016,C017,9,2100,0.0,18900.0,1400,12600
T006314,2025-09-09,P009,C040,12,600,10.0,6480.0,420,5040
T006315,2025-09-09,P019,C002,4,230,8.0,846.4,150,600
T006316,2025-09-09,P005,C025,3,48,8.0,132.48,32,96
T006317,2025-09-09,P012,C004,2,5200,0.0,10400.0,3800,7600
T006318,2025-09-09,P010,C021,6,380,0.0,2280.0,260,1560
T006319,2025-09-10,P001,C024,9,3200,12.0,25344.0,2400,21600
T006320,2025-09-10,P010,C022,4,380,0.0,1520.0,260,1040
T006321,2025-09-10,P015,C006,4,520,12.0,1830.4,350,1400
T006322,2025-09-10,P013,C003,7,2900,5.0,19285.0,2100,14700
T006323,2025-09-10,P013,C007,3,2900,5.0,8265.0,2100,6300
T006324,2025-09-10,P003,C039,5,1250,12.0,5500.0,900,4500
T006325,2025-09-10,P001,C001,1,3200,8.0,2944.0,2400,2400
T006326,2025-09-10,P008,C021,1,6200,0.0,6200.0,4200,4200
T006327,2025-09-10,P019,C034,3,230,10.0,621.0,150,450
T006328,2025-09-11,P008,C027,5,6200,0.0,31000.0,4200,21000
T006329,2025-09-11,P008,C018,5,6200,8.0,28520.0,4200,21000
T006330,2025-09-11,P015,C033,2,520,0.0,1040.0,350,700
T006331,2025-09-11,P001,C009,12,3200,5.0,36480.0,2400,28800
T006332,2025-09-11,P013,C015,13,2900,0.0,37700.0,2100,27300
T006333,2025-09-11,P018,C012,3,78,0.0,234.0,62,186
T006334,2025-09-11,P003,C035,2,1250,0.0,2500.0,900,1800
T006335,2025-09-11,P018,C018,2,78,8.0,143.52,62,124
T006336,2025-09-11,P018,C020,13,78,12.0,892.32,62,806
T006337,2025-09-11,P012,C028,6,5200,10.0,28080.0,3800,22800
T006338,2025-09-11,P020,C018,1,3100,8.0,2852.0,2200,2200
T006339,2025-09-12,P012,C023,7,5200,0.0,36400.0,3800,26600
T006340,2025-09-12,P009,C028,4,600,12.0,2112.0,420,1680
T006341,2025-09-12,P019,C029,10,230,10.0,2070.0,150,1500
T006342,2025-09-12,P018,C019,10,78,12.0,686.4,62,620
T006343,2025-09-12,P005,C008,5,48,0.0,240.0,32,160
T006344,2025-09-12,P013,C003,3,2900,10.0,7830.0,2100,6300
T006345,2025-09-12,P020,C009,3,3100,0.0,9300.0,2200,6600
T006346,2025-09-12,P006,C035,5,82,0.0,410.0,55,275
T006347,2025-09-12,P006,C009,14,82,8.0,1056.16,55,770
T006348,2025-09-13,P015,C010,6,520,12.0,2745.6,350,2100
T006349,2025-09-13,P018,C029,6,78,0.0,468.0,62,372
T006350,2025-09-13,P017,C010,1,420,0.0,420.0,340,340
T006351,2025-09-13,P014,C030,7,260,0.0,1820.0,180,1260
T006352,2025-09-13,P011,C002,1,2600,0.0,2600.0,1800,1800
T006353,2025-09-13,P020,C023,1,3100,5.0,2945.0,2200,2200
T006354,2025-09-13,P001,C039,1,3200,0.0,3200.0,2400,2400
T006355,2025-09-13,P001,C015,7,3200,0.0,22400.0,2400,16800
T006356,2025-09-13,P007,C017,2,1850,0.0,3700.0,1200,2400
T006357,2025-09-14,P019,C029,6,230,0.0,1380.0,150,900
T006358,2025-09-14,P008,C015,2,6200,0.0,12400.0,4200,8400
T006359,2025-09-14,P002,C001,4,900,5.0,3420.0,650,2600
T006360,2025-09-14,P003,C019,5,1250,0.0,6250.0,900,4500
T006361,2025-09-14,P005,C003,14,48,0.0,672.0,32,448
T006362,2025-09-14,P011,C010,9,2600,0.0,23400.0,1800,16200
T006363,2025-09-14,P002,C020,7,900,5.0,5985.0,650,4550
T006364,2025-09-14,P019,C013,2,230,8.0,423.2,150,300
T006365,2025-09-14,P020,C018,2,3100,,6200.0,2200,4400
T006366,2025-09-14,P015,C006,5,520,5.0,2470.0,350,1750
T006367,2025-09-15,P017,C002,8,420,0.0,3360.0,340,2720
T006368,2025-09-15,P017,C017,1,420,0.0,420.0,340,340
T006369,2025-09-15,P015,C019,7,520,0.0,3640.0,350,2450
T006370,2025-09-15,P003,C017,6,1250,12.0,6600.0,900,5400
T006371,2025-09-15,P020,C026,2,3100,12.0,5456.0,2200,4400
T006372,2025-09-15,P004,C021,1,340,8.0,312.8,220,220
T006373,2025-09-15,P010,C011,5,380,12.0,1672.0,260,1300
T006374,2025-09-16,P007,C010,6,1850,0.0,11100.0,1200,7200
T006375,2025-09-16,P014,C036,12,260,12.0,2745.6,180,2160
T006376,2025-09-16,P004,C029,3,340,0.0,1020.0,220,660
T006377,2025-09-16,P001,C024,6,3200,0.0,19200.0,2400,14400
T006378,2025-09-16,P013,C027,10,2900,0.0,29000.0,2100,21000
T006379,2025-09-17,P016,C039,2,2100,10.0,3780.0,1400,2800
T006380,2025-09-17,P010,C029,4,380,12.0,1337.6,260,1040
T006381,2025-09-17,P011,C034,18,2600,0.0,46800.0,1800,32400
T006382,2025-09-17,P007,C027,8,1850,0.0,14800.0,1200,9600
T006383,2025-09-17,P014,C031,5,260,8.0,1196.0,180,900
T006384,2025-09-18,P018,C029,10,78,10.0,702.0,62,620
T006385,2025-09-18,P009,C025,4,600,0.0,2400.0,420,1680
T006386,2025-09-18,P016,C029,1,2100,8.0,1932.0,1400,1400
T006387,2025-09-18,P020,C025,2,3100,0.0,6200.0,2200,4400
T006388,2025-09-19,P013,C034,11,2900,0.0,31900.0,2100,23100
T006389,2025-09-19,P019,C019,2,230,8.0,423.2,150,300
T006390,2025-09-19,P012,C029,1,5200,8.0,4784.0,3800,3800
T006391,2025-09-19,P019,C036,9,230,0.0,2070.0,150,1350
T006392,2025-09-19,P007,C019,9,1850,0.0,16650.0,1200,10800
T006393,2025-09-19,P018,C014,9,78,8.0,645.84,62,558
T006394,2025-09-20,P010,C009,1,380,12.0,334.4,260,260
T006395,2025-09-20,P009,C040,12,600,5.0,6840.0,420,5040
T006396,2025-09-20,P016,C038,2,2100,8.0,3864.0,1400,2800
T006397,2025-09-21,P001,C005,2,3200,0.0,6400.0,2400,4800
T006398,2025-09-21,P007,C021,6,1850,0.0,11100.0,1200,7200
T006399,2025-09-21,P007,C038,14,1850,0.0,25900.0,1200,16800
T006400,2025-09-21,P009,C038,7,600,8.0,3864.0,420,2940
T006401,2025-09-21,P018,C031,6,78,0.0,468.0,62,372
T006402,2025-09-21,P003,C028,5,1250,0.0,6250.0,900,4500
T006403,2025-09-21,P020,C034,5,3100,0.0,15500.0,2200,11000
T006404,2025-09-21,P002,C026,8,900,0.0,7200.0,650,5200
T006405,2025-09-21,P008,C006,15,6200,0.0,93000.0,4200,63000
T006406,2025-09-21,P019,C021,3,230,0.0,690.0,150,450
T006407,2025-09-22,P003,C039,3,1250,12.0,3300.0,900,2700
T006408,2025-09-22,P020,C035,6,3100,12.0,16368.0,2200,13200
T006409,2025-09-22,P019,C029,6,230,10.0,1242.0,150,900
T006410,2025-09-22,P015,C017,1,520,0.0,520.0,350,350
T006411,2025-09-22,P007,C009,13,1850,5.0,22847.5,1200,15600
T006412,2025-09-22,P006,C029,10,82,8.0,754.4,55,550
T006413,2025-09-22,P006,C001,3,82,0.0,246.0,55,165
T006414,2025-09-22,P012,C005,7,5200,0.0,36400.0,3800,26600
T006415,2025-09-22,P010,C014,6,380,0.0,2280.0,260,1560
T006416,2025-09-22,P008,C031,3,6200,0.0,18600.0,4200,12600
T006417,2025-09-23,P020,C012,15,3100,12.0,40920.0,2200,33000
T006418,2025-09-23,P002,C005,10,900,8.0,8280.0,650,6500
T006419,2025-09-23,P002,C013,8,900,0.0,7200.0,650,5200
T006420,2025-09-23,P003,C011,1,1250,0.0,1250.0,900,900
T006421,2025-09-23,P018,C039,3,78,0.0,234.0,62,186
T006422,2025-09-23,P018,C033,5,78,10.0,351.0,62,310
T006423,2025-09-23,P006,C011,10,82,10.0,738.0,55,550
T006424,2025-09-23,P009,C027,13,600,5.0,7410.0,420,5460
T006425,2025-09-23,P002,C006,13,900,5.0,11115.0,650,8450
T006426,2025-09-23,P019,C037,2,230,0.0,460.0,150,300
T006427,2025-09-23,P019,C031,9,230,10.0,1863.0,150,1350
T006428,2025-09-23,P014,C004,2,260,0.0,520.0,180,360
T006429,2025-09-24,P017,C017,1,420,0.0,420.0,340,340
T006430,2025-09-24,P010,C004,1,380,8.0,349.6,260,260
T006431,2025-09-24,P001,C033,3,3200,0.0,9600.0,2400,7200
T006432,2025-09-24,P019,C001,7,230,10.0,1449.0,150,1050
T006433,2025-09-24,P012,C012,5,5200,12.0,22880.0,3800,19000
T006434,2025-09-24,P006,C009,4,82,12.0,288.64,55,220
T006435,2025-09-25,P019,C029,15,230,0.0,3450.0,150,2250
T006436,2025-09-25,P020,C021,4,3100,10.0,11160.0,2200,8800
T006437,2025-09-25,P003,C035,13,1250,0.0,16250.0,900,11700
T006438,2025-09-25,P010,C028,5,380,0.0,1900.0,260,1300
T006439,2025-09-25,P010,C020,3,380,0.0,1140.0,260,780
T006440,2025-09-25,P004,C030,19,340,0.0,6460.0,220,4180
T006441,2025-09-25,P006,C033,4,82,8.0,301.76,55,220
T006442,2025-09-25,P007,C026,2,1850,8.0,3404.0,1200,2400
T006443,2025-09-25,P004,C023,9,340,10.0,2754.0,220,1980
T006444,2025-09-25,P007,C019,6,1850,5.0,10545.0,1200,7200
T006445,2025-09-25,P006,C024,4,82,8.0,301.76,55,220
T006446,2025-09-25,P003,C033,1,1250,0.0,1250.0,900,900
T006447,2025-09-26,P007,C022,4,1850,0.0,7400.0,1200,4800
T006448,2025-09-26,P007,C040,5,1850,5.0,8787.5,1200,6000
T006449,2025-09-26,P018,C008,3,78,12.0,205.92,62,186
T006450,2025-09-26,P001,C026,3,3200,10.0,8640.0,2400,7200
T006451,2025-09-26,P020,C002,1,3100,0.0,3100.0,2200,2200
T006452,2025-09-27,P017,C011,2,420,0.0,840.0,340,680
T006453,2025-09-27,P015,C023,2,520,10.0,936.0,350,700
T006454,2025-09-27,P017,C039,2,420,5.0,798.0,340,680
T006455,2025-09-27,P003,C028,1,1250,0.0,1250.0,900,900
T006456,2025-09-27,P011,C010,8,2600,5.0,19760.0,1800,14400
T006457,2025-09-27,P009,C021,1,600,8.0,552.0,420,420
T006458,2025-09-27,P004,C019,3,340,0.0,1020.0,220,660
T006459,2025-09-27,P011,C004,1,2600,0.0,2600.0,1800,1800
T006460,2025-09-27,P019,C035,5,230,0.0,1150.0,150,750
T006461,2025-09-27,P006,C005,4,82,5.0,311.6,55,220
T006462,2025-09-28,P005,C026,1,48,8.0,44.16,32,32
T006463,2025-09-28,P011,C013,13,2600,5.0,32110.0,1800,23400
T006464,2025-09-28,P012,C031,9,5200,8.0,43056.0,3800,34200
T006465,2025-09-28,P005,C032,5,48,12.0,211.2,32,160
T006466,2025-09-28,P011,C007,1,2600,8.0,2392.0,1800,1800
T006467,2025-09-28,P016,C015,6,2100,0.0,12600.0,1400,8400
T006468,2025-09-28,P016,C033,9,2100,12.0,16632.0,1400,12600
T006469,2025-09-28,P004,C021,1,340,0.0,340.0,220,220
T006470,2025-09-29,P020,C017,4,3100,0.0,12400.0,2200,8800
T006471,2025-09-29,P001,C020,8,3200,10.0,23040.0,2400,19200
T006472,2025-09-29,P015,C040,4,520,0.0,2080.0,350,1400
T006473,2025-09-29,P001,C025,6,3200,8.0,17664.0,2400,14400
T006474,2025-09-29,P002,C031,5,900,8.0,4140.0,650,3250
T006475,2025-09-29,P020,C004,10,3100,8.0,28520.0,2200,22000
T006476,2025-09-29,P011,C007,6,2600,12.0,13728.0,1800,10800
T006477,2025-09-30,P012,C019,5,5200,5.0,24700.0,3800,19000
T006478,2025-09-30,P006,C024,12,82,0.0,984.0,55,660
T006479,2025-09-30,P020,C027,16,3100,12.0,43648.0,2200,35200
T006480,2025-09-30,P005,C015,21,48,10.0,907.2,32,672
T006481,2025-09-30,P016,C039,2,2100,0.0,4200.0,1400,2800
T006482,2025-09-30,P009,C009,1,600,0.0,600.0,420,420
T006483,2025-10-01,P002,C029,1,900,0.0,900.0,650,650
T006484,2025-10-01,P011,C004,5,2600,0.0,13000.0,1800,9000
T006485,2025-10-01,P001,C026,2,3200,12.0,5632.0,2400,4800
T006486,2025-10-01,P016,C010,16,2100,12.0,29568.0,1400,22400
T006487,2025-10-01,P010,C040,1,380,5.0,361.0,260,260
T006488,2025-10-01,P014,C013,-1,260,0.0,1040.0,180,720
T006489,2025-10-01,P016,C030,2,2100,8.0,3864.0,1400,2800
T006490,2025-10-01,P002,C019,2,900,0.0,1800.0,650,1300
T006491,2025-10-01,P003,C036,9,1250,12.0,9900.0,900,8100
T006492,2025-10-01,P016,C010,11,2100,0.0,23100.0,1400,15400
T006493,2025-10-01,P017,C001,2,420,12.0,739.2,340,680
T006494,2025-10-01,P003,C015,4,1250,8.0,4600.0,900,3600
T006495,2025-10-01,P007,C010,1,1850,12.0,1628.0,1200,1200
T006496,2025-10-02,P005,C028,2,48,0.0,96.0,32,64
T006497,2025-10-02,P016,C023,21,2100,0.0,44100.0,1400,29400
T006498,2025-10-02,P013,C030,2,2900,12.0,5104.0,2100,4200
T006499,2025-10-02,P015,C007,18,520,12.0,8236.8,350,6300
T006500,2025-10-02,P009,C008,13,600,0.0,7800.0,420,5460
T006501,2025-10-02,P016,C024,8,2100,0.0,16800.0,1400,11200
T006502,2025-10-02,P007,C020,8,1850,0.0,14800.0,1200,9600
T006503,2025-10-02,P008,C026,3,6200,0.0,18600.0,4200,12600
T006504,2025-10-02,P016,C040,4,2100,12.0,7392.0,1400,5600
T006505,2025-10-02,P019,C002,1,230,0.0,230.0,150,150
T006506,2025-10-02,P013,C004,3,2900,0.0,8700.0,2100,6300
T006507,2025-10-02,P014,C036,4,260,0.0,1040.0,180,720
T006508,2025-10-02,P005,C030,10,48,5.0,456.0,32,320
T006509,2025-10-02,P014,C036,2,260,0.0,520.0,180,360
T006510,2025-10-02,P002,C033,4,900,5.0,3420.0,650,2600
T006511,2025-10-02,P020,C034,3,3100,8.0,8556.0,2200,6600
T006512,2025-10-03,P006,C031,8,82,8.0,603.52,55,440
T006513,2025-10-03,P016,C018,3,2100,0.0,6300.0,1400,4200
T006514,2025-10-03,P001,C031,3,3200,0.0,9600.0,2400,7200
T006515,2025-10-03,P005,C021,1,48,5.0,45.6,32,32
T006516,2025-10-03,P019,C006,4,230,5.0,874.0,150,600
T006517,2025-10-03,P013,C019,2,2900,5.0,5510.0,2100,4200
T006518,2025-10-03,P011,C011,19,2600,0.0,49400.0,1800,34200
T006519,2025-10-03,P005,C029,5,48,10.0,216.0,32,160
T006520,2025-10-03,P010,C003,17,380,0.0,6460.0,260,4420
T006521,2025-10-03,P005,C040,5,48,0.0,240.0,32,160
T006522,2025-10-03,P016,C025,15,2100,8.0,28980.0,1400,21000
T006523,2025-10-03,P010,C035,2,380,12.0,668.8,260,520
T006524,2025-10-04,P020,C018,19,3100,0.0,58900.0,2200,41800
T006525,2025-10-04,P005,C022,9,48,5.0,410.4,32,288
T006526,2025-10-04,P020,C011,7,3100,10.0,19530.0,2200,15400
T006527,2025-10-04,P018,C038,7,78,10.0,491.4,62,434
T006528,2025-10-04,P010,C013,3,380,0.0,1140.0,260,780
T006529,2025-10-04,P006,C024,6,82,8.0,452.64,55,330
T006530,2025-10-04,P020,C036,3,3100,8.0,8556.0,2200,6600
T006531,2025-10-04,P014,C016,2,260,5.0,494.0,180,360
T006532,2025-10-04,P005,C033,1,48,0.0,48.0,32,32
T006533,2025-10-04,P006,C031,3,82,12.0,216.48,55,165
T006534,2025-10-04,P016,C030,5,2100,0.0,10500.0,1400,7000
T006535,2025-10-05,P017,C001,4,420,0.0,1680.0,340,1360
T006536,2025-10-05,P018,C006,8,78,0.0,624.0,62,496
T006537,2025-10-05,P014,C001,3,260,8.0,717.6,180,540
T006538,2025-10-05,P007,C036,1,1850,0.0,1850.0,1200,1200
T006539,2025-10-05,P018,C014,6,78,0.0,468.0,62,372
T006540,2025-10-05,P011,C025,9,2600,0.0,23400.0,1800,16200
T006541,2025-10-05,P013,C005,3,2900,0.0,8700.0,2100,6300
T006542,2025-10-05,P012,C017,8,5200,0.0,41600.0,3800,30400
T006543,2025-10-05,P011,C025,4,2600,0.0,10400.0,1800,7200
T006544,2025-10-05,P009,C004,2,600,5.0,1140.0,420,840
T006545,2025-10-05,P003,C029,10,1250,0.0,12500.0,900,9000
T006546,2025-10-05,P019,C012,2,230,10.0,414.0,150,300
T006547,2025-10-05,P020,C010,16,3100,8.0,45632.0,2200,35200
T006548,2025-10-05,P017,C027,1,420,8.0,386.4,340,340
T006549,2025-10-06,P012,C028,16,5200,0.0,83200.0,3800,60800
T006550,2025-10-06,P003,C031,5,1250,12.0,5500.0,900,4500
T006551,2025-10-06,P001,C029,19,3200,0.0,60800.0,2400,45600
T006552,2025-10-06,P006,C035,14,82,5.0,1090.6,55,770
T006553,2025-10-06,P007,C038,1,1850,0.0,1850.0,1200,1200
T006554,2025-10-06,P015,C034,5,520,0.0,2600.0,350,1750
T006555,2025-10-06,P010,C022,8,380,0.0,3040.0,260,2080
T006556,2025-10-06,P007,C038,8,1850,8.0,13616.0,1200,9600
T006557,2025-10-06,P011,C036,5,2600,5.0,12350.0,1800,9000
T006558,2025-10-06,P003,C033,7,1250,0.0,8750.0,900,6300
T006559,2025-10-06,P001,C001,8,3200,0.0,25600.0,2400,19200
T006560,2025-10-06,P008,C010,1,6200,0.0,6200.0,4200,4200
T006561,2025-10-07,P014,C038,4,260,0.0,1040.0,180,720
T006562,2025-10-07,P019,C038,8,230,5.0,1748.0,150,1200
T006563,2025-10-07,P008,C004,2,6200,10.0,11160.0,4200,8400
T006564,2025-10-07,P008,C020,5,6200,0.0,31000.0,4200,21000
T006565,2025-10-07,P003,C021,6,1250,12.0,6600.0,900,5400
T006566,2025-10-07,P017,C010,11,420,0.0,4620.0,340,3740
T006567,2025-10-07,P017,C015,6,420,10.0,2268.0,340,2040
T006568,2025-10-07,P001,C001,3,3200,10.0,8640.0,2400,7200
T006569,2025-10-07,P015,C036,2,520,8.0,956.8,350,700
T006570,2025-10-07,P008,C010,3,6200,10.0,16740.0,4200,12600
T006571,2025-10-07,P018,C004,6,78,8.0,430.56,62,372
T006572,2025-10-07,P002,C015,3,900,0.0,2700.0,650,1950
T006573,2025-10-07,P020,C007,5,3100,0.0,15500.0,2200,11000
T006574,2025-10-07,P019,C027,7,230,5.0,1529.5,150,1050
T006575,2025-10-07,P015,C040,3,520,0.0,1560.0,350,1050
T006576,2025-10-07,P019,C024,6,230,12.0,1214.4,150,900
T006577,2025-10-07,P005,C032,2,48,8.0,88.32,32,64
T006578,2025-10-07,P013,C014,1,2900,5.0,2755.0,2100,2100
T006579,2025-10-07,P018,C005,1,78,0.0,78.0,62,62
T006580,2025-10-08,P002,C006,4,900,0.0,3600.0,650,2600
T006581,2025-10-08,P012,C007,9,5200,12.0,41184.0,3800,34200
T006582,2025-10-08,P005,C016,4,48,0.0,192.0,32,128
T006583,2025-10-08,P001,C033,5,3200,10.0,14400.0,2400,12000
T006584,2025-10-08,P012,C030,10,5200,0.0,52000.0,3800,38000
T006585,2025-10-08,P013,C022,2,2900,10.0,5220.0,2100,4200
T006586,2025-10-08,P020,C038,10,3100,10.0,27900.0,2200,22000
T006587,2025-10-08,P014,C023,1,260,12.0,228.8,180,180
T006588,2025-10-08,P005,C034,6,48,0.0,288.0,32,192
T006589,2025-10-08,P014,C012,12,260,12.0,2745.6,180,2160
T006590,2025-10-09,P005,C029,1,48,0.0,48.0,32,32
T006591,2025-10-09,P012,C007,8,5200,0.0,41600.0,3800,30400
T006592,2025-10-09,P014,C036,6,260,0.0,1560.0,180,1080
T006593,2025-10-09,P008,C001,6,6200,8.0,34224.0,4200,25200
T006594,2025-10-09,P009,C033,1,600,12.0,528.0,420,420
T006595,2025-10-09,P010,C011,5,380,0.0,1900.0,260,1300
T006596,2025-10-09,P012,C040,9,5200,0.0,46800.0,3800,34200
T006597,2025-10-09,P015,C036,1,520,0.0,520.0,350,350
T006598,2025-10-09,P016,C013,16,2100,0.0,33600.0,1400,22400
T006599,2025-10-09,P011,C003,8,2600,12.0,18304.0,1800,14400
T006600,2025-10-09,P007,C020,15,1850,5.0,26362.5,1200,18000
T006601,2025-10-09,P013,C037,4,2900,0.0,11600.0,2100,8400
T006602,2025-10-10,P020,C020,6,3100,8.0,17112.0,2200,13200
T006603,2025-10-10,P005,C009,6,48,5.0,273.6,32,192
T006604,2025-10-10,P015,C021,5,520,8.0,2392.0,350,1750
T006605,2025-10-10,P018,C007,6,78,8.0,430.56,62,372
T006606,2025-10-10,P002,C001,1,900,5.0,855.0,650,650
T006607,2025-10-10,P012,C023,10,5200,5.0,49400.0,3800,38000
T006608,2025-10-10,P018,C035,6,78,5.0,444.6,62,372
T006609,2025-10-10,P011,C037,1,2600,5.0,2470.0,1800,1800
T006610,2025-10-10,P009,C009,4,600,8.0,2208.0,420,1680
T006611,2025-10-10,P016,C039,5,2100,0.0,10500.0,1400,7000
T006612,2025-10-10,P008,C034,1,6200,0.0,6200.0,4200,4200
T006613,2025-10-10,P002,C031,2,900,0.0,1800.0,650,1300
T006614,2025-10-10,P003,C026,4,1250,0.0,5000.0,900,3600
T006615,2025-10-10,P017,C029,8,420,10.0,3024.0,340,2720
T006616,2025-10-10,P008,C019,10,6200,0.0,62000.0,4200,42000
T006617,2025-10-11,P002,C008,13,900,8.0,10764.0,650,8450
T006618,2025-10-11,P015,C037,6,520,5.0,2964.0,350,2100
T006619,2025-10-11,P005,C010,9,48,5.0,410.4,32,288
T006620,2025-10-11,P012,C034,7,5200,0.0,36400.0,3800,26600
T006621,2025-10-11,P012,C031,2,5200,8.0,9568.0,3800,7600
T006622,2025-10-11,P015,C028,4,520,0.0,2080.0,350,1400
T006623,2025-10-11,P015,C025,8,520,0.0,4160.0,350,2800
T006624,2025-10-11,P004,C017,14,340,0.0,4760.0,220,3080
T006625,2025-10-11,P013,C009,5,2900,0.0,14500.0,2100,10500
T006626,2025-10-11,P019,C002,7,230,12.0,1416.8,150,1050
T006627,2025-10-11,P002,C023,1,900,0.0,900.0,650,650
T006628,2025-10-12,P010,C024,3,380,12.0,1003.2,260,780
T006629,2025-10-12,P015,C019,8,520,5.0,3952.0,350,2800
T006630,2025-10-12,P018,C030,6,78,0.0,468.0,62,372
T006631,2025-10-12,P009,C002,2,600,0.0,1200.0,420,840
T006632,2025-10-12,P010,C038,9,380,0.0,3420.0,260,2340
T006633,2025-10-12,P016,C036,2,2100,12.0,3696.0,1400,2800
T006634,2025-10-12,P005,C031,2,48,0.0,96.0,32,64
T006635,2025-10-12,P002,C013,5,900,10.0,4050.0,650,3250
T006636,2025-10-12,P011,C001,3,2600,5.0,7410.0,1800,5400
T006637,2025-10-12,P004,C030,4,340,0.0,1360.0,220,880
T006638,2025-10-12,P007,C004,12,1850,8.0,20424.0,1200,14400
T006639,2025-10-12,P019,C038,24,230,0.0,5520.0,150,3600
T006640,2025-10-13,P020,C028,9,3100,10.0,25110.0,2200,19800
T006641,2025-10-13,P011,C003,2,2600,0.0,5200.0,1800,3600
T006642,2025-10-13,P010,C032,9,380,5.0,3249.0,260,2340
T006643,2025-10-13,P017,C034,2,420,0.0,840.0,340,680
T006644,2025-10-13,P006,C035,1,82,10.0,73.8,55,55
T006645,2025-10-13,P018,C027,3,78,0.0,234.0,62,186
T006646,2025-10-13,P008,C005,8,6200,0.0,49600.0,4200,33600
T006647,2025-10-13,P009,C039,1,600,0.0,600.0,420,420
T006648,2025-10-13,P016,C040,5,2100,8.0,9660.0,1400,7000
T006649,2025-10-13,P013,C027,1,2900,0.0,2900.0,2100,2100
T006650,2025-10-13,P001,C032,15,3200,0.0,48000.0,2400,36000
T006651,2025-10-13,P004,C017,9,340,8.0,2815.2,220,1980
T006652,2025-10-13,P008,C006,7,6200,8.0,39928.0,4200,29400
T006653,2025-10-13,P014,C003,2,260,5.0,494.0,180,360
T006654,2025-10-14,P009,C022,4,600,0.0,2400.0,420,1680
T006655,2025-10-14,P005,C035,4,48,10.0,172.8,32,128
T006656,2025-10-14,P007,C037,9,1850,0.0,16650.0,1200,10800
T006657,2025-10-14,P005,C013,3,48,0.0,144.0,32,96
T006658,2025-10-14,P001,C024,10,3200,8.0,29440.0,2400,24000
T006659,2025-10-14,P015,C014,12,520,0.0,6240.0,350,4200
T006660,2025-10-14,P013,C028,3,2900,5.0,8265.0,2100,6300
T006661,2025-10-14,P007,C015,20,1850,0.0,37000.0,1200,24000
T006662,2025-10-14,P019,C026,3,230,12.0,607.2,150,450
T006663,2025-10-14,P001,C008,4,3200,0.0,12800.0,2400,9600
T006664,2025-10-14,P012,C007,5,5200,5.0,24700.0,3800,19000
T006665,2025-10-14,P001,C001,5,3200,0.0,16000.0,2400,12000
T006666,2025-10-15,P014,C021,3,260,5.0,741.0,180,540
T006667,2025-10-15,P011,C036,15,2600,12.0,34320.0,1800,27000
T006668,2025-10-15,P013,C035,9,2900,12.0,22968.0,2100,18900
T006669,2025-10-15,P005,C006,2,48,0.0,96.0,32,64
T006670,2025-10-15,P001,C040,4,3200,12.0,11264.0,2400,9600
T006671,2025-10-15,P019,C010,4,230,0.0,920.0,150,600
T006672,2025-10-15,P002,C029,3,900,12.0,2376.0,650,1950
T006673,2025-10-16,P001,C016,2,3200,0.0,6400.0,2400,4800
T006674,2025-10-16,P018,C002,9,78,0.0,702.0,62,558
T006675,2025-10-16,P011,C039,6,2600,0.0,15600.0,1800,10800
T006676,2025-10-16,P010,C009,2,380,0.0,760.0,260,520
T006677,2025-10-16,P008,C014,1,6200,12.0,5456.0,4200,4200
T006678,2025-10-16,P003,C025,3,1250,0.0,3750.0,900,2700
T006679,2025-10-16,P014,C035,1,260,0.0,260.0,180,180
T006680,2025-10-16,P013,C032,4,2900,0.0,11600.0,2100,8400
T006681,2025-10-16,P014,C011,4,260,12.0,915.2,180,720
T006682,2025-10-16,P010,C040,1,380,0.0,380.0,260,260
T006683,2025-10-16,P017,C040,1,420,8.0,386.4,340,340
T006684,2025-10-16,P016,C008,1,2100,10.0,1890.0,1400,1400
T006685,2025-10-16,P009,C036,3,600,10.0,1620.0,420,1260
T006686,2025-10-16,P005,C039,7,48,0.0,336.0,32,224
T006687,2025-10-17,P009,C019,10,600,0.0,6000.0,420,4200
T006688,2025-10-17,P020,C021,4,3100,0.0,12400.0,2200,8800
T006689,2025-10-17,P003,C006,12,1250,0.0,15000.0,900,10800
T006690,2025-10-17,P017,C029,1,420,0.0,420.0,340,340
T006691,2025-10-17,P008,C008,4,6200,5.0,23560.0,4200,16800
T006692,2025-10-17,P019,C012,6,230,10.0,1242.0,150,900
T006693,2025-10-18,P013,C025,5,2900,5.0,13775.0,2100,10500
T006694,2025-10-18,P006,C030,4,82,0.0,328.0,55,220
T006695,2025-10-18,P016,C021,4,2100,0.0,8400.0,1400,5600
T006696,2025-10-18,P008,C018,3,6200,0.0,18600.0,4200,12600
T006697,2025-10-18,P006,C012,4,82,0.0,328.0,55,220
T006698,2025-10-18,P013,C011,23,2900,10.0,60030.0,2100,48300
T006699,2025-10-18,P002,C029,2,900,0.0,1800.0,650,1300
T006700,2025-10-18,P018,C001,1,78,0.0,78.0,62,62
T006701,2025-10-18,P009,C012,8,600,0.0,4800.0,420,3360
T006702,2025-10-18,P018,C040,2,78,0.0,156.0,62,124
T006703,2025-10-19,P015,C022,9,520,0.0,4680.0,350,3150
T006704,2025-10-19,P009,C025,16,600,10.0,8640.0,420,6720
T006705,2025-10-19,P001,C025,3,3200,0.0,9600.0,2400,7200
T006706,2025-10-19,P009,C017,6,600,8.0,3312.0,420,2520
T006707,2025-10-19,P012,C019,3,5200,0.0,15600.0,3800,11400
T006708,2025-10-19,P014,C023,14,260,0.0,3640.0,180,2520
T006709,2025-10-19,P001,C018,3,3200,10.0,8640.0,2400,7200
T006710,2025-10-20,P013,C011,4,2900,0.0,11600.0,2100,8400
T006711,2025-10-20,P010,C001,1,380,12.0,334.4,260,260
T006712,2025-10-20,P003,C006,10,1250,0.0,12500.0,900,9000
T006713,2025-10-20,P010,C021,3,380,0.0,1140.0,260,780
T006714,2025-10-20,P013,C009,19,2900,0.0,55100.0,2100,39900
T006715,2025-10-20,P020,C007,3,3100,0.0,9300.0,2200,6600
T006716,2025-10-20,P002,C001,18,900,0.0,16200.0,650,11700
T006717,2025-10-20,P004,C013,4,340,0.0,1360.0,220,880
T006718,2025-10-20,P019,C009,8,230,12.0,1619.2,150,1200
T006719,2025-10-20,P006,C013,3,82,5.0,233.7,55,165
T006720,2025-10-20,P012,C026,6,5200,5.0,29640.0,3800,22800
T006721,2025-10-20,P005,C004,4,48,0.0,192.0,32,128
T006722,2025-10-20,P002,C010,4,900,10.0,3240.0,650,2600
T006723,2025-10-21,P002,C040,4,900,0.0,3600.0,650,2600
T006724,2025-10-21,P009,C006,1,600,10.0,540.0,420,420
T006725,2025-10-21,P020,C017,4,3100,12.0,10912.0,2200,8800
T006726,2025-10-21,P020,C013,3,3100,8.0,8556.0,2200,6600
T006727,2025-10-21,P014,C034,1,260,12.0,228.8,180,180
T006728,2025-10-21,P005,C037,9,48,0.0,432.0,32,288
T006729,2025-10-21,P004,C017,12,340,0.0,4080.0,220,2640
T006730,2025-10-21,P020,C005,10,3100,5.0,29450.0,2200,22000
T006731,2025-10-21,P020,C029,4,3100,12.0,10912.0,2200,8800
T006732,2025-10-21,P009,C034,10,600,0.0,6000.0,420,4200
T006733,2025-10-21,P014,C026,1,260,8.0,239.2,180,180
T006734,2025-10-21,P017,C017,9,420,0.0,3780.0,340,3060
T006735,2025-10-21,P012,C037,8,5200,0.0,41600.0,3800,30400
T006736,2025-10-22,P007,C021,1,1850,0.0,1850.0,1200,1200
T006737,2025-10-22,P009,C013,8,600,8.0,4416.0,420,3360
T006738,2025-10-22,P003,C026,3,1250,0.0,3750.0,900,2700
T006739,2025-10-22,P018,C031,11,78,5.0,815.1,62,682
T006740,2025-10-22,P013,C034,7,2900,5.0,19285.0,2100,14700
T006741,2025-10-22,P012,C002,5,5200,12.0,22880.0,3800,19000
T006742,2025-10-22,P007,C010,7,1850,10.0,11655.0,1200,8400
T006743,2025-10-22,P003,C026,7,1250,10.0,7875.0,900,6300
T006744,2025-10-22,P018,C018,3,78,0.0,234.0,62,186
T006745,2025-10-22,P002,C005,2,900,8.0,1656.0,650,1300
T006746,2025-10-22,P007,C004,5,1850,0.0,9250.0,1200,6000
T006747,2025-10-22,P013,C026,3,2900,12.0,7656.0,2100,6300
T006748,2025-10-22,P006,C025,7,82,12.0,505.12,55,385
T006749,2025-10-22,P018,C033,3,78,10.0,210.6,62,186
T006750,2025-10-23,P006,C032,2,82,0.0,164.0,55,110
T006751,2025-10-23,P018,C010,1,78,10.0,70.2,62,62
T006752,2025-10-23,P003,C005,9,1250,10.0,10125.0,900,8100
T006753,2025-10-23,P009,C012,3,600,5.0,1710.0,420,1260
T006754,2025-10-23,P002,C026,4,900,0.0,3600.0,650,2600
T006755,2025-10-23,P019,C027,2,230,0.0,460.0,150,300
T006756,2025-10-23,P018,C008,6,78,0.0,468.0,62,372
T006757,2025-10-23,P004,C015,4,340,8.0,1251.2,220,880
T006758,2025-10-23,P013,C005,2,2900,0.0,5800.0,2100,4200
T006759,2025-10-23,P017,C039,13,420,8.0,5023.2,340,4420
T006760,2025-10-23,P017,C025,1,420,0.0,420.0,340,340
T006761,2025-10-23,P002,C029,14,900,8.0,11592.0,650,9100
T006762,2025-10-23,P006,C012,3,82,0.0,246.0,55,165
T006763,2025-10-23,P005,C023,1,48,5.0,45.6,32,32
T006764,2025-10-24,P020,C035,16,3100,10.0,44640.0,2200,35200
T006765,2025-10-24,P013,C016,2,2900,0.0,5800.0,2100,4200
T006766,2025-10-24,P014,C013,7,260,10.0,1638.0,180,1260
T006767,2025-10-24,P003,C004,4,1250,0.0,5000.0,900,3600
T006768,2025-10-24,P005,C028,6,48,0.0,288.0,32,192
T006769,2025-10-24,P006,C036,3,82,8.0,226.32,55,165
T006770,2025-10-24,P011,C026,6,2600,12.0,13728.0,1800,10800
T006771,2025-10-24,P004,C030,10,340,0.0,3400.0,220,2200
T006772,2025-10-24,P007,C011,1,1850,0.0,1850.0,1200,1200
T006773,2025-10-24,P019,C039,3,230,5.0,655.5,150,450
T006774,2025-10-24,P014,C018,1,260,0.0,260.0,180,180
T006775,2025-10-24,P020,C011,2,3100,5.0,5890.0,2200,4400
T006776,2025-10-24,P003,C018,4,1250,8.0,4600.0,900,3600
T006777,2025-10-24,P016,C008,3,2100,12.0,5544.0,1400,4200
T006778,2025-10-24,P016,C011,7,2100,0.0,14700.0,1400,9800
T006779,2025-10-24,P001,C031,6,3200,10.0,17280.0,2400,14400
T006780,2025-10-24,P012,C026,1,5200,10.0,4680.0,3800,3800
T006781,2025-10-24,P009,C022,1,600,0.0,600.0,420,420
T006782,2025-10-25,P009,C010,12,600,12.0,6336.0,420,5040
T006783,2025-10-25,P019,C010,1,230,8.0,211.6,150,150
T006784,2025-10-25,P014,C011,2,260,10.0,468.0,180,360
T006785,2025-10-25,P006,C021,7,82,0.0,574.0,55,385
T006786,2025-10-25,P012,C013,1,5200,12.0,4576.0,3800,3800
T006787,2025-10-25,P015,C015,8,520,0.0,4160.0,350,2800
T006788,2025-10-25,P010,C019,5,380,10.0,1710.0,260,1300
T006789,2025-10-25,P018,C032,11,78,0.0,858.0,62,682
T006790,2025-10-25,P017,C020,5,420,0.0,2100.0,340,1700
T006791,2025-10-25,P010,C026,7,380,0.0,2660.0,260,1820
T006792,2025-10-26,P017,C032,4,420,0.0,1680.0,340,1360
T006793,2025-10-26,P005,C034,5,48,0.0,240.0,32,160
T006794,2025-10-26,P004,C007,1,340,10.0,306.0,220,220
T006795,2025-10-26,P004,C019,1,340,5.0,323.0,220,220
T006796,2025-10-26,P008,C009,6,6200,0.0,37200.0,4200,25200
T006797,2025-10-26,P015,C023,5,520,5.0,2470.0,350,1750
T006798,2025-10-27,P009,C006,9,600,0.0,5400.0,420,3780
T006799,2025-10-27,P019,C037,5,230,0.0,1150.0,150,750
T006800,2025-10-27,P015,C003,2,520,0.0,1040.0,350,700
T006801,2025-10-27,P020,C011,-1,3100,0.0,34100.0,2200,24200
T006802,2025-10-27,P018,C022,20,78,10.0,1404.0,62,1240
T006803,2025-10-27,P010,C020,4,380,12.0,1337.6,260,1040
T006804,2025-10-27,P003,C031,1,1250,8.0,1150.0,900,900
T006805,2025-10-27,P008,C006,4,6200,0.0,24800.0,4200,16800
T006806,2025-10-27,P012,C016,6,5200,12.0,27456.0,3800,22800
T006807,2025-10-27,P014,C035,6,260,5.0,1482.0,180,1080
T006808,2025-10-28,P014,C029,3,260,0.0,780.0,180,540
T006809,2025-10-28,P016,C005,4,2100,12.0,7392.0,1400,5600
T006810,2025-10-28,P012,C021,1,5200,5.0,4940.0,3800,3800
T006811,2025-10-28,P014,C036,9,260,12.0,2059.2,180,1620
T006812,2025-10-28,P006,C033,1,82,12.0,72.16,55,55
T006813,2025-10-28,P001,C014,3,3200,12.0,8448.0,2400,7200
T006814,2025-10-28,P020,C012,6,3100,12.0,16368.0,2200,13200
T006815,2025-10-28,P012,C009,9,5200,0.0,46800.0,3800,34200
T006816,2025-10-28,P008,C031,5,6200,12.0,27280.0,4200,21000
T006817,2025-10-28,P008,C006,4,6200,0.0,24800.0,4200,16800
T006818,2025-10-28,P005,C020,12,48,0.0,576.0,32,384
T006819,2025-10-28,P014,C014,11,260,10.0,2574.0,180,1980
T006820,2025-10-29,P006,C037,3,82,8.0,226.32,55,165
T006821,2025-10-29,P004,C032,16,340,0.0,5440.0,220,3520
T006822,2025-10-29,P020,C012,12,3100,12.0,32736.0,2200,26400
T006823,2025-10-29,P017,C029,1,420,0.0,420.0,340,340
T006824,2025-10-29,P015,C013,6,520,8.0,2870.4,350,2100
T006825,2025-10-29,P001,C022,1,3200,5.0,3040.0,2400,2400
T006826,2025-10-29,P003,C006,4,1250,12.0,4400.0,900,3600
T006827,2025-10-29,P013,C005,4,2900,8.0,10672.0,2100,8400
T006828,2025-10-29,P004,C028,5,340,12.0,1496.0,220,1100
T006829,2025-10-30,P008,C006,2,6200,10.0,11160.0,4200,8400
T006830,2025-10-30,P020,C017,6,3100,0.0,18600.0,2200,13200
T006831,2025-10-30,P008,C006,3,6200,5.0,17670.0,4200,12600
T006832,2025-10-30,P003,C010,2,1250,0.0,2500.0,900,1800
T006833,2025-10-30,P009,C013,4,600,10.0,2160.0,420,1680
T006834,2025-10-30,P001,C017,8,3200,5.0,24320.0,2400,19200
T006835,2025-10-30,P019,C037,8,230,10.0,1656.0,150,1200
T006836,2025-10-31,P001,C038,3,3200,0.0,9600.0,2400,7200
T006837,2025-10-31,P013,C014,6,2900,0.0,17400.0,2100,12600
T006838,2025-10-31,P001,C005,3,3200,10.0,8640.0,2400,7200
T006839,2025-10-31,P005,C038,1,48,0.0,48.0,32,32
T006840,2025-10-31,P013,C028,23,2900,8.0,61364.0,2100,48300
T006841,2025-10-31,P019,C015,1,230,8.0,211.6,150,150
T006842,2025-10-31,P009,C003,7,600,8.0,3864.0,420,2940
T006843,2025-10-31,P012,C040,1,5200,0.0,5200.0,3800,3800
T006844,2025-10-31,P006,C032,4,82,8.0,301.76,55,220
T006845,2025-10-31,P001,C023,4,3200,0.0,12800.0,2400,9600
T006846,2025-10-31,P003,C024,3,1250,5.0,3562.5,900,2700
T006847,2025-10-31,P018,C023,3,78,10.0,210.6,62,186
T006848,2025-10-31,P012,C013,4,5200,0.0,20800.0,3800,15200
T006849,2025-10-31,P001,C002,5,3200,8.0,14720.0,2400,12000
T006850,2025-10-31,P012,C019,18,5200,5.0,88920.0,3800,68400
T006851,2025-11-01,P007,C032,14,1850,0.0,25900.0,1200,16800
T006852,2025-11-01,P010,C002,2,380,5.0,722.0,260,520
T006853,2025-11-01,P002,C039,2,900,10.0,1620.0,650,1300
T006854,2025-11-01,P015,C007,8,520,0.0,4160.0,350,2800
T006855,2025-11-01,P017,C009,7,420,0.0,2940.0,340,2380
T006856,2025-11-01,P018,C023,1,78,0.0,78.0,62,62
T006857,2025-11-01,P018,C013,19,78,0.0,1482.0,62,1178
T006858,2025-11-01,P003,C018,6,1250,10.0,6750.0,900,5400
T006859,2025-11-01,P014,C038,1,260,0.0,260.0,180,180
T006860,2025-11-01,P017,C008,5,420,8.0,1932.0,340,1700
T006861,2025-11-01,P012,C029,2,5200,10.0,9360.0,3800,7600
T006862,2025-11-02,P015,C037,3,520,5.0,1482.0,350,1050
T006863,2025-11-02,P006,C037,6,82,0.0,492.0,55,330
T006864,2025-11-02,P014,C029,3,260,10.0,702.0,180,540
T006865,2025-11-02,P010,C009,5,380,5.0,1805.0,260,1300
T006866,2025-11-02,P011,C029,5,2600,12.0,11440.0,1800,9000
T006867,2025-11-02,P007,C012,7,1850,0.0,12950.0,1200,8400
T006868,2025-11-02,P006,C025,1,82,5.0,77.9,55,55
T006869,2025-11-02,P015,C034,2,520,0.0,1040.0,350,700
T006870,2025-11-02,P014,C037,10,260,5.0,2470.0,180,1800
T006871,2025-11-02,P013,C026,6,2900,0.0,17400.0,2100,12600
T006872,2025-11-02,P020,C026,1,3100,5.0,2945.0,2200,2200
T006873,2025-11-02,P013,C022,4,2900,0.0,11600.0,2100,8400
T006874,2025-11-02,P001,C024,8,3200,12.0,22528.0,2400,19200
T006875,2025-11-03,P003,C005,1,1250,0.0,1250.0,900,900
T006876,2025-11-03,P011,C003,2,2600,10.0,4680.0,1800,3600
T006877,2025-11-03,P016,C025,11,2100,10.0,20790.0,1400,15400
T006878,2025-11-03,P013,C027,10,2900,0.0,29000.0,2100,21000
T006879,2025-11-03,P014,C032,2,260,8.0,478.4,180,360
T006880,2025-11-03,P005,C004,2,48,12.0,84.48,32,64
T006881,2025-11-03,P006,C013,9,82,12.0,649.44,55,495
T006882,2025-11-03,P019,C012,6,230,12.0,1214.4,150,900
T006883,2025-11-03,P019,C030,3,230,5.0,655.5,150,450
T006884,2025-11-04,P003,C027,3,1250,0.0,3750.0,900,2700
T006885,2025-11-04,P013,C036,8,2900,0.0,23200.0,2100,16800
T006886,2025-11-04,P015,C016,10,520,0.0,5200.0,350,3500
T006887,2025-11-04,P006,C006,6,82,5.0,467.4,55,330
T006888,2025-11-04,P001,C027,14,3200,5.0,42560.0,2400,33600
T006889,2025-11-04,P003,C027,8,1250,0.0,10000.0,900,7200
T006890,2025-11-04,P011,C033,1,2600,0.0,2600.0,1800,1800
T006891,2025-11-04,P003,C008,8,1250,5.0,9500.0,900,7200
T006892,2025-11-04,P007,C025,5,1850,0.0,9250.0,1200,6000
T006893,2025-11-04,P010,C018,1,380,0.0,380.0,260,260
T006894,2025-11-04,P014,C020,8,260,5.0,1976.0,180,1440
T006895,2025-11-04,P004,C002,4,340,0.0,1360.0,220,880
T006896,2025-11-04,P017,C003,9,420,0.0,3780.0,340,3060
T006897,2025-11-04,P002,C019,5,900,5.0,4275.0,650,3250
T006898,2025-11-04,P018,C002,4,78,10.0,280.8,62,248
T006899,2025-11-04,P005,C002,6,48,5.0,273.6,32,192
T006900,2025-11-04,P005,C021,2,48,5.0,91.2,32,64
T006901,2025-11-05,P004,C023,4,340,0.0,1360.0,220,880
T006902,2025-11-05,P013,C001,3,2900,0.0,8700.0,2100,6300
T006903,2025-11-05,P015,C005,2,520,5.0,988.0,350,700
T006904,2025-11-05,P016,C012,3,2100,12.0,5544.0,1400,4200
T006905,2025-11-05,P002,C025,10,900,5.0,8550.0,650,6500
T006906,2025-11-05,P016,C025,6,2100,10.0,11340.0,1400,8400
T006907,2025-11-06,P020,C018,2,3100,10.0,5580.0,2200,4400
T006908,2025-11-06,P004,C039,4,340,5.0,1292.0,220,880
T006909,2025-11-06,P001,C037,2,3200,8.0,5888.0,2400,4800
T006910,2025-11-06,P006,C028,10,82,0.0,820.0,55,550
T006911,2025-11-06,P016,C029,2,2100,0.0,4200.0,1400,2800
T006912,2025-11-06,P007,C017,5,1850,0.0,9250.0,1200,6000
T006913,2025-11-06,P007,C021,3,1850,0.0,5550.0,1200,3600
T006914,2025-11-06,P010,C031,7,380,0.0,2660.0,260,1820
T006915,2025-11-06,P002,C035,2,900,12.0,1584.0,650,1300
T006916,2025-11-06,P003,C038,2,1250,0.0,2500.0,900,1800
T006917,2025-11-06,P002,C036,8,900,0.0,7200.0,650,5200
T006918,2025-11-06,P009,C027,9,600,12.0,4752.0,420,3780
T006919,2025-11-06,P013,C028,4,2900,10.0,10440.0,2100,8400
T006920,2025-11-07,P017,C018,1,420,0.0,420.0,340,340
T006921,2025-11-07,P003,C016,6,1250,5.0,7125.0,900,5400
T006922,2025-11-07,P005,C029,10,48,8.0,441.6,32,320
T006923,2025-11-07,P017,C009,13,420,10.0,4914.0,340,4420
T006924,2025-11-07,P005,C036,5,48,0.0,240.0,32,160
T006925,2025-11-07,P015,C028,1,520,12.0,457.6,350,350
T006926,2025-11-07,P012,C009,3,5200,8.0,14352.0,3800,11400
T006927,2025-11-07,P014,C006,2,260,10.0,468.0,180,360
T006928,2025-11-07,P014,C031,3,260,8.0,717.6,180,540
T006929,2025-11-07,P014,C009,10,260,8.0,2392.0,180,1800
T006930,2025-11-07,P008,C035,13,6200,12.0,70928.0,4200,54600
T006931,2025-11-07,P008,C035,5,6200,0.0,31000.0,4200,21000
T006932,2025-11-07,P009,C021,4,600,0.0,2400.0,420,1680
T006933,2025-11-08,P002,C015,3,900,12.0,2376.0,650,1950
T006934,2025-11-08,P013,C038,2,2900,8.0,5336.0,2100,4200
T006935,2025-11-08,P009,C034,8,600,0.0,4800.0,420,3360
T006936,2025-11-08,P016,C015,12,2100,0.0,25200.0,1400,16800
T006937,2025-11-08,P017,C020,4,420,0.0,1680.0,340,1360
T006938,2025-11-08,P006,C017,1,82,0.0,82.0,55,55
T006939,2025-11-08,P011,C011,8,2600,0.0,20800.0,1800,14400
T006940,2025-11-08,P007,C011,3,1850,10.0,4995.0,1200,3600
T006941,2025-11-08,P009,C038,26,600,0.0,15600.0,420,10920
T006942,2025-11-08,P007,C035,2,1850,5.0,3515.0,1200,2400
T006943,2025-11-08,P002,C017,4,900,10.0,3240.0,650,2600
T006944,2025-11-08,P002,C003,6,900,12.0,4752.0,650,3900
T006945,2025-11-08,P008,C027,-1,6200,0.0,49600.0,4200,33600
T006946,2025-11-09,P011,C005,6,2600,0.0,15600.0,1800,10800
T006947,2025-11-09,P007,C032,3,1850,0.0,5550.0,1200,3600
T006948,2025-11-09,P013,C012,4,2900,10.0,10440.0,2100,8400
T006949,2025-11-09,P013,C002,9,2900,10.0,23490.0,2100,18900
T006950,2025-11-09,P016,C022,8,2100,5.0,15960.0,1400,11200
T006951,2025-11-09,P018,C012,1,78,0.0,78.0,62,62
T006952,2025-11-09,P013,C025,11,2900,8.0,29348.0,2100,23100
T006953,2025-11-09,P018,C039,10,78,0.0,780.0,62,620
T006954,2025-11-09,P007,C020,4,1850,12.0,6512.0,1200,4800
T006955,2025-11-09,P008,C007,5,6200,0.0,31000.0,4200,21000
T006956,2025-11-09,P003,C002,10,1250,8.0,11500.0,900,9000
T006957,2025-11-09,P009,C039,1,600,0.0,600.0,420,420
T006958,2025-11-10,P013,C003,2,2900,0.0,5800.0,2100,4200
T006959,2025-11-10,P018,C032,1,78,0.0,78.0,62,62
T006960,2025-11-10,P019,C031,9,230,10.0,1863.0,150,1350
T006961,2025-11-10,P016,C037,3,2100,8.0,5796.0,1400,4200
T006962,2025-11-10,P014,C001,7,260,0.0,1820.0,180,1260
T006963,2025-11-10,P011,C035,1,2600,5.0,2470.0,1800,1800
T006964,2025-11-10,P010,C032,7,380,0.0,2660.0,260,1820
T006965,2025-11-10,P005,C001,6,48,0.0,288.0,32,192
T006966,2025-11-11,P011,C024,1,2600,0.0,2600.0,1800,1800
T006967,2025-11-11,P009,C022,1,600,0.0,600.0,420,420
T006968,2025-11-11,P002,C003,12,900,10.0,9720.0,650,7800
T006969,2025-11-11,P016,C034,1,2100,5.0,1995.0,1400,1400
T006970,2025-11-11,P002,C034,1,900,5.0,855.0,650,650
T006971,2025-11-11,P008,C003,3,6200,5.0,17670.0,4200,12600
T006972,2025-11-11,P005,C012,7,48,0.0,336.0,32,224
T006973,2025-11-11,P016,C022,5,2100,5.0,9975.0,1400,7000
T006974,2025-11-11,P005,C012,6,48,0.0,288.0,32,192
T006975,2025-11-11,P010,C019,11,380,10.0,3762.0,260,2860
T006976,2025-11-11,P020,C001,7,3100,0.0,21700.0,2200,15400
T006977,2025-11-11,P014,C016,8,260,5.0,1976.0,180,1440
T006978,2025-11-11,P013,C023,8,2900,0.0,23200.0,2100,16800
T006979,2025-11-11,P006,C037,9,82,0.0,738.0,55,495
T006980,2025-11-11,P012,C030,9,5200,8.0,43056.0,3800,34200
T006981,2025-11-11,P011,C026,10,2600,0.0,26000.0,1800,18000
T006982,2025-11-11,P002,C026,8,900,0.0,7200.0,650,5200
T006983,2025-11-11,P010,C011,5,380,12.0,1672.0,260,1300
T006984,2025-11-12,P018,C008,2,78,0.0,156.0,62,124
T006985,2025-11-12,P003,C011,7,1250,8.0,8050.0,900,6300
T006986,2025-11-12,P003,C033,8,1250,0.0,10000.0,900,7200
T006987,2025-11-12,P006,C033,1,82,5.0,77.9,55,55
T006988,2025-11-12,P007,C038,1,1850,12.0,1628.0,1200,1200
T006989,2025-11-12,P008,C026,1,6200,10.0,5580.0,4200,4200
T006990,2025-11-12,P019,C028,7,230,0.0,1610.0,150,1050
T006991,2025-11-12,P003,C006,19,1250,10.0,21375.0,900,17100
T006992,2025-11-12,P007,C025,7,1850,0.0,12950.0,1200,8400
T006993,2025-11-12,P020,C006,3,3100,0.0,9300.0,2200,6600
T006994,2025-11-13,P012,C022,1,5200,12.0,4576.0,3800,3800
T006995,2025-11-13,P020,C019,1,3100,12.0,2728.0,2200,2200
T006996,2025-11-13,P009,C033,1,600,0.0,600.0,420,420
T006997,2025-11-13,P004,C033,5,340,5.0,1615.0,220,1100
T006998,2025-11-13,P013,C031,1,2900,12.0,2552.0,2100,2100
T006999,2025-11-13,P012,C026,2,5200,10.0,9360.0,3800,7600
T007000,2025-11-13,P006,C036,4,82,0.0,328.0,55,220
T007001,2025-11-13,P009,C038,12,600,12.0,6336.0,420,5040
T007002,2025-11-13,P019,C036,9,230,8.0,1904.4,150,1350
T007003,2025-11-13,P002,C009,3,900,10.0,2430.0,650,1950
T007004,2025-11-13,P012,C038,4,5200,0.0,20800.0,3800,15200
T007005,2025-11-13,P013,C013,5,2900,8.0,13340.0,2100,10500
T007006,2025-11-13,P011,C022,3,2600,5.0,7410.0,1800,5400
T007007,2025-11-13,P017,C026,14,420,0.0,5880.0,340,4760
T007008,2025-11-14,P007,C019,12,1850,10.0,19980.0,1200,14400
T007009,2025-11-14,P005,C009,1,48,0.0,48.0,32,32
T007010,2025-11-14,P002,C034,8,900,0.0,7200.0,650,5200
T007011,2025-11-14,P010,C036,10,380,0.0,3800.0,260,2600
T007012,2025-11-14,P007,C017,1,1850,10.0,1665.0,1200,1200
T007013,2025-11-14,P006,C014,1,82,0.0,82.0,55,55
T007014,2025-11-14,P011,C015,3,2600,0.0,7800.0,1800,5400
T007015,2025-11-14,P002,C007,7,900,0.0,6300.0,650,4550
T007016,2025-11-14,P001,C033,3,3200,10.0,8640.0,2400,7200
T007017,2025-11-14,P009,C005,3,600,0.0,1800.0,420,1260
T007018,2025-11-14,P004,C012,4,340,5.0,1292.0,220,880
T007019,2025-11-14,P007,C018,7,1850,5.0,12302.5,1200,8400
T007020,2025-11-14,P001,C004,10,3200,0.0,32000.0,2400,24000
T007021,2025-11-14,P011,C013,2,2600,8.0,4784.0,1800,3600
T007022,2025-11-14,P007,C015,3,1850,12.0,4884.0,1200,3600
T007023,2025-11-15,P019,C014,5,230,8.0,1058.0,150,750
T007024,2025-11-15,P010,C017,11,380,8.0,3845.6,260,2860
T007025,2025-11-15,P010,C015,3,380,8.0,1048.8,260,780
T007026,2025-11-15,P018,C021,2,78,0.0,156.0,62,124
T007027,2025-11-15,P015,C018,4,520,0.0,2080.0,350,1400
T007028,2025-11-15,P012,C038,1,5200,12.0,4576.0,3800,3800
T007029,2025-11-15,P012,C037,1,5200,12.0,4576.0,3800,3800
T007030,2025-11-15,P003,C012,3,1250,0.0,3750.0,900,2700
T007031,2025-11-15,P007,C008,5,1850,0.0,9250.0,1200,6000
T007032,2025-11-15,P010,C009,2,380,0.0,760.0,260,520
T007033,2025-11-15,P008,C040,5,6200,5.0,29450.0,4200,21000
T007034,2025-11-15,P013,C003,3,2900,10.0,7830.0,2100,6300
T007035,2025-11-16,P011,C003,5,2600,10.0,11700.0,1800,9000
T007036,2025-11-16,P017,C010,4,420,12.0,1478.4,340,1360
T007037,2025-11-16,P017,C013,6,420,12.0,2217.6,340,2040
T007038,2025-11-16,P016,C039,12,2100,5.0,23940.0,1400,16800
T007039,2025-11-16,P004,C024,3,340,5.0,969.0,220,660
T007040,2025-11-16,P018,C011,12,78,5.0,889.2,62,744
T007041,2025-11-16,P011,C001,3,2600,12.0,6864.0,1800,5400
T007042,2025-11-16,P005,C022,3,48,12.0,126.72,32,96
T007043,2025-11-16,P009,C020,2,600,5.0,1140.0,420,840
T007044,2025-11-16,P011,C027,8,2600,5.0,19760.0,1800,14400
T007045,2025-11-16,P015,C019,12,520,0.0,6240.0,350,4200
T007046,2025-11-16,P020,C014,6,3100,0.0,18600.0,2200,13200
T007047,2025-11-16,P008,C031,1,6200,10.0,5580.0,4200,4200
T007048,2025-11-17,P017,C027,5,420,0.0,2100.0,340,1700
T007049,2025-11-17,P009,C037,1,600,0.0,600.0,420,420
T007050,2025-11-17,P018,C035,1,78,0.0,78.0,62,62
T007051,2025-11-17,P018,C020,9,78,0.0,702.0,62,558
T007052,2025-11-17,P017,C035,3,420,0.0,1260.0,340,1020
T007053,2025-11-17,P020,C030,4,3100,10.0,11160.0,2200,8800
T007054,2025-11-17,P015,C018,1,520,8.0,478.4,350,350
T007055,2025-11-17,P016,C040,1,2100,8.0,1932.0,1400,1400
T007056,2025-11-18,P008,C013,5,6200,0.0,31000.0,4200,21000
T007057,2025-11-18,P004,C027,10,340,8.0,3128.0,220,2200
T007058,2025-11-18,P017,C032,5,420,0.0,2100.0,340,1700
T007059,2025-11-18,P007,C019,5,1850,8.0,8510.0,1200,6000
T007060,2025-11-18,P004,C024,3,340,10.0,918.0,220,660
T007061,2025-11-18,P020,C004,9,3100,10.0,25110.0,2200,19800
T007062,2025-11-18,P004,C026,2,340,8.0,625.6,220,440
T007063,2025-11-18,P016,C009,11,2100,12.0,20328.0,1400,15400
T007064,2025-11-18,P015,C025,1,520,10.0,468.0,350,350
T007065,2025-11-19,P015,C016,8,520,0.0,4160.0,350,2800
T007066,2025-11-19,P006,C003,1,82,0.0,82.0,55,55
T007067,2025-11-19,P010,C017,2,380,0.0,760.0,260,520
T007068,2025-11-19,P002,C036,1,900,5.0,855.0,650,650
T007069,2025-11-19,P007,C036,5,1850,8.0,8510.0,1200,6000
T007070,2025-11-19,P012,C021,5,5200,12.0,22880.0,3800,19000
T007071,2025-11-19,P004,C002,2,340,0.0,680.0,220,440
T007072,2025-11-19,P012,C024,18,5200,0.0,93600.0,3800,68400
T007073,2025-11-19,P004,C015,6,340,12.0,1795.2,220,1320
T007074,2025-11-19,P017,C031,4,420,0.0,1680.0,340,1360
T007075,2025-11-19,P008,C014,3,6200,5.0,17670.0,4200,12600
T007076,2025-11-19,P007,C029,9,1850,12.0,14652.0,1200,10800
T007077,2025-11-19,P010,C009,2,380,5.0,722.0,260,520
T007078,2025-11-20,P020,C025,5,3100,12.0,13640.0,2200,11000
T007079,2025-11-20,P019,C005,8,230,5.0,1748.0,150,1200
T007080,2025-11-20,P015,C040,7,520,0.0,3640.0,350,2450
T007081,2025-11-20,P016,C006,5,2100,12.0,9240.0,1400,7000
T007082,2025-11-20,P009,C021,1,600,0.0,600.0,420,420
T007083,2025-11-20,P020,C026,3,3100,5.0,8835.0,2200,6600
T007084,2025-11-20,P014,C026,1,260,0.0,260.0,180,180
T007085,2025-11-20,P004,C003,4,340,0.0,1360.0,220,880
T007086,2025-11-20,P015,C032,12,520,10.0,5616.0,350,4200
T007087,2025-11-21,P019,C021,9,230,0.0,2070.0,150,1350
T007088,2025-11-21,P015,C012,-1,520,12.0,457.6,350,350
T007089,2025-11-21,P013,C032,-1,2900,10.0,5220.0,2100,4200
T007090,2025-11-21,P015,C003,11,520,10.0,5148.0,350,3850
T007091,2025-11-21,P006,C002,5,82,0.0,410.0,55,275
T007092,2025-11-21,P003,C003,10,1250,8.0,11500.0,900,9000
T007093,2025-11-21,P019,C025,2,230,5.0,437.0,150,300
T007094,2025-11-21,P001,C010,1,3200,0.0,3200.0,2400,2400
T007095,2025-11-21,P012,C037,1,5200,8.0,4784.0,3800,3800
T007096,2025-11-21,P010,C014,13,380,0.0,4940.0,260,3380
T007097,2025-11-21,P012,C032,1,5200,12.0,4576.0,3800,3800
T007098,2025-11-21,P005,C013,4,48,8.0,176.64,32,128
T007099,2025-11-21,P009,C001,2,600,0.0,1200.0,420,840
T007100,2025-11-21,P009,C026,2,600,12.0,1056.0,420,840
T007101,2025-11-21,P019,C039,6,230,10.0,1242.0,150,900
T007102,2025-11-21,P020,C034,2,3100,8.0,5704.0,2200,4400
T007103,2025-11-22,P003,C032,6,1250,5.0,7125.0,900,5400
T007104,2025-11-22,P019,C031,7,230,0.0,1610.0,150,1050
T007105,2025-11-22,P006,C001,1,82,0.0,82.0,55,55
T007106,2025-11-22,P012,C017,8,5200,5.0,39520.0,3800,30400
T007107,2025-11-22,P003,C016,3,1250,0.0,3750.0,900,2700
T007108,2025-11-22,P002,C008,3,900,0.0,2700.0,650,1950
T007109,2025-11-22,P008,C001,6,6200,10.0,33480.0,4200,25200
T007110,2025-11-22,P013,C039,4,2900,12.0,10208.0,2100,8400
T007111,2025-11-22,P006,C002,2,82,8.0,150.88,55,110
T007112,2025-11-22,P006,C038,6,82,10.0,442.8,55,330
T007113,2025-11-22,P002,C023,2,900,12.0,1584.0,650,1300
T007114,2025-11-22,P003,C035,7,1250,0.0,8750.0,900,6300
T007115,2025-11-22,P006,C040,3,82,0.0,246.0,55,165
T007116,2025-11-22,P001,C023,10,3200,0.0,32000.0,2400,24000
T007117,2025-11-22,P009,C039,10,600,5.0,5700.0,420,4200
T007118,2025-11-23,P020,C029,4,3100,12.0,10912.0,2200,8800
T007119,2025-11-23,P016,C014,4,2100,0.0,8400.0,1400,5600
T007120,2025-11-23,P012,C011,5,5200,8.0,23920.0,3800,19000
T007121,2025-11-23,P010,C005,4,380,8.0,1398.4,260,1040
T007122,2025-11-23,P015,C012,2,520,5.0,988.0,350,700
T007123,2025-11-23,P017,C002,12,420,12.0,4435.2,340,4080
T007124,2025-11-23,P007,C021,7,1850,8.0,11914.0,1200,8400
T007125,2025-11-23,P017,C029,4,420,8.0,1545.6,340,1360
T007126,2025-11-23,P018,C005,14,78,0.0,1092.0,62,868
T007127,2025-11-23,P005,C022,1,48,8.0,44.16,32,32
T007128,2025-11-23,P012,C007,8,5200,8.0,38272.0,3800,30400
T007129,2025-11-23,P009,C009,8,600,0.0,4800.0,420,3360
T007130,2025-11-23,P015,C032,7,520,0.0,3640.0,350,2450
T007131,2025-11-23,P017,C017,6,420,10.0,2268.0,340,2040
T007132,2025-11-24,P014,C004,2,260,5.0,494.0,180,360
T007133,2025-11-24,P005,C040,1,48,10.0,43.2,32,32
T007134,2025-11-24,P019,C001,8,230,0.0,1840.0,150,1200
T007135,2025-11-24,P011,C011,1,2600,5.0,2470.0,1800,1800
T007136,2025-11-24,P018,C016,6,78,5.0,444.6,62,372
T007137,2025-11-24,P006,C021,3,82,0.0,246.0,55,165
T007138,2025-11-24,P012,C021,6,5200,5.0,29640.0,3800,22800
T007139,2025-11-24,P015,C018,5,520,0.0,2600.0,350,1750
T007140,2025-11-24,P014,C004,13,260,0.0,3380.0,180,2340
T007141,2025-11-24,P007,C012,4,1850,10.0,6660.0,1200,4800
T007142,2025-11-24,P014,C022,7,260,12.0,1601.6,180,1260
T007143,2025-11-25,P013,C006,9,2900,0.0,26100.0,2100,18900
T007144,2025-11-25,P016,C017,2,2100,8.0,3864.0,1400,2800
T007145,2025-11-25,P018,C023,7,78,0.0,546.0,62,434
T007146,2025-11-25,P015,C013,6,520,10.0,2808.0,350,2100
T007147,2025-11-25,P005,C006,5,48,0.0,240.0,32,160
T007148,2025-11-25,P014,C037,3,260,0.0,780.0,180,540
T007149,2025-11-25,P006,C036,4,82,0.0,328.0,55,220
T007150,2025-11-25,P017,C015,4,420,12.0,1478.4,340,1360
T007151,2025-11-25,P020,C021,8,3100,0.0,24800.0,2200,17600
T007152,2025-11-25,P005,C032,1,48,8.0,44.16,32,32
T007153,2025-11-25,P013,C001,3,2900,8.0,8004.0,2100,6300
T007154,2025-11-25,P016,C015,2,2100,5.0,3990.0,1400,2800
T007155,2025-11-25,P020,C035,4,3100,8.0,11408.0,2200,8800
T007156,2025-11-26,P016,C023,3,2100,5.0,5985.0,1400,4200
T007157,2025-11-26,P017,C029,11,420,0.0,4620.0,340,3740
T007158,2025-11-26,P014,C035,7,260,0.0,1820.0,180,1260
T007159,2025-11-26,P016,C004,1,2100,10.0,1890.0,1400,1400
T007160,2025-11-26,P019,C009,1,230,0.0,230.0,150,150
T007161,2025-11-26,P005,C016,8,48,0.0,384.0,32,256
T007162,2025-11-26,P014,C009,6,260,0.0,1560.0,180,1080
T007163,2025-11-26,P012,C009,1,5200,0.0,5200.0,3800,3800
T007164,2025-11-26,P019,C005,7,230,0.0,1610.0,150,1050
T007165,2025-11-26,P014,C036,8,260,8.0,1913.6,180,1440
T007166,2025-11-26,P019,C011,4,230,5.0,874.0,150,600
T007167,2025-11-26,P014,C033,1,260,8.0,239.2,180,180
T007168,2025-11-26,P011,C003,7,2600,0.0,18200.0,1800,12600
T007169,2025-11-26,P010,C039,8,380,12.0,2675.2,260,2080
T007170,2025-11-27,P005,C014,4,48,0.0,192.0,32,128
T007171,2025-11-27,P010,C021,1,380,0.0,380.0,260,260
T007172,2025-11-27,P008,C012,4,6200,0.0,24800.0,4200,16800
T007173,2025-11-27,P020,C031,4,3100,0.0,12400.0,2200,8800
T007174,2025-11-27,P002,C033,3,900,5.0,2565.0,650,1950
T007175,2025-11-27,P016,C005,1,2100,0.0,2100.0,1400,1400
T007176,2025-11-27,P009,C022,2,600,0.0,1200.0,420,840
T007177,2025-11-27,P007,C039,12,1850,5.0,21090.0,1200,14400
T007178,2025-11-27,P011,C022,4,2600,0.0,10400.0,1800,7200
T007179,2025-11-27,P014,C008,9,260,0.0,2340.0,180,1620
T007180,2025-11-27,P005,C019,21,48,8.0,927.36,32,672
T007181,2025-11-27,P007,C032,6,1850,0.0,11100.0,1200,7200
T007182,2025-11-27,P001,C016,2,3200,12.0,5632.0,2400,4800
T007183,2025-11-28,P018,C027,4,78,0.0,312.0,62,248
T007184,2025-11-28,P017,C016,6,420,5.0,2394.0,340,2040
T007185,2025-11-28,P019,C017,1,230,0.0,230.0,150,150
T007186,2025-11-28,P008,C012,4,6200,0.0,24800.0,4200,16800
T007187,2025-11-28,P010,C010,4,380,5.0,1444.0,260,1040
T007188,2025-11-28,P002,C010,2,900,0.0,1800.0,650,1300
T007189,2025-11-28,P010,C035,1,380,0.0,380.0,260,260
T007190,2025-11-28,P005,C031,2,48,8.0,88.32,32,64
T007191,2025-11-28,P009,C003,2,600,0.0,1200.0,420,840
T007192,2025-11-29,P003,C002,1,1250,5.0,1187.5,900,900
T007193,2025-11-29,P005,C029,10,48,8.0,441.6,32,320
T007194,2025-11-29,P018,C029,5,78,8.0,358.8,62,310
T007195,2025-11-29,P019,C008,1,230,0.0,230.0,150,150
T007196,2025-11-29,P015,C029,12,520,10.0,5616.0,350,4200
T007197,2025-11-29,P002,C037,2,900,12.0,1584.0,650,1300
T007198,2025-11-29,P011,C038,9,2600,12.0,20592.0,1800,16200
T007199,2025-11-29,P020,C019,17,3100,0.0,52700.0,2200,37400
T007200,2025-11-29,P001,C023,13,3200,0.0,41600.0,2400,31200
T007201,2025-11-29,P008,C017,12,6200,0.0,74400.0,4200,50400
T007202,2025-11-29,P018,C001,1,78,,71.76,62,62
T007203,2025-11-29,P014,C004,7,260,8.0,1674.4,180,1260
T007204,2025-11-29,P003,C029,12,1250,5.0,14250.0,900,10800
T007205,2025-11-29,P006,C004,17,82,8.0,1282.48,55,935
T007206,2025-11-29,P017,C023,4,420,8.0,1545.6,340,1360
T007207,2025-11-29,P019,C030,4,230,8.0,846.4,150,600
T007208,2025-11-30,P016,C036,5,2100,12.0,9240.0,1400,7000
T007209,2025-11-30,P020,C022,2,3100,0.0,6200.0,2200,4400
T007210,2025-11-30,P006,C003,9,82,0.0,738.0,55,495
T007211,2025-11-30,P011,C021,2,2600,10.0,4680.0,1800,3600
T007212,2025-11-30,P014,C020,4,260,12.0,915.2,180,720
T007213,2025-11-30,P003,C040,10,1250,5.0,11875.0,900,9000
T007214,2025-11-30,P014,C019,13,260,12.0,2974.4,180,2340
T007215,2025-11-30,P010,C014,6,380,5.0,2166.0,260,1560
T007216,2025-11-30,P004,C040,6,340,10.0,1836.0,220,1320
T007217,2025-11-30,P009,C013,10,600,0.0,6000.0,420,4200
T007218,2025-11-30,P019,C010,1,230,0.0,230.0,150,150
T007219,2025-11-30,P005,C022,8,48,0.0,384.0,32,256
T007220,2025-11-30,P016,C006,1,2100,0.0,2100.0,1400,1400
T007221,2025-11-30,P020,C003,3,3100,12.0,8184.0,2200,6600
T007222,2025-11-30,P009,C010,1,600,0.0,600.0,420,420
T007223,2025-11-30,P020,C008,11,3100,0.0,34100.0,2200,24200
T007224,2025-12-01,P010,C007,10,380,0.0,3800.0,260,2600
T007225,2025-12-01,P007,C006,6,1850,8.0,10212.0,1200,7200
T007226,2025-12-01,P018,C028,9,78,0.0,702.0,62,558
T007227,2025-12-01,P001,C011,3,3200,0.0,9600.0,2400,7200
T007228,2025-12-01,P017,C010,6,420,8.0,2318.4,340,2040
T007229,2025-12-01,P005,C021,4,48,12.0,168.96,32,128
T007230,2025-12-01,P006,C040,8,82,5.0,623.2,55,440
T007231,2025-12-01,P012,C035,4,5200,8.0,19136.0,3800,15200
T007232,2025-12-01,P007,C014,2,1850,8.0,3404.0,1200,2400
T007233,2025-12-01,P006,C017,10,82,0.0,820.0,55,550
T007234,2025-12-01,P004,C033,10,340,0.0,3400.0,220,2200
T007235,2025-12-01,P006,C032,1,82,8.0,75.44,55,55
T007236,2025-12-01,P018,C008,3,78,10.0,210.6,62,186
T007237,2025-12-02,P014,C017,2,260,0.0,520.0,180,360
T007238,2025-12-02,P011,C039,2,2600,5.0,4940.0,1800,3600
T007239,2025-12-02,P010,C005,11,380,0.0,4180.0,260,2860
T007240,2025-12-02,P011,C040,6,2600,0.0,15600.0,1800,10800
T007241,2025-12-02,P015,C003,10,520,0.0,5200.0,350,3500
T007242,2025-12-02,P003,C030,8,1250,0.0,10000.0,900,7200
T007243,2025-12-02,P002,C028,7,900,8.0,5796.0,650,4550
T007244,2025-12-02,P020,C037,2,3100,12.0,5456.0,2200,4400
T007245,2025-12-02,P013,C012,5,2900,0.0,14500.0,2100,10500
T007246,2025-12-02,P013,C010,2,2900,10.0,5220.0,2100,4200
T007247,2025-12-02,P010,C036,4,380,0.0,1520.0,260,1040
T007248,2025-12-02,P013,C022,6,2900,5.0,16530.0,2100,12600
T007249,2025-12-02,P015,C015,8,520,0.0,4160.0,350,2800
T007250,2025-12-02,P009,C019,4,600,10.0,2160.0,420,1680
T007251,2025-12-03,P003,C005,1,1250,0.0,1250.0,900,900
T007252,2025-12-03,P018,C027,1,78,0.0,78.0,62,62
T007253,2025-12-03,P002,C037,1,900,5.0,855.0,650,650
T007254,2025-12-03,P011,C033,13,2600,10.0,30420.0,1800,23400
T007255,2025-12-03,P018,C016,6,78,8.0,430.56,62,372
T007256,2025-12-03,P019,C011,6,230,8.0,1269.6,150,900
T007257,2025-12-03,P020,C003,7,3100,5.0,20615.0,2200,15400
T007258,2025-12-03,P002,C027,4,900,0.0,3600.0,650,2600
T007259,2025-12-03,P020,C028,1,3100,12.0,2728.0,2200,2200
T007260,2025-12-03,P006,C008,9,82,10.0,664.2,55,495
T007261,2025-12-04,P013,C002,4,2900,0.0,11600.0,2100,8400
T007262,2025-12-04,P015,C016,5,520,0.0,2600.0,350,1750
T007263,2025-12-04,P019,C018,9,230,0.0,2070.0,150,1350
T007264,2025-12-04,P007,C009,15,1850,0.0,27750.0,1200,18000
T007265,2025-12-04,P020,C039,4,3100,0.0,12400.0,2200,8800
T007266,2025-12-04,P014,C006,7,260,5.0,1729.0,180,1260
T007267,2025-12-04,P002,C008,4,900,0.0,3600.0,650,2600
T007268,2025-12-04,P007,C021,19,1850,8.0,32338.0,1200,22800
T007269,2025-12-05,P016,C023,7,2100,5.0,13965.0,1400,9800
T007270,2025-12-05,P002,C016,7,900,,5796.0,650,4550
T007271,2025-12-05,P009,C002,3,600,0.0,1800.0,420,1260
T007272,2025-12-05,P003,C040,10,1250,5.0,11875.0,900,9000
T007273,2025-12-05,P004,C029,3,340,0.0,1020.0,220,660
T007274,2025-12-05,P013,C013,5,2900,12.0,12760.0,2100,10500
T007275,2025-12-05,P012,C037,6,5200,0.0,31200.0,3800,22800
T007276,2025-12-05,P013,C037,6,2900,10.0,15660.0,2100,12600
T007277,2025-12-05,P011,C036,10,2600,12.0,22880.0,1800,18000
T007278,2025-12-05,P005,C002,6,48,0.0,288.0,32,192
T007279,2025-12-05,P013,C003,5,2900,12.0,12760.0,2100,10500
T007280,2025-12-05,P014,C027,14,260,8.0,3348.8,180,2520
T007281,2025-12-06,P002,C022,3,900,8.0,2484.0,650,1950
T007282,2025-12-06,P018,C040,15,78,8.0,1076.4,62,930
T007283,2025-12-06,P015,C033,10,520,0.0,5200.0,350,3500
T007284,2025-12-06,P019,C009,8,230,12.0,1619.2,150,1200
T007285,2025-12-06,P020,C004,4,3100,0.0,12400.0,2200,8800
T007286,2025-12-07,P016,C007,2,2100,0.0,4200.0,1400,2800
T007287,2025-12-07,P007,C018,8,1850,10.0,13320.0,1200,9600
T007288,2025-12-07,P013,C021,5,2900,0.0,14500.0,2100,10500
T007289,2025-12-07,P017,C033,2,420,0.0,840.0,340,680
T007290,2025-12-07,P008,C006,12,6200,0.0,74400.0,4200,50400
T007291,2025-12-07,P017,C012,4,420,0.0,1680.0,340,1360
T007292,2025-12-07,P005,C023,9,48,10.0,388.8,32,288
T007293,2025-12-08,P004,C019,8,340,10.0,2448.0,220,1760
T007294,2025-12-08,P012,C023,1,5200,12.0,4576.0,3800,3800
T007295,2025-12-08,P002,C005,4,900,10.0,3240.0,650,2600
T007296,2025-12-08,P019,C032,2,230,8.0,423.2,150,300
T007297,2025-12-08,P002,C005,1,900,10.0,810.0,650,650
T007298,2025-12-08,P010,C007,3,380,0.0,1140.0,260,780
T007299,2025-12-08,P004,C004,4,340,0.0,1360.0,220,880
T007300,2025-12-08,P018,C027,3,78,10.0,210.6,62,186
T007301,2025-12-08,P020,C029,5,3100,5.0,14725.0,2200,11000
T007302,2025-12-08,P010,C015,5,380,12.0,1672.0,260,1300
T007303,2025-12-09,P018,C028,2,78,0.0,156.0,62,124
T007304,2025-12-09,P009,C028,2,600,0.0,1200.0,420,840
T007305,2025-12-09,P008,C002,2,6200,12.0,10912.0,4200,8400
T007306,2025-12-09,P009,C030,8,600,12.0,4224.0,420,3360
T007307,2025-12-09,P003,C027,2,1250,0.0,2500.0,900,1800
T007308,2025-12-09,P001,C016,5,3200,10.0,14400.0,2400,12000
T007309,2025-12-09,P014,C007,1,260,12.0,228.8,180,180
T007310,2025-12-09,P015,C023,2,520,0.0,1040.0,350,700
T007311,2025-12-09,P013,C032,9,2900,10.0,23490.0,2100,18900
T007312,2025-12-09,P007,C013,5,1850,10.0,8325.0,1200,6000
T007313,2025-12-10,P004,C005,8,340,5.0,2584.0,220,1760
T007314,2025-12-10,P008,C035,3,6200,12.0,16368.0,4200,12600
T007315,2025-12-10,P020,C011,5,3100,5.0,14725.0,2200,11000
T007316,2025-12-10,P002,C006,3,900,0.0,2700.0,650,1950
T007317,2025-12-10,P001,C012,2,3200,10.0,5760.0,2400,4800
T007318,2025-12-10,P008,C008,4,6200,12.0,21824.0,4200,16800
T007319,2025-12-10,P012,C021,4,5200,8.0,19136.0,3800,15200
T007320,2025-12-10,P003,C003,1,1250,10.0,1125.0,900,900
T007321,2025-12-10,P018,C038,1,78,0.0,78.0,62,62
T007322,2025-12-10,P016,C033,2,2100,10.0,3780.0,1400,2800
T007323,2025-12-10,P012,C005,3,5200,8.0,14352.0,3800,11400
T007324,2025-12-10,P017,C006,3,420,0.0,1260.0,340,1020
T007325,2025-12-10,P006,C027,2,82,10.0,147.6,55,110
T007326,2025-12-10,P008,C036,7,6200,8.0,39928.0,4200,29400
T007327,2025-12-10,P013,C014,1,2900,5.0,2755.0,2100,2100
T007328,2025-12-11,P011,C006,1,2600,5.0,2470.0,1800,1800
T007329,2025-12-11,P010,C002,4,380,5.0,1444.0,260,1040
T007330,2025-12-11,P007,C001,1,1850,0.0,1850.0,1200,1200
T007331,2025-12-11,P010,C010,6,380,5.0,2166.0,260,1560
T007332,2025-12-11,P008,C019,1,6200,0.0,6200.0,4200,4200
T007333,2025-12-11,P003,C016,12,1250,0.0,15000.0,900,10800
T007334,2025-12-11,P004,C003,4,340,8.0,1251.2,220,880
T007335,2025-12-12,P010,C019,1,380,8.0,349.6,260,260
T007336,2025-12-12,P015,C026,9,520,12.0,4118.4,350,3150
T007337,2025-12-12,P014,C015,5,260,8.0,1196.0,180,900
T007338,2025-12-12,P017,C001,5,420,0.0,2100.0,340,1700
T007339,2025-12-12,P014,C022,2,260,10.0,468.0,180,360
T007340,2025-12-12,P019,C029,2,230,5.0,437.0,150,300
T007341,2025-12-12,P002,C010,2,900,8.0,1656.0,650,1300
T007342,2025-12-12,P016,C018,4,2100,0.0,8400.0,1400,5600
T007343,2025-12-12,P011,C014,8,2600,5.0,19760.0,1800,14400
T007344,2025-12-12,P013,C017,4,2900,12.0,10208.0,2100,8400
T007345,2025-12-12,P005,C025,1,48,10.0,43.2,32,32
T007346,2025-12-13,P010,C029,13,380,0.0,4940.0,260,3380
T007347,2025-12-13,P001,C017,1,3200,0.0,3200.0,2400,2400
T007348,2025-12-13,P004,C032,7,340,0.0,2380.0,220,1540
T007349,2025-12-13,P012,C025,10,5200,0.0,52000.0,3800,38000
T007350,2025-12-13,P018,C026,15,78,8.0,1076.4,62,930
T007351,2025-12-13,P006,C028,5,82,0.0,410.0,55,275
T007352,2025-12-13,P020,C011,2,3100,5.0,5890.0,2200,4400
T007353,2025-12-13,P015,C038,8,520,8.0,3827.2,350,2800
T007354,2025-12-13,P009,C028,1,600,0.0,600.0,420,420
T007355,2025-12-14,P012,C032,11,5200,5.0,54340.0,3800,41800
T007356,2025-12-14,P015,C010,5,520,10.0,2340.0,350,1750
T007357,2025-12-14,P014,C001,15,260,12.0,3432.0,180,2700
T007358,2025-12-14,P016,C004,5,2100,0.0,10500.0,1400,7000
T007359,2025-12-14,P008,C022,2,6200,12.0,10912.0,4200,8400
T007360,2025-12-14,P012,C016,13,5200,0.0,67600.0,3800,49400
T007361,2025-12-14,P009,C012,3,600,10.0,1620.0,420,1260
T007362,2025-12-14,P006,C021,7,82,8.0,528.08,55,385
T007363,2025-12-14,P009,C035,14,600,0.0,8400.0,420,5880
T007364,2025-12-15,P011,C010,3,2600,0.0,7800.0,1800,5400
T007365,2025-12-15,P008,C007,3,6200,,17112.0,4200,12600
T007366,2025-12-15,P015,C010,11,520,12.0,5033.6,350,3850
T007367,2025-12-15,P019,C005,3,230,10.0,621.0,150,450
T007368,2025-12-15,P019,C007,3,230,0.0,690.0,150,450
T007369,2025-12-15,P002,C024,10,900,8.0,8280.0,650,6500
T007370,2025-12-15,P005,C007,15,48,8.0,662.4,32,480
T007371,2025-12-15,P002,C018,5,900,10.0,4050.0,650,3250
T007372,2025-12-15,P007,C009,5,1850,8.0,8510.0,1200,6000
T007373,2025-12-15,P014,C022,6,260,10.0,1404.0,180,1080
T007374,2025-12-16,P016,C037,3,2100,0.0,6300.0,1400,4200
T007375,2025-12-16,P005,C029,13,48,10.0,561.6,32,416
T007376,2025-12-16,P015,C025,4,520,0.0,2080.0,350,1400
T007377,2025-12-16,P007,C037,4,1850,8.0,6808.0,1200,4800
T007378,2025-12-16,P004,C033,1,340,0.0,340.0,220,220
T007379,2025-12-16,P006,C034,14,82,0.0,1148.0,55,770
T007380,2025-12-16,P019,C019,2,230,0.0,460.0,150,300
T007381,2025-12-16,P005,C033,1,48,0.0,48.0,32,32
T007382,2025-12-17,P015,C030,6,520,0.0,3120.0,350,2100
T007383,2025-12-17,P018,C001,6,78,10.0,421.2,62,372
T007384,2025-12-17,P019,C022,5,230,8.0,1058.0,150,750
T007385,2025-12-17,P002,C015,3,900,0.0,2700.0,650,1950
T007386,2025-12-17,P003,C015,8,1250,5.0,9500.0,900,7200
T007387,2025-12-17,P013,C023,3,2900,10.0,7830.0,2100,6300
T007388,2025-12-17,P008,C011,4,6200,10.0,22320.0,4200,16800
T007389,2025-12-17,P011,C011,2,2600,5.0,4940.0,1800,3600
T007390,2025-12-17,P011,C036,12,2600,0.0,31200.0,1800,21600
T007391,2025-12-17,P007,C003,5,1850,0.0,9250.0,1200,6000
T007392,2025-12-18,P015,C012,2,520,10.0,936.0,350,700
T007393,2025-12-18,P003,C022,2,1250,0.0,2500.0,900,1800
T007394,2025-12-18,P003,C020,1,1250,,1100.0,900,900
T007395,2025-12-18,P017,C027,5,420,5.0,1995.0,340,1700
T007396,2025-12-18,P007,C002,3,1850,0.0,5550.0,1200,3600
T007397,2025-12-18,P014,C021,3,260,5.0,741.0,180,540
T007398,2025-12-18,P004,C038,6,340,8.0,1876.8,220,1320
T007399,2025-12-18,P014,C007,3,260,10.0,702.0,180,540
T007400,2025-12-18,P010,C011,4,380,5.0,1444.0,260,1040
T007401,2025-12-18,P007,C030,11,1850,8.0,18722.0,1200,13200
T007402,2025-12-18,P015,C022,5,520,10.0,2340.0,350,1750
T007403,2025-12-18,P018,C012,3,78,5.0,222.3,62,186
T007404,2025-12-18,P001,C033,5,3200,10.0,14400.0,2400,12000
T007405,2025-12-18,P013,C036,5,2900,0.0,14500.0,2100,10500
T007406,2025-12-18,P008,C003,11,6200,12.0,60016.0,4200,46200
T007407,2025-12-19,P015,C020,2,520,10.0,936.0,350,700
T007408,2025-12-19,P010,C030,7,380,5.0,2527.0,260,1820
T007409,2025-12-19,P008,C034,7,6200,0.0,43400.0,4200,29400
T007410,2025-12-19,P017,C001,3,420,5.0,1197.0,340,1020
T007411,2025-12-19,P016,C006,-1,2100,0.0,21000.0,1400,14000
T007412,2025-12-19,P020,C031,3,3100,10.0,8370.0,2200,6600
T007413,2025-12-19,P016,C032,29,2100,12.0,53592.0,1400,40600
T007414,2025-12-19,P017,C015,7,420,0.0,2940.0,340,2380
T007415,2025-12-19,P005,C001,6,48,8.0,264.96,32,192
T007416,2025-12-19,P015,C004,3,520,8.0,1435.2,350,1050
T007417,2025-12-19,P004,C032,4,340,10.0,1224.0,220,880
T007418,2025-12-19,P006,C024,6,82,0.0,492.0,55,330
T007419,2025-12-20,P010,C040,2,380,10.0,684.0,260,520
T007420,2025-12-20,P007,C003,4,1850,8.0,6808.0,1200,4800
T007421,2025-12-20,P013,C006,3,2900,12.0,7656.0,2100,6300
T007422,2025-12-20,P011,C039,19,2600,12.0,43472.0,1800,34200
T007423,2025-12-20,P001,C014,3,3200,0.0,9600.0,2400,7200
T007424,2025-12-20,P010,C031,1,380,5.0,361.0,260,260
T007425,2025-12-20,P015,C036,3,520,10.0,1404.0,350,1050
T007426,2025-12-20,P007,C033,4,1850,5.0,7030.0,1200,4800
T007427,2025-12-20,P006,C037,5,82,5.0,389.5,55,275
T007428,2025-12-20,P005,C005,4,48,5.0,182.4,32,128
T007429,2025-12-21,P007,C031,7,1850,0.0,12950.0,1200,8400
T007430,2025-12-21,P016,C036,16,2100,12.0,29568.0,1400,22400
T007431,2025-12-21,P011,C012,6,2600,12.0,13728.0,1800,10800
T007432,2025-12-21,P019,C017,9,230,0.0,2070.0,150,1350
T007433,2025-12-21,P005,C018,5,48,12.0,211.2,32,160
T007434,2025-12-21,P018,C017,1,78,0.0,78.0,62,62
T007435,2025-12-21,P004,C035,1,340,0.0,340.0,220,220
T007436,2025-12-21,P015,C028,6,520,5.0,2964.0,350,2100
T007437,2025-12-21,P001,C030,4,3200,0.0,12800.0,2400,9600
T007438,2025-12-21,P013,C014,3,2900,0.0,8700.0,2100,6300
T007439,2025-12-21,P007,C003,1,1850,0.0,1850.0,1200,1200
T007440,2025-12-22,P016,C036,5,2100,0.0,10500.0,1400,7000
T007441,2025-12-22,P011,C035,7,2600,5.0,17290.0,1800,12600
T007442,2025-12-22,P017,C034,5,420,8.0,1932.0,340,1700
T007443,2025-12-22,P014,C019,1,260,0.0,260.0,180,180
T007444,2025-12-22,P001,C024,11,3200,8.0,32384.0,2400,26400
T007445,2025-12-22,P015,C035,5,520,0.0,2600.0,350,1750
T007446,2025-12-22,P016,C026,12,2100,12.0,22176.0,1400,16800
T007447,2025-12-23,P005,C030,1,48,5.0,45.6,32,32
T007448,2025-12-23,P020,C026,2,3100,10.0,5580.0,2200,4400
T007449,2025-12-23,P020,C012,7,3100,5.0,20615.0,2200,15400
T007450,2025-12-23,P014,C007,5,260,0.0,1300.0,180,900
T007451,2025-12-23,P009,C026,5,600,0.0,3000.0,420,2100
T007452,2025-12-23,P009,C032,3,600,12.0,1584.0,420,1260
T007453,2025-12-23,P015,C027,1,520,5.0,494.0,350,350
T007454,2025-12-23,P015,C007,11,520,10.0,5148.0,350,3850
T007455,2025-12-23,P011,C033,5,2600,5.0,12350.0,1800,9000
T007456,2025-12-23,P017,C015,5,420,5.0,1995.0,340,1700
T007457,2025-12-23,P019,C006,4,230,10.0,828.0,150,600
T007458,2025-12-23,P007,C006,10,1850,10.0,16650.0,1200,12000
T007459,2025-12-24,P004,C011,1,340,12.0,299.2,220,220
T007460,2025-12-24,P002,C009,6,900,5.0,5130.0,650,3900
T007461,2025-12-24,P017,C015,5,420,0.0,2100.0,340,1700
T007462,2025-12-24,P007,C023,10,1850,12.0,16280.0,1200,12000
T007463,2025-12-24,P016,C027,1,2100,5.0,1995.0,1400,1400
T007464,2025-12-24,P011,C008,1,2600,0.0,2600.0,1800,1800
T007465,2025-12-24,P016,C003,8,2100,0.0,16800.0,1400,11200
T007466,2025-12-24,P015,C007,1,520,0.0,520.0,350,350
T007467,2025-12-25,P002,C001,4,900,0.0,3600.0,650,2600
T007468,2025-12-25,P007,C037,2,1850,0.0,3700.0,1200,2400
T007469,2025-12-25,P017,C022,5,420,5.0,1995.0,340,1700
T007470,2025-12-25,P007,C003,3,1850,0.0,5550.0,1200,3600
T007471,2025-12-25,P019,C020,11,230,10.0,2277.0,150,1650
T007472,2025-12-25,P009,C008,1,600,0.0,600.0,420,420
T007473,2025-12-25,P013,C017,5,2900,12.0,12760.0,2100,10500
T007474,2025-12-25,P010,C037,11,380,8.0,3845.6,260,2860
T007475,2025-12-25,P001,C008,3,3200,10.0,8640.0,2400,7200
T007476,2025-12-26,P007,C030,1,1850,8.0,1702.0,1200,1200
T007477,2025-12-26,P003,C027,7,1250,5.0,8312.5,900,6300
T007478,2025-12-26,P013,C035,3,2900,0.0,8700.0,2100,6300
T007479,2025-12-26,P011,C014,2,2600,8.0,4784.0,1800,3600
T007480,2025-12-26,P008,C033,1,6200,0.0,6200.0,4200,4200
T007481,2025-12-26,P017,C036,4,420,0.0,1680.0,340,1360
T007482,2025-12-26,P008,C011,1,6200,0.0,6200.0,4200,4200
T007483,2025-12-26,P008,C015,1,6200,0.0,6200.0,4200,4200
T007484,2025-12-26,P010,C037,4,380,8.0,1398.4,260,1040
T007485,2025-12-26,P005,C036,6,48,0.0,288.0,32,192
T007486,2025-12-27,P013,C033,4,2900,12.0,10208.0,2100,8400
T007487,2025-12-27,P001,C017,10,3200,12.0,28160.0,2400,24000
T007488,2025-12-27,P010,C014,3,380,12.0,1003.2,260,780
T007489,2025-12-27,P004,C007,2,340,0.0,680.0,220,440
T007490,2025-12-27,P007,C005,5,1850,10.0,8325.0,1200,6000
T007491,2025-12-27,P012,C032,1,5200,8.0,4784.0,3800,3800
T007492,2025-12-27,P004,C025,5,340,12.0,1496.0,220,1100
T007493,2025-12-27,P007,C020,6,1850,8.0,10212.0,1200,7200
T007494,2025-12-28,P015,C025,8,520,10.0,3744.0,350,2800
T007495,2025-12-28,P002,C014,9,900,0.0,8100.0,650,5850
T007496,2025-12-28,P014,C025,5,260,0.0,1300.0,180,900
T007497,2025-12-28,P002,C036,2,900,8.0,1656.0,650,1300
T007498,2025-12-28,P017,C008,5,420,0.0,2100.0,340,1700
T007499,2025-12-28,P003,C013,2,1250,0.0,2500.0,900,1800
T007500,2025-12-28,P013,C010,1,2900,12.0,2552.0,2100,2100
T007501,2025-12-29,P015,C017,2,520,0.0,1040.0,350,700
T007502,2025-12-29,P001,C004,16,3200,0.0,51200.0,2400,38400
T007503,2025-12-29,P014,C008,4,260,8.0,956.8,180,720
T007504,2025-12-29,P009,C030,14,600,12.0,7392.0,420,5880
T007505,2025-12-29,P013,C001,11,2900,12.0,28072.0,2100,23100
T007506,2025-12-29,P013,C013,1,2900,0.0,2900.0,2100,2100
T007507,2025-12-29,P005,C020,8,48,8.0,353.28,32,256
T007508,2025-12-29,P006,C012,6,82,5.0,467.4,55,330
T007509,2025-12-29,P020,C028,7,3100,12.0,19096.0,2200,15400
T007510,2025-12-29,P003,C003,6,1250,8.0,6900.0,900,5400
T007511,2025-12-30,P013,C011,4,2900,10.0,10440.0,2100,8400
T007512,2025-12-30,P001,C013,9,3200,8.0,26496.0,2400,21600
T007513,2025-12-30,P014,C008,4,260,0.0,1040.0,180,720
T007514,2025-12-30,P017,C012,7,420,0.0,2940.0,340,2380
T007515,2025-12-30,P012,C007,1,5200,0.0,5200.0,3800,3800
T007516,2025-12-30,P002,C028,12,900,0.0,10800.0,650,7800
T007517,2025-12-30,P011,C008,2,2600,5.0,4940.0,1800,3600
T007518,2025-12-30,P018,C008,6,78,0.0,468.0,62,372
T007519,2025-12-30,P018,C002,1,78,5.0,74.1,62,62
T007520,2025-12-30,P012,C017,15,5200,10.0,70200.0,3800,57000
T007521,2025-12-30,P011,C039,2,2600,0.0,5200.0,1800,3600
T007522,2025-12-30,P017,C013,6,420,8.0,2318.4,340,2040
T007523,2025-12-30,P013,C037,1,2900,0.0,2900.0,2100,2100
T007524,2025-12-30,P007,C005,2,1850,5.0,3515.0,1200,2400
T007525,2025-12-30,P014,C033,6,260,0.0,1560.0,180,1080
T007526,2025-12-30,P019,C020,8,230,0.0,1840.0,150,1200
T007527,2025-12-30,P012,C005,4,5200,12.0,18304.0,3800,15200
T007528,2025-12-30,P020,C017,1,3100,0.0,3100.0,2200,2200
T007529,2025-12-31,P020,C032,3,3100,0.0,9300.0,2200,6600
T007530,2025-12-31,P012,C030,1,5200,8.0,4784.0,3800,3800
T007531,2025-12-31,P002,C029,9,900,12.0,7128.0,650,5850
T007532,2025-12-31,P007,C033,4,1850,0.0,7400.0,1200,4800
T007533,2025-12-31,P015,C020,1,520,0.0,520.0,350,350
T007534,2025-12-31,P003,C038,7,1250,0.0,8750.0,900,6300
T007535,2025-12-31,P019,C018,4,230,0.0,920.0,150,600
T007536,2025-12-31,P004,C037,9,340,5.0,2907.0,220,1980
T007537,2025-12-31,P013,C038,6,2900,12.0,15312.0,2100,12600
T007538,2025-12-31,P002,C009,7,900,10.0,5670.0,650,4550
T007539,2026-01-01,P010,C038,8,380,0.0,3040.0,260,2080
T007540,2026-01-01,P007,C027,3,1850,0.0,5550.0,1200,3600
T007541,2026-01-01,P003,C032,6,1250,0.0,7500.0,900,5400
T007542,2026-01-01,P007,C035,1,1850,0.0,1850.0,1200,1200
T007543,2026-01-01,P009,C012,13,600,12.0,6864.0,420,5460
T007544,2026-01-01,P012,C011,14,5200,10.0,65520.0,3800,53200
T007545,2026-01-01,P007,C035,1,1850,0.0,1850.0,1200,1200
T007546,2026-01-01,P003,C012,5,1250,0.0,6250.0,900,4500
T007547,2026-01-02,P014,C024,3,260,8.0,717.6,180,540
T007548,2026-01-02,P020,C027,3,3100,10.0,8370.0,2200,6600
T007549,2026-01-02,P005,C003,4,48,0.0,192.0,32,128
T007550,2026-01-02,P014,C002,9,260,5.0,2223.0,180,1620
T007551,2026-01-02,P013,C020,5,2900,0.0,14500.0,2100,10500
T007552,2026-01-02,P007,C001,1,1850,8.0,1702.0,1200,1200
T007553,2026-01-02,P014,C001,10,260,5.0,2470.0,180,1800
T007554,2026-01-02,P014,C008,10,260,8.0,2392.0,180,1800
T007555,2026-01-03,P014,C032,3,260,12.0,686.4,180,540
T007556,2026-01-03,P018,C001,4,78,0.0,312.0,62,248
T007557,2026-01-03,P019,C013,9,230,0.0,2070.0,150,1350
T007558,2026-01-03,P006,C027,2,82,10.0,147.6,55,110
T007559,2026-01-03,P012,C027,4,5200,0.0,20800.0,3800,15200
T007560,2026-01-03,P016,C012,1,2100,0.0,2100.0,1400,1400
T007561,2026-01-03,P004,C012,13,340,10.0,3978.0,220,2860
T007562,2026-01-03,P020,C035,14,3100,0.0,43400.0,2200,30800
T007563,2026-01-03,P008,C015,2,6200,8.0,11408.0,4200,8400
T007564,2026-01-03,P009,C020,5,600,0.0,3000.0,420,2100
T007565,2026-01-04,P015,C020,-1,520,12.0,2288.0,350,1750
T007566,2026-01-04,P015,C023,2,520,10.0,936.0,350,700
T007567,2026-01-04,P019,C033,1,230,0.0,230.0,150,150
T007568,2026-01-04,P016,C023,9,2100,8.0,17388.0,1400,12600
T007569,2026-01-05,P011,C012,2,2600,12.0,4576.0,1800,3600
T007570,2026-01-05,P002,C020,5,900,0.0,4500.0,650,3250
T007571,2026-01-05,P009,C005,4,600,8.0,2208.0,420,1680
T007572,2026-01-05,P015,C023,2,520,5.0,988.0,350,700
T007573,2026-01-05,P019,C005,11,230,5.0,2403.5,150,1650
T007574,2026-01-05,P006,C017,6,82,0.0,492.0,55,330
T007575,2026-01-05,P013,C005,10,2900,10.0,26100.0,2100,21000
T007576,2026-01-05,P019,C022,1,230,0.0,230.0,150,150
T007577,2026-01-05,P006,C039,3,82,0.0,246.0,55,165
T007578,2026-01-05,P010,C024,5,380,0.0,1900.0,260,1300
T007579,2026-01-05,P011,C007,6,2600,8.0,14352.0,1800,10800
T007580,2026-01-06,P012,C025,2,5200,10.0,9360.0,3800,7600
T007581,2026-01-06,P015,C031,8,520,0.0,4160.0,350,2800
T007582,2026-01-06,P007,C013,9,1850,0.0,16650.0,1200,10800
T007583,2026-01-06,P020,C018,16,3100,0.0,49600.0,2200,35200
T007584,2026-01-06,P013,C005,7,2900,10.0,18270.0,2100,14700
T007585,2026-01-06,P018,C033,4,78,5.0,296.4,62,248
T007586,2026-01-06,P003,C023,9,1250,0.0,11250.0,900,8100
T007587,2026-01-06,P002,C034,3,900,12.0,2376.0,650,1950
T007588,2026-01-07,P011,C019,3,2600,10.0,7020.0,1800,5400
T007589,2026-01-07,P006,C028,4,82,10.0,295.2,55,220
T007590,2026-01-07,P003,C004,2,1250,0.0,2500.0,900,1800
T007591,2026-01-07,P006,C017,3,82,0.0,246.0,55,165
T007592,2026-01-07,P001,C027,3,3200,5.0,9120.0,2400,7200
T007593,2026-01-07,P008,C031,1,6200,5.0,5890.0,4200,4200
T007594,2026-01-07,P020,C039,6,3100,0.0,18600.0,2200,13200
T007595,2026-01-07,P006,C023,4,82,8.0,301.76,55,220
T007596,2026-01-08,P007,C017,2,1850,0.0,3700.0,1200,2400
T007597,2026-01-08,P011,C008,1,2600,8.0,2392.0,1800,1800
T007598,2026-01-08,P006,C038,2,82,0.0,164.0,55,110
T007599,2026-01-08,P009,C035,5,600,12.0,2640.0,420,2100
T007600,2026-01-09,P004,C025,3,340,12.0,897.6,220,660
T007601,2026-01-09,P008,C010,3,6200,5.0,17670.0,4200,12600
T007602,2026-01-09,P004,C037,1,340,10.0,306.0,220,220
T007603,2026-01-09,P002,C030,4,900,0.0,3600.0,650,2600
T007604,2026-01-09,P013,C035,1,2900,12.0,2552.0,2100,2100
T007605,2026-01-09,P001,C003,3,3200,12.0,8448.0,2400,7200
T007606,2026-01-10,P005,C032,4,48,0.0,192.0,32,128
T007607,2026-01-10,P018,C012,10,78,5.0,741.0,62,620
T007608,2026-01-10,P012,C021,1,5200,10.0,4680.0,3800,3800
T007609,2026-01-10,P018,C034,4,78,0.0,312.0,62,248
T007610,2026-01-10,P011,C004,4,2600,5.0,9880.0,1800,7200
T007611,2026-01-10,P006,C011,7,82,12.0,505.12,55,385
T007612,2026-01-10,P009,C023,2,600,0.0,1200.0,420,840
T007613,2026-01-10,P013,C013,3,2900,0.0,8700.0,2100,6300
T007614,2026-01-10,P015,C013,7,520,8.0,3348.8,350,2450
T007615,2026-01-10,P020,C040,6,3100,8.0,17112.0,2200,13200
T007616,2026-01-11,P014,C034,6,260,8.0,1435.2,180,1080
T007617,2026-01-11,P019,C016,2,230,10.0,414.0,150,300
T007618,2026-01-11,P004,C002,3,340,0.0,1020.0,220,660
T007619,2026-01-11,P019,C038,7,230,12.0,1416.8,150,1050
T007620,2026-01-11,P011,C027,8,2600,8.0,19136.0,1800,14400
T007621,2026-01-11,P008,C036,6,6200,5.0,35340.0,4200,25200
T007622,2026-01-11,P014,C028,3,260,0.0,780.0,180,540
T007623,2026-01-11,P019,C027,1,230,12.0,202.4,150,150
T007624,2026-01-11,P016,C038,10,2100,10.0,18900.0,1400,14000
T007625,2026-01-11,P017,C010,3,420,0.0,1260.0,340,1020
T007626,2026-01-11,P015,C007,1,520,12.0,457.6,350,350
T007627,2026-01-12,P007,C026,2,1850,0.0,3700.0,1200,2400
T007628,2026-01-12,P018,C006,1,78,12.0,68.64,62,62
T007629,2026-01-12,P011,C002,2,2600,0.0,5200.0,1800,3600
T007630,2026-01-12,P003,C018,15,1250,10.0,16875.0,900,13500
T007631,2026-01-12,P005,C029,1,48,10.0,43.2,32,32
T007632,2026-01-12,P009,C037,3,600,0.0,1800.0,420,1260
T007633,2026-01-12,P013,C028,5,2900,0.0,14500.0,2100,10500
T007634,2026-01-12,P005,C038,2,48,0.0,96.0,32,64
T007635,2026-01-12,P002,C020,7,900,5.0,5985.0,650,4550
T007636,2026-01-13,P008,C027,6,6200,0.0,37200.0,4200,25200
T007637,2026-01-13,P011,C010,7,2600,0.0,18200.0,1800,12600
T007638,2026-01-13,P019,C005,3,230,5.0,655.5,150,450
T007639,2026-01-13,P003,C029,1,1250,0.0,1250.0,900,900
T007640,2026-01-13,P014,C025,3,260,10.0,702.0,180,540
T007641,2026-01-13,P017,C012,4,420,5.0,1596.0,340,1360
T007642,2026-01-13,P012,C012,5,5200,10.0,23400.0,3800,19000
T007643,2026-01-14,P009,C022,7,600,0.0,4200.0,420,2940
T007644,2026-01-14,P014,C029,8,260,8.0,1913.6,180,1440
T007645,2026-01-14,P011,C037,5,2600,8.0,11960.0,1800,9000
T007646,2026-01-14,P019,C037,1,230,8.0,211.6,150,150
T007647,2026-01-14,P011,C022,4,2600,12.0,9152.0,1800,7200
T007648,2026-01-14,P016,C001,5,2100,0.0,10500.0,1400,7000
T007649,2026-01-15,P020,C006,4,3100,0.0,12400.0,2200,8800
T007650,2026-01-15,P017,C001,1,420,12.0,369.6,340,340
T007651,2026-01-15,P009,C040,1,600,5.0,570.0,420,420
T007652,2026-01-15,P010,C018,5,380,0.0,1900.0,260,1300
T007653,2026-01-15,P002,C030,1,900,5.0,855.0,650,650
T007654,2026-01-15,P020,C036,10,3100,8.0,28520.0,2200,22000
T007655,2026-01-15,P005,C012,1,48,0.0,48.0,32,32
T007656,2026-01-15,P005,C023,3,48,5.0,136.8,32,96
T007657,2026-01-15,P018,C021,11,78,5.0,815.1,62,682
T007658,2026-01-15,P004,C011,4,340,0.0,1360.0,220,880
T007659,2026-01-15,P015,C004,6,520,0.0,3120.0,350,2100
T007660,2026-01-16,P019,C006,6,230,0.0,1380.0,150,900
T007661,2026-01-16,P018,C030,6,78,0.0,468.0,62,372
T007662,2026-01-16,P015,C029,6,520,5.0,2964.0,350,2100
T007663,2026-01-16,P014,C009,8,260,0.0,2080.0,180,1440
T007664,2026-01-16,P006,C013,9,82,12.0,649.44,55,495
T007665,2026-01-16,P018,C036,3,78,0.0,234.0,62,186
T007666,2026-01-16,P002,C002,13,900,0.0,11700.0,650,8450
T007667,2026-01-16,P016,C006,2,2100,5.0,3990.0,1400,2800
T007668,2026-01-16,P009,C017,3,600,12.0,1584.0,420,1260
T007669,2026-01-17,P003,C024,2,1250,8.0,2300.0,900,1800
T007670,2026-01-17,P008,C023,3,6200,0.0,18600.0,4200,12600
T007671,2026-01-17,P011,C031,12,2600,5.0,29640.0,1800,21600
T007672,2026-01-17,P013,C002,11,2900,0.0,31900.0,2100,23100
T007673,2026-01-17,P020,C022,6,3100,0.0,18600.0,2200,13200
T007674,2026-01-17,P005,C020,8,48,10.0,345.6,32,256
T007675,2026-01-17,P011,C033,5,2600,10.0,11700.0,1800,9000
T007676,2026-01-18,P019,C006,2,230,0.0,460.0,150,300
T007677,2026-01-18,P015,C029,7,520,0.0,3640.0,350,2450
T007678,2026-01-18,P017,C031,2,420,5.0,798.0,340,680
T007679,2026-01-18,P011,C011,2,2600,5.0,4940.0,1800,3600
T007680,2026-01-18,P004,C017,20,340,0.0,6800.0,220,4400
T007681,2026-01-18,P013,C007,3,2900,0.0,8700.0,2100,6300
T007682,2026-01-18,P015,C012,8,520,5.0,3952.0,350,2800
T007683,2026-01-18,P003,C035,3,1250,0.0,3750.0,900,2700
T007684,2026-01-18,P017,C012,18,420,0.0,7560.0,340,6120
T007685,2026-01-18,P006,C033,2,82,0.0,164.0,55,110
T007686,2026-01-18,P002,C037,3,900,0.0,2700.0,650,1950
T007687,2026-01-18,P017,C022,1,420,5.0,399.0,340,340
T007688,2026-01-18,P017,C037,6,420,0.0,2520.0,340,2040
T007689,2026-01-19,P006,C040,4,82,8.0,301.76,55,220
T007690,2026-01-19,P015,C032,3,520,0.0,1560.0,350,1050
T007691,2026-01-19,P009,C007,7,600,0.0,4200.0,420,2940
T007692,2026-01-19,P018,C005,9,78,5.0,666.9,62,558
T007693,2026-01-19,P003,C033,7,1250,8.0,8050.0,900,6300
T007694,2026-01-19,P004,C008,4,340,0.0,1360.0,220,880
T007695,2026-01-19,P001,C021,5,3200,12.0,14080.0,2400,12000
T007696,2026-01-19,P017,C018,6,420,12.0,2217.6,340,2040
T007697,2026-01-20,P005,C012,1,48,0.0,48.0,32,32
T007698,2026-01-20,P003,C010,3,1250,0.0,3750.0,900,2700
T007699,2026-01-20,P018,C034,27,78,0.0,2106.0,62,1674
T007700,2026-01-20,P020,C025,6,3100,0.0,18600.0,2200,13200
T007701,2026-01-20,P010,C005,3,380,0.0,1140.0,260,780
T007702,2026-01-20,P004,C037,9,340,0.0,3060.0,220,1980
T007703,2026-01-20,P011,C027,9,2600,5.0,22230.0,1800,16200
T007704,2026-01-20,P003,C040,5,1250,0.0,6250.0,900,4500
T007705,2026-01-20,P015,C006,3,520,0.0,1560.0,350,1050
T007706,2026-01-20,P016,C030,7,2100,12.0,12936.0,1400,9800
T007707,2026-01-20,P019,C029,3,230,0.0,690.0,150,450
T007708,2026-01-20,P006,C038,7,82,0.0,574.0,55,385
T007709,2026-01-20,P018,C036,2,78,0.0,156.0,62,124
T007710,2026-01-20,P009,C003,9,600,8.0,4968.0,420,3780
T007711,2026-01-21,P006,C037,10,82,0.0,820.0,55,550
T007712,2026-01-21,P007,C028,2,1850,8.0,3404.0,1200,2400
T007713,2026-01-21,P001,C003,1,3200,8.0,2944.0,2400,2400
T007714,2026-01-21,P019,C010,7,230,5.0,1529.5,150,1050
T007715,2026-01-21,P006,C029,6,82,10.0,442.8,55,330
T007716,2026-01-21,P008,C018,11,6200,0.0,68200.0,4200,46200
T007717,2026-01-21,P002,C014,9,900,0.0,8100.0,650,5850
T007718,2026-01-21,P019,C022,4,230,12.0,809.6,150,600
T007719,2026-01-22,P017,C038,3,420,0.0,1260.0,340,1020
T007720,2026-01-22,P014,C030,1,260,0.0,260.0,180,180
T007721,2026-01-22,P001,C013,5,3200,10.0,14400.0,2400,12000
T007722,2026-01-22,P018,C002,5,78,0.0,390.0,62,310
T007723,2026-01-22,P016,C024,3,2100,10.0,5670.0,1400,4200
T007724,2026-01-22,P003,C032,1,1250,10.0,1125.0,900,900
T007725,2026-01-22,P001,C004,6,3200,0.0,19200.0,2400,14400
T007726,2026-01-22,P008,C023,11,6200,12.0,60016.0,4200,46200
T007727,2026-01-22,P007,C026,1,1850,10.0,1665.0,1200,1200
T007728,2026-01-22,P008,C019,10,6200,10.0,55800.0,4200,42000
T007729,2026-01-22,P003,C037,2,1250,10.0,2250.0,900,1800
T007730,2026-01-22,P017,C016,12,420,5.0,4788.0,340,4080
T007731,2026-01-22,P010,C033,11,380,0.0,4180.0,260,2860
T007732,2026-01-22,P003,C027,3,1250,0.0,3750.0,900,2700
T007733,2026-01-23,P016,C008,11,2100,0.0,23100.0,1400,15400
T007734,2026-01-23,P005,C012,4,48,8.0,176.64,32,128
T007735,2026-01-23,P008,C035,2,6200,0.0,12400.0,4200,8400
T007736,2026-01-23,P004,C018,2,340,0.0,680.0,220,440
T007737,2026-01-23,P011,C023,1,2600,0.0,2600.0,1800,1800
T007738,2026-01-23,P020,C022,7,3100,0.0,21700.0,2200,15400
T007739,2026-01-23,P004,C010,4,340,5.0,1292.0,220,880
T007740,2026-01-24,P002,C023,3,900,0.0,2700.0,650,1950
T007741,2026-01-24,P006,C028,7,82,0.0,574.0,55,385
T007742,2026-01-24,P003,C035,6,1250,0.0,7500.0,900,5400
T007743,2026-01-24,P001,C039,4,3200,0.0,12800.0,2400,9600
T007744,2026-01-24,P003,C032,5,1250,0.0,6250.0,900,4500
T007745,2026-01-24,P017,C021,4,420,0.0,1680.0,340,1360
T007746,2026-01-24,P018,C019,5,78,0.0,390.0,62,310
T007747,2026-01-25,P013,C023,7,2900,0.0,20300.0,2100,14700
T007748,2026-01-25,P015,C012,5,520,0.0,2600.0,350,1750
T007749,2026-01-25,P018,C032,6,78,0.0,468.0,62,372
T007750,2026-01-25,P011,C001,3,2600,10.0,7020.0,1800,5400
T007751,2026-01-26,P001,C037,10,3200,0.0,32000.0,2400,24000
T007752,2026-01-26,P020,C008,12,3100,5.0,35340.0,2200,26400
T007753,2026-01-26,P014,C021,9,260,5.0,2223.0,180,1620
T007754,2026-01-26,P019,C003,11,230,0.0,2530.0,150,1650
T007755,2026-01-26,P007,C035,7,1850,8.0,11914.0,1200,8400
T007756,2026-01-26,P003,C023,1,1250,0.0,1250.0,900,900
T007757,2026-01-26,P013,C040,5,2900,0.0,14500.0,2100,10500
T007758,2026-01-26,P005,C003,5,48,0.0,240.0,32,160
T007759,2026-01-26,P019,C025,5,230,12.0,1012.0,150,750
T007760,2026-01-27,P016,C018,9,2100,0.0,18900.0,1400,12600
T007761,2026-01-27,P003,C011,2,1250,5.0,2375.0,900,1800
T007762,2026-01-27,P018,C005,16,78,10.0,1123.2,62,992
T007763,2026-01-27,P013,C030,2,2900,12.0,5104.0,2100,4200
T007764,2026-01-27,P009,C018,6,600,5.0,3420.0,420,2520
T007765,2026-01-27,P007,C016,1,1850,0.0,1850.0,1200,1200
T007766,2026-01-27,P007,C020,7,1850,10.0,11655.0,1200,8400
T007767,2026-01-27,P019,C030,1,230,0.0,230.0,150,150
T007768,2026-01-28,P002,C025,4,900,10.0,3240.0,650,2600
T007769,2026-01-28,P015,C011,10,520,8.0,4784.0,350,3500
T007770,2026-01-28,P011,C007,3,2600,8.0,7176.0,1800,5400
T007771,2026-01-28,P006,C031,1,82,8.0,75.44,55,55
T007772,2026-01-28,P001,C035,6,3200,8.0,17664.0,2400,14400
T007773,2026-01-28,P012,C020,6,5200,0.0,31200.0,3800,22800
T007774,2026-01-28,P020,C023,1,3100,0.0,3100.0,2200,2200
T007775,2026-01-28,P012,C028,4,5200,12.0,18304.0,3800,15200
T007776,2026-01-28,P001,C030,10,3200,0.0,32000.0,2400,24000
T007777,2026-01-29,P019,C032,1,230,5.0,218.5,150,150
T007778,2026-01-29,P007,C010,6,1850,0.0,11100.0,1200,7200
T007779,2026-01-29,P012,C025,8,5200,12.0,36608.0,3800,30400
T007780,2026-01-29,P014,C014,2,260,0.0,520.0,180,360
T007781,2026-01-29,P015,C013,9,520,10.0,4212.0,350,3150
T007782,2026-01-29,P001,C021,3,3200,10.0,8640.0,2400,7200
T007783,2026-01-29,P019,C011,20,230,10.0,4140.0,150,3000
T007784,2026-01-29,P009,C035,2,600,12.0,1056.0,420,840
T007785,2026-01-29,P011,C037,16,2600,0.0,41600.0,1800,28800
T007786,2026-01-29,P010,C013,5,380,5.0,1805.0,260,1300
T007787,2026-01-30,P014,C001,3,260,10.0,702.0,180,540
T007788,2026-01-30,P003,C007,1,1250,5.0,1187.5,900,900
T007789,2026-01-30,P002,C025,12,900,12.0,9504.0,650,7800
T007790,2026-01-30,P010,C018,5,380,10.0,1710.0,260,1300
T007791,2026-01-30,P017,C038,6,420,10.0,2268.0,340,2040
T007792,2026-01-30,P019,C040,2,230,0.0,460.0,150,300
T007793,2026-01-30,P008,C029,1,6200,8.0,5704.0,4200,4200
T007794,2026-01-30,P013,C036,1,2900,12.0,2552.0,2100,2100
T007795,2026-01-30,P015,C006,8,520,0.0,4160.0,350,2800
T007796,2026-01-30,P015,C005,3,520,5.0,1482.0,350,1050
T007797,2026-01-30,P008,C001,22,6200,0.0,136400.0,4200,92400
T007798,2026-01-30,P016,C010,3,2100,12.0,5544.0,1400,4200
T007799,2026-01-31,P017,C036,2,420,10.0,756.0,340,680
T007800,2026-01-31,P018,C026,2,78,5.0,148.2,62,124
T007801,2026-01-31,P014,C005,1,260,0.0,260.0,180,180
T007802,2026-01-31,P008,C014,1,6200,0.0,6200.0,4200,4200
T007803,2026-01-31,P010,C033,5,380,12.0,1672.0,260,1300
T007804,2026-01-31,P007,C035,3,1850,8.0,5106.0,1200,3600
T007805,2026-01-31,P017,C008,6,420,8.0,2318.4,340,2040
T007806,2026-01-31,P014,C013,19,260,5.0,4693.0,180,3420
T007807,2026-01-31,P003,C019,8,1250,10.0,9000.0,900,7200
T007808,2026-01-31,P004,C028,15,340,8.0,4692.0,220,3300
T007809,2026-01-31,P016,C019,4,2100,10.0,7560.0,1400,5600
T007810,2026-01-31,P002,C020,9,900,8.0,7452.0,650,5850
T007811,2026-01-31,P010,C013,2,380,0.0,760.0,260,520
T007812,2026-01-31,P020,C009,1,3100,0.0,3100.0,2200,2200
T007813,2026-01-31,P001,C030,2,3200,0.0,6400.0,2400,4800
T007814,2026-02-01,P016,C019,1,2100,0.0,2100.0,1400,1400
T007815,2026-02-01,P004,C006,2,340,8.0,625.6,220,440
T007816,2026-02-01,P018,C002,2,78,0.0,156.0,62,124
T007817,2026-02-01,P004,C008,11,340,10.0,3366.0,220,2420
T007818,2026-02-01,P016,C033,6,2100,0.0,12600.0,1400,8400
T007819,2026-02-01,P012,C040,8,5200,12.0,36608.0,3800,30400
T007820,2026-02-01,P017,C033,2,420,10.0,756.0,340,680
T007821,2026-02-01,P004,C014,2,340,5.0,646.0,220,440
T007822,2026-02-01,P011,C031,7,2600,5.0,17290.0,1800,12600
T007823,2026-02-02,P020,C006,5,3100,0.0,15500.0,2200,11000
T007824,2026-02-02,P014,C035,15,260,12.0,3432.0,180,2700
T007825,2026-02-02,P009,C039,13,600,0.0,7800.0,420,5460
T007826,2026-02-02,P019,C002,3,230,12.0,607.2,150,450
T007827,2026-02-02,P011,C025,2,2600,0.0,5200.0,1800,3600
T007828,2026-02-02,P011,C030,6,2600,8.0,14352.0,1800,10800
T007829,2026-02-02,P018,C003,4,78,0.0,312.0,62,248
T007830,2026-02-02,P012,C024,5,5200,0.0,26000.0,3800,19000
T007831,2026-02-02,P004,C028,2,340,0.0,680.0,220,440
T007832,2026-02-02,P002,C040,7,900,12.0,5544.0,650,4550
T007833,2026-02-02,P008,C034,7,6200,12.0,38192.0,4200,29400
T007834,2026-02-02,P009,C028,10,600,0.0,6000.0,420,4200
T007835,2026-02-02,P003,C026,18,1250,12.0,19800.0,900,16200
T007836,2026-02-02,P003,C012,6,1250,0.0,7500.0,900,5400
T007837,2026-02-02,P003,C018,1,1250,0.0,1250.0,900,900
T007838,2026-02-03,P020,C032,3,3100,10.0,8370.0,2200,6600
T007839,2026-02-03,P019,C016,6,230,12.0,1214.4,150,900
T007840,2026-02-03,P018,C017,6,78,5.0,444.6,62,372
T007841,2026-02-03,P005,C033,12,48,8.0,529.92,32,384
T007842,2026-02-03,P008,C023,4,6200,5.0,23560.0,4200,16800
T007843,2026-02-03,P001,C022,1,3200,0.0,3200.0,2400,2400
T007844,2026-02-03,P008,C037,1,6200,12.0,5456.0,4200,4200
T007845,2026-02-03,P013,C025,2,2900,0.0,5800.0,2100,4200
T007846,2026-02-04,P016,C024,1,2100,12.0,1848.0,1400,1400
T007847,2026-02-04,P003,C010,8,1250,5.0,9500.0,900,7200
T007848,2026-02-04,P019,C034,4,230,5.0,874.0,150,600
T007849,2026-02-04,P015,C017,1,520,0.0,520.0,350,350
T007850,2026-02-04,P009,C033,3,600,12.0,1584.0,420,1260
T007851,2026-02-04,P011,C029,2,2600,0.0,5200.0,1800,3600
T007852,2026-02-05,P015,C020,6,520,0.0,3120.0,350,2100
T007853,2026-02-05,P005,C018,4,48,0.0,192.0,32,128
T007854,2026-02-05,P019,C011,1,230,5.0,218.5,150,150
T007855,2026-02-05,P013,C023,3,2900,8.0,8004.0,2100,6300
T007856,2026-02-05,P011,C014,4,2600,0.0,10400.0,1800,7200
T007857,2026-02-05,P017,C029,11,420,8.0,4250.4,340,3740
T007858,2026-02-05,P011,C002,2,2600,12.0,4576.0,1800,3600
T007859,2026-02-05,P002,C034,4,900,0.0,3600.0,650,2600
T007860,2026-02-05,P003,C004,2,1250,0.0,2500.0,900,1800
T007861,2026-02-05,P016,C040,3,2100,12.0,5544.0,1400,4200
T007862,2026-02-06,P002,C017,8,900,5.0,6840.0,650,5200
T007863,2026-02-06,P004,C014,1,340,0.0,340.0,220,220
T007864,2026-02-06,P004,C037,5,340,8.0,1564.0,220,1100
T007865,2026-02-06,P018,C016,1,78,8.0,71.76,62,62
T007866,2026-02-06,P004,C004,5,340,8.0,1564.0,220,1100
T007867,2026-02-06,P013,C014,5,2900,10.0,13050.0,2100,10500
T007868,2026-02-06,P002,C001,2,900,10.0,1620.0,650,1300
T007869,2026-02-06,P016,C024,6,2100,0.0,12600.0,1400,8400
T007870,2026-02-07,P001,C038,9,3200,10.0,25920.0,2400,21600
T007871,2026-02-07,P002,C014,10,900,0.0,9000.0,650,6500
T007872,2026-02-07,P006,C023,3,82,10.0,221.4,55,165
T007873,2026-02-07,P004,C027,5,340,10.0,1530.0,220,1100
T007874,2026-02-07,P020,C020,10,3100,10.0,27900.0,2200,22000
T007875,2026-02-07,P006,C039,4,82,5.0,311.6,55,220
T007876,2026-02-08,P017,C012,14,420,10.0,5292.0,340,4760
T007877,2026-02-08,P013,C017,10,2900,8.0,26680.0,2100,21000
T007878,2026-02-08,P004,C026,11,340,5.0,3553.0,220,2420
T007879,2026-02-08,P017,C037,12,420,12.0,4435.2,340,4080
T007880,2026-02-08,P003,C025,11,1250,0.0,13750.0,900,9900
T007881,2026-02-09,P013,C033,7,2900,8.0,18676.0,2100,14700
T007882,2026-02-09,P011,C009,10,2600,8.0,23920.0,1800,18000
T007883,2026-02-09,P008,C011,8,6200,8.0,45632.0,4200,33600
T007884,2026-02-09,P015,C002,5,520,5.0,2470.0,350,1750
T007885,2026-02-09,P019,C031,7,230,0.0,1610.0,150,1050
T007886,2026-02-09,P012,C037,7,5200,0.0,36400.0,3800,26600
T007887,2026-02-10,P017,C018,12,420,0.0,5040.0,340,4080
T007888,2026-02-10,P020,C017,8,3100,0.0,24800.0,2200,17600
T007889,2026-02-10,P020,C004,3,3100,5.0,8835.0,2200,6600
T007890,2026-02-10,P012,C009,7,5200,5.0,34580.0,3800,26600
T007891,2026-02-10,P019,C030,9,230,0.0,2070.0,150,1350
T007892,2026-02-10,P009,C019,5,600,0.0,3000.0,420,2100
T007893,2026-02-10,P008,C009,4,6200,0.0,24800.0,4200,16800
T007894,2026-02-10,P002,C040,2,900,0.0,1800.0,650,1300
T007895,2026-02-10,P013,C036,5,2900,10.0,13050.0,2100,10500
T007896,2026-02-10,P014,C027,8,260,5.0,1976.0,180,1440
T007897,2026-02-11,P016,C019,3,2100,0.0,6300.0,1400,4200
T007898,2026-02-11,P019,C021,9,230,12.0,1821.6,150,1350
T007899,2026-02-11,P005,C040,4,48,0.0,192.0,32,128
T007900,2026-02-11,P014,C016,1,260,5.0,247.0,180,180
T007901,2026-02-11,P007,C012,7,1850,12.0,11396.0,1200,8400
T007902,2026-02-11,P018,C004,9,78,0.0,702.0,62,558
T007903,2026-02-11,P007,C034,7,1850,8.0,11914.0,1200,8400
T007904,2026-02-12,P004,C004,9,340,10.0,2754.0,220,1980
T007905,2026-02-12,P007,C011,12,1850,10.0,19980.0,1200,14400
T007906,2026-02-12,P001,C005,4,3200,8.0,11776.0,2400,9600
T007907,2026-02-12,P008,C010,3,6200,0.0,18600.0,4200,12600
T007908,2026-02-12,P014,C039,1,260,0.0,260.0,180,180
T007909,2026-02-12,P003,C020,10,1250,0.0,12500.0,900,9000
T007910,2026-02-12,P005,C014,12,48,0.0,576.0,32,384
T007911,2026-02-12,P001,C039,2,3200,0.0,6400.0,2400,4800
T007912,2026-02-12,P001,C039,16,3200,10.0,46080.0,2400,38400
T007913,2026-02-12,P004,C012,2,340,12.0,598.4,220,440
T007914,2026-02-12,P019,C030,6,230,0.0,1380.0,150,900
T007915,2026-02-13,P018,C002,1,78,5.0,74.1,62,62
T007916,2026-02-13,P011,C008,9,2600,10.0,21060.0,1800,16200
T007917,2026-02-13,P003,C032,6,1250,5.0,7125.0,900,5400
T007918,2026-02-13,P005,C029,5,48,5.0,228.0,32,160
T007919,2026-02-13,P011,C004,2,2600,8.0,4784.0,1800,3600
T007920,2026-02-13,P011,C014,4,2600,0.0,10400.0,1800,7200
T007921,2026-02-14,P003,C002,13,1250,0.0,16250.0,900,11700
T007922,2026-02-14,P018,C029,5,78,0.0,390.0,62,310
T007923,2026-02-14,P001,C014,7,3200,12.0,19712.0,2400,16800
T007924,2026-02-14,P016,C015,2,2100,12.0,3696.0,1400,2800
T007925,2026-02-14,P020,C009,7,3100,0.0,21700.0,2200,15400
T007926,2026-02-14,P001,C019,11,3200,10.0,31680.0,2400,26400
T007927,2026-02-14,P005,C019,5,48,12.0,211.2,32,160
T007928,2026-02-15,P010,C025,1,380,12.0,334.4,260,260
T007929,2026-02-15,P007,C006,6,1850,12.0,9768.0,1200,7200
T007930,2026-02-15,P011,C032,2,2600,10.0,4680.0,1800,3600
T007931,2026-02-15,P007,C027,7,1850,0.0,12950.0,1200,8400
T007932,2026-02-15,P009,C037,14,600,0.0,8400.0,420,5880
T007933,2026-02-15,P009,C033,6,600,0.0,3600.0,420,2520
T007934,2026-02-15,P020,C031,3,3100,5.0,8835.0,2200,6600
T007935,2026-02-15,P012,C031,5,5200,12.0,22880.0,3800,19000
T007936,2026-02-16,P013,C015,7,2900,10.0,18270.0,2100,14700
T007937,2026-02-16,P013,C010,17,2900,5.0,46835.0,2100,35700
T007938,2026-02-16,P001,C001,5,3200,8.0,14720.0,2400,12000
T007939,2026-02-16,P019,C011,6,230,,1242.0,150,900
T007940,2026-02-16,P010,C022,13,380,8.0,4544.8,260,3380
T007941,2026-02-17,P001,C014,7,3200,0.0,22400.0,2400,16800
T007942,2026-02-17,P016,C001,5,2100,0.0,10500.0,1400,7000
T007943,2026-02-17,P008,C022,1,6200,5.0,5890.0,4200,4200
T007944,2026-02-17,P004,C034,6,340,0.0,2040.0,220,1320
T007945,2026-02-17,P008,C038,1,6200,5.0,5890.0,4200,4200
T007946,2026-02-18,P014,C027,26,260,8.0,6219.2,180,4680
T007947,2026-02-18,P008,C009,6,6200,8.0,34224.0,4200,25200
T007948,2026-02-18,P018,C031,3,78,0.0,234.0,62,186
T007949,2026-02-18,P007,C019,1,1850,0.0,1850.0,1200,1200
T007950,2026-02-18,P018,C029,8,78,12.0,549.12,62,496
T007951,2026-02-18,P018,C006,4,78,0.0,312.0,62,248
T007952,2026-02-18,P012,C008,5,5200,0.0,26000.0,3800,19000
T007953,2026-02-18,P003,C015,1,1250,0.0,1250.0,900,900
T007954,2026-02-18,P012,C014,4,5200,0.0,20800.0,3800,15200
T007955,2026-02-18,P014,C025,9,260,5.0,2223.0,180,1620
T007956,2026-02-19,P012,C033,3,5200,0.0,15600.0,3800,11400
T007957,2026-02-19,P009,C038,13,600,8.0,7176.0,420,5460
T007958,2026-02-19,P001,C005,1,3200,5.0,3040.0,2400,2400
T007959,2026-02-19,P018,C017,1,78,0.0,78.0,62,62
T007960,2026-02-19,P016,C012,1,2100,12.0,1848.0,1400,1400
T007961,2026-02-19,P017,C024,3,420,0.0,1260.0,340,1020
T007962,2026-02-19,P011,C005,1,2600,5.0,2470.0,1800,1800
T007963,2026-02-19,P004,C016,4,340,0.0,1360.0,220,880
T007964,2026-02-20,P002,C014,9,900,12.0,7128.0,650,5850
T007965,2026-02-20,P020,C039,1,3100,8.0,2852.0,2200,2200
T007966,2026-02-20,P018,C025,8,78,0.0,624.0,62,496
T007967,2026-02-20,P016,C020,3,2100,10.0,5670.0,1400,4200
T007968,2026-02-20,P001,C001,5,3200,10.0,14400.0,2400,12000
T007969,2026-02-20,P018,C019,3,78,5.0,222.3,62,186
T007970,2026-02-20,P010,C004,4,380,5.0,1444.0,260,1040
T007971,2026-02-20,P012,C040,6,5200,0.0,31200.0,3800,22800
T007972,2026-02-20,P003,C001,13,1250,0.0,16250.0,900,11700
T007973,2026-02-20,P005,C039,4,48,5.0,182.4,32,128
T007974,2026-02-20,P011,C013,5,2600,0.0,13000.0,1800,9000
T007975,2026-02-20,P005,C032,9,48,0.0,432.0,32,288
T007976,2026-02-20,P010,C018,6,380,8.0,2097.6,260,1560
T007977,2026-02-20,P002,C009,4,900,10.0,3240.0,650,2600
T007978,2026-02-21,P009,C009,4,600,0.0,2400.0,420,1680
T007979,2026-02-21,P011,C017,1,2600,0.0,2600.0,1800,1800
T007980,2026-02-21,P013,C008,12,2900,5.0,33060.0,2100,25200
T007981,2026-02-21,P020,C033,7,3100,0.0,21700.0,2200,15400
T007982,2026-02-21,P003,C040,1,1250,0.0,1250.0,900,900
T007983,2026-02-21,P006,C025,2,82,10.0,147.6,55,110
T007984,2026-02-22,P016,C006,6,2100,8.0,11592.0,1400,8400
T007985,2026-02-22,P003,C034,1,1250,0.0,1250.0,900,900
T007986,2026-02-22,P009,C006,3,600,5.0,1710.0,420,1260
T007987,2026-02-22,P011,C007,1,2600,8.0,2392.0,1800,1800
T007988,2026-02-22,P011,C035,4,2600,12.0,9152.0,1800,7200
T007989,2026-02-22,P005,C016,6,48,0.0,288.0,32,192
T007990,2026-02-22,P008,C024,13,6200,0.0,80600.0,4200,54600
T007991,2026-02-22,P008,C021,7,6200,12.0,38192.0,4200,29400
T007992,2026-02-22,P015,C037,14,520,0.0,7280.0,350,4900
T007993,2026-02-22,P014,C027,1,260,8.0,239.2,180,180
T007994,2026-02-22,P003,C029,4,1250,,5000.0,900,3600
T007995,2026-02-23,P001,C032,5,3200,12.0,14080.0,2400,12000
T007996,2026-02-23,P015,C023,9,520,0.0,4680.0,350,3150
T007997,2026-02-23,P009,C037,1,600,0.0,600.0,420,420
T007998,2026-02-23,P005,C008,4,48,10.0,172.8,32,128
T007999,2026-02-23,P001,C005,3,3200,8.0,8832.0,2400,7200
T008000,2026-02-23,P016,C002,18,2100,10.0,34020.0,1400,25200
T008001,2026-02-23,P011,C028,11,2600,0.0,28600.0,1800,19800
T008002,2026-02-23,P008,C039,1,6200,8.0,5704.0,4200,4200
T008003,2026-02-23,P013,C025,1,2900,0.0,2900.0,2100,2100
T008004,2026-02-23,P005,C023,2,48,0.0,96.0,32,64
T008005,2026-02-23,P016,C004,3,2100,0.0,6300.0,1400,4200
T008006,2026-02-23,P018,C001,5,78,0.0,390.0,62,310
T008007,2026-02-23,P012,C020,3,5200,5.0,14820.0,3800,11400
T008008,2026-02-23,P019,C008,8,230,0.0,1840.0,150,1200
T008009,2026-02-23,P020,C036,10,3100,0.0,31000.0,2200,22000
T008010,2026-02-23,P005,C021,4,48,10.0,172.8,32,128
T008011,2026-02-24,P020,C036,6,3100,0.0,18600.0,2200,13200
T008012,2026-02-24,P018,C016,2,78,8.0,143.52,62,124
T008013,2026-02-24,P002,C001,12,900,0.0,10800.0,650,7800
T008014,2026-02-24,P017,C029,2,420,5.0,798.0,340,680
T008015,2026-02-24,P007,C006,3,1850,0.0,5550.0,1200,3600
T008016,2026-02-24,P020,C018,17,3100,8.0,48484.0,2200,37400
T008017,2026-02-24,P013,C030,1,2900,0.0,2900.0,2100,2100
T008018,2026-02-24,P003,C039,9,1250,0.0,11250.0,900,8100
T008019,2026-02-24,P012,C001,13,5200,0.0,67600.0,3800,49400
T008020,2026-02-24,P015,C008,13,520,0.0,6760.0,350,4550
T008021,2026-02-24,P009,C033,1,600,10.0,540.0,420,420
T008022,2026-02-24,P009,C039,2,600,5.0,1140.0,420,840
T008023,2026-02-24,P005,C026,4,48,0.0,192.0,32,128
T008024,2026-02-24,P005,C035,12,48,0.0,576.0,32,384
T008025,2026-02-24,P010,C030,10,380,8.0,3496.0,260,2600
T008026,2026-02-25,P004,C019,5,340,8.0,1564.0,220,1100
T008027,2026-02-25,P015,C003,3,520,8.0,1435.2,350,1050
T008028,2026-02-25,P002,C037,2,900,8.0,1656.0,650,1300
T008029,2026-02-25,P009,C013,12,600,5.0,6840.0,420,5040
T008030,2026-02-25,P009,C035,2,600,10.0,1080.0,420,840
T008031,2026-02-25,P006,C038,4,82,8.0,301.76,55,220
T008032,2026-02-26,P020,C011,3,3100,0.0,9300.0,2200,6600
T008033,2026-02-26,P004,C009,7,340,10.0,2142.0,220,1540
T008034,2026-02-26,P019,C026,4,230,8.0,846.4,150,600
T008035,2026-02-26,P008,C038,2,6200,8.0,11408.0,4200,8400
T008036,2026-02-26,P013,C031,2,2900,0.0,5800.0,2100,4200
T008037,2026-02-26,P013,C010,9,2900,8.0,24012.0,2100,18900
T008038,2026-02-26,P002,C032,9,900,12.0,7128.0,650,5850
T008039,2026-02-26,P020,C034,7,3100,5.0,20615.0,2200,15400
T008040,2026-02-26,P002,C022,1,900,0.0,900.0,650,650
T008041,2026-02-26,P007,C039,1,1850,8.0,1702.0,1200,1200
T008042,2026-02-26,P009,C012,6,600,0.0,3600.0,420,2520
T008043,2026-02-26,P007,C031,3,1850,10.0,4995.0,1200,3600
T008044,2026-02-26,P007,C035,4,1850,0.0,7400.0,1200,4800
T008045,2026-02-27,P020,C020,2,3100,0.0,6200.0,2200,4400
T008046,2026-02-27,P018,C028,2,78,12.0,137.28,62,124
T008047,2026-02-27,P003,C017,6,1250,0.0,7500.0,900,5400
T008048,2026-02-27,P002,C006,1,900,8.0,828.0,650,650
T008049,2026-02-27,P002,C011,2,900,0.0,1800.0,650,1300
T008050,2026-02-27,P007,C003,4,1850,5.0,7030.0,1200,4800
T008051,2026-02-27,P013,C022,3,2900,0.0,8700.0,2100,6300
T008052,2026-02-27,P012,C004,5,5200,0.0,26000.0,3800,19000
T008053,2026-02-28,P010,C031,1,380,0.0,380.0,260,260
T008054,2026-02-28,P016,C015,3,2100,0.0,6300.0,1400,4200
T008055,2026-02-28,P003,C014,18,1250,8.0,20700.0,900,16200
T008056,2026-02-28,P014,C006,6,260,0.0,1560.0,180,1080
T008057,2026-02-28,P002,C003,1,900,0.0,900.0,650,650
T008058,2026-03-01,P010,C029,1,380,0.0,380.0,260,260
T008059,2026-03-01,P006,C035,10,82,0.0,820.0,55,550
T008060,2026-03-01,P009,C013,12,600,10.0,6480.0,420,5040
T008061,2026-03-01,P009,C013,5,600,0.0,3000.0,420,2100
T008062,2026-03-01,P017,C028,4,420,0.0,1680.0,340,1360
T008063,2026-03-01,P012,C012,5,5200,0.0,26000.0,3800,19000
T008064,2026-03-01,P006,C015,1,82,10.0,73.8,55,55
T008065,2026-03-01,P007,C020,7,1850,0.0,12950.0,1200,8400
T008066,2026-03-01,P004,C036,1,340,10.0,306.0,220,220
T008067,2026-03-01,P001,C007,7,3200,0.0,22400.0,2400,16800
T008068,2026-03-01,P020,C034,6,3100,0.0,18600.0,2200,13200
T008069,2026-03-01,P011,C006,6,2600,8.0,14352.0,1800,10800
T008070,2026-03-01,P020,C032,8,3100,0.0,24800.0,2200,17600
T008071,2026-03-02,P004,C013,5,340,0.0,1700.0,220,1100
T008072,2026-03-02,P003,C015,1,1250,10.0,1125.0,900,900
T008073,2026-03-02,P007,C014,3,1850,8.0,5106.0,1200,3600
T008074,2026-03-02,P019,C039,10,230,0.0,2300.0,150,1500
T008075,2026-03-02,P010,C027,2,380,0.0,760.0,260,520
T008076,2026-03-02,P002,C002,3,900,0.0,2700.0,650,1950
T008077,2026-03-02,P003,C007,4,1250,10.0,4500.0,900,3600
T008078,2026-03-02,P001,C015,5,3200,0.0,16000.0,2400,12000
T008079,2026-03-02,P012,C030,4,5200,8.0,19136.0,3800,15200
T008080,2026-03-03,P005,C016,6,48,0.0,288.0,32,192
T008081,2026-03-03,P010,C007,5,380,0.0,1900.0,260,1300
T008082,2026-03-03,P009,C023,9,600,10.0,4860.0,420,3780
T008083,2026-03-03,P007,C021,4,1850,8.0,6808.0,1200,4800
T008084,2026-03-03,P005,C029,4,48,5.0,182.4,32,128
T008085,2026-03-03,P018,C039,3,78,8.0,215.28,62,186
T008086,2026-03-03,P005,C013,18,48,5.0,820.8,32,576
T008087,2026-03-03,P016,C030,2,2100,8.0,3864.0,1400,2800
T008088,2026-03-03,P014,C031,4,260,5.0,988.0,180,720
T008089,2026-03-03,P014,C010,3,260,0.0,780.0,180,540
T008090,2026-03-04,P016,C017,4,2100,0.0,8400.0,1400,5600
T008091,2026-03-04,P011,C016,1,2600,5.0,2470.0,1800,1800
T008092,2026-03-04,P011,C008,-1,2600,12.0,6864.0,1800,5400
T008093,2026-03-04,P010,C038,7,380,5.0,2527.0,260,1820
T008094,2026-03-04,P014,C027,8,260,5.0,1976.0,180,1440
T008095,2026-03-04,P013,C036,2,2900,0.0,5800.0,2100,4200
T008096,2026-03-04,P013,C036,2,2900,0.0,5800.0,2100,4200
T008097,2026-03-04,P002,C011,5,900,5.0,4275.0,650,3250
T008098,2026-03-04,P010,C021,3,380,0.0,1140.0,260,780
T008099,2026-03-04,P004,C031,2,340,10.0,612.0,220,440
T008100,2026-03-04,P013,C028,1,2900,0.0,2900.0,2100,2100
T008101,2026-03-04,P016,C037,10,2100,8.0,19320.0,1400,14000
T008102,2026-03-04,P016,C002,2,2100,10.0,3780.0,1400,2800
T008103,2026-03-04,P010,C011,5,380,0.0,1900.0,260,1300
T008104,2026-03-04,P008,C037,6,6200,0.0,37200.0,4200,25200
T008105,2026-03-05,P017,C009,2,420,0.0,840.0,340,680
T008106,2026-03-05,P013,C029,3,2900,0.0,8700.0,2100,6300
T008107,2026-03-05,P004,C038,6,340,0.0,2040.0,220,1320
T008108,2026-03-05,P001,C009,7,3200,0.0,22400.0,2400,16800
T008109,2026-03-05,P009,C012,16,600,5.0,9120.0,420,6720
T008110,2026-03-05,P005,C033,4,48,0.0,192.0,32,128
T008111,2026-03-05,P006,C040,1,82,0.0,82.0,55,55
T008112,2026-03-05,P014,C026,4,260,10.0,936.0,180,720
T008113,2026-03-05,P013,C020,6,2900,5.0,16530.0,2100,12600
T008114,2026-03-05,P009,C011,2,600,0.0,1200.0,420,840
T008115,2026-03-05,P003,C004,1,1250,0.0,1250.0,900,900
T008116,2026-03-05,P020,C022,5,3100,0.0,15500.0,2200,11000
T008117,2026-03-05,P020,C003,9,3100,0.0,27900.0,2200,19800
T008118,2026-03-05,P006,C013,4,82,0.0,328.0,55,220
T008119,2026-03-05,P014,C010,7,260,10.0,1638.0,180,1260
T008120,2026-03-06,P006,C037,6,82,5.0,467.4,55,330
T008121,2026-03-06,P012,C029,1,5200,12.0,4576.0,3800,3800
T008122,2026-03-06,P011,C027,4,2600,0.0,10400.0,1800,7200
T008123,2026-03-06,P012,C003,7,5200,8.0,33488.0,3800,26600
T008124,2026-03-06,P012,C038,6,5200,0.0,31200.0,3800,22800
T008125,2026-03-06,P014,C031,6,260,10.0,1404.0,180,1080
T008126,2026-03-06,P009,C015,1,600,0.0,600.0,420,420
T008127,2026-03-06,P019,C015,9,230,0.0,2070.0,150,1350
T008128,2026-03-06,P020,C013,2,3100,12.0,5456.0,2200,4400
T008129,2026-03-06,P007,C034,5,1850,0.0,9250.0,1200,6000
T008130,2026-03-06,P009,C035,7,600,5.0,3990.0,420,2940
T008131,2026-03-06,P018,C032,6,78,0.0,468.0,62,372
T008132,2026-03-06,P015,C038,11,520,8.0,5262.4,350,3850
T008133,2026-03-06,P020,C026,12,3100,12.0,32736.0,2200,26400
T008134,2026-03-07,P016,C001,1,2100,10.0,1890.0,1400,1400
T008135,2026-03-07,P019,C004,7,230,,1416.8,150,1050
T008136,2026-03-07,P017,C030,6,420,12.0,2217.6,340,2040
T008137,2026-03-07,P010,C030,2,380,10.0,684.0,260,520
T008138,2026-03-07,P004,C006,3,340,12.0,897.6,220,660
T008139,2026-03-07,P003,C032,4,1250,0.0,5000.0,900,3600
T008140,2026-03-07,P005,C030,1,48,0.0,48.0,32,32
T008141,2026-03-07,P002,C005,6,900,8.0,4968.0,650,3900
T008142,2026-03-07,P003,C007,7,1250,0.0,8750.0,900,6300
T008143,2026-03-07,P016,C034,1,2100,5.0,1995.0,1400,1400
T008144,2026-03-07,P001,C010,2,3200,12.0,5632.0,2400,4800
T008145,2026-03-07,P001,C019,4,3200,12.0,11264.0,2400,9600
T008146,2026-03-07,P002,C038,11,900,0.0,9900.0,650,7150
T008147,2026-03-08,P009,C024,3,600,10.0,1620.0,420,1260
T008148,2026-03-08,P003,C023,1,1250,5.0,1187.5,900,900
T008149,2026-03-08,P005,C023,1,48,8.0,44.16,32,32
T008150,2026-03-08,P009,C022,9,600,12.0,4752.0,420,3780
T008151,2026-03-08,P012,C005,3,5200,0.0,15600.0,3800,11400
T008152,2026-03-08,P003,C031,1,1250,12.0,1100.0,900,900
T008153,2026-03-08,P005,C022,4,48,8.0,176.64,32,128
T008154,2026-03-08,P006,C002,10,82,0.0,820.0,55,550
T008155,2026-03-08,P007,C020,10,1850,0.0,18500.0,1200,12000
T008156,2026-03-09,P006,C038,7,82,0.0,574.0,55,385
T008157,2026-03-09,P019,C033,9,230,10.0,1863.0,150,1350
T008158,2026-03-09,P003,C020,5,1250,5.0,5937.5,900,4500
T008159,2026-03-09,P011,C019,9,2600,10.0,21060.0,1800,16200
T008160,2026-03-09,P005,C014,6,48,0.0,288.0,32,192
T008161,2026-03-09,P011,C017,2,2600,5.0,4940.0,1800,3600
T008162,2026-03-09,P015,C037,2,520,0.0,1040.0,350,700
T008163,2026-03-09,P007,C024,10,1850,5.0,17575.0,1200,12000
T008164,2026-03-10,P011,C037,6,2600,12.0,13728.0,1800,10800
T008165,2026-03-10,P012,C024,2,5200,0.0,10400.0,3800,7600
T008166,2026-03-10,P012,C022,5,5200,10.0,23400.0,3800,19000
T008167,2026-03-10,P012,C016,1,5200,10.0,4680.0,3800,3800
T008168,2026-03-10,P017,C009,4,420,0.0,1680.0,340,1360
T008169,2026-03-10,P010,C013,4,380,0.0,1520.0,260,1040
T008170,2026-03-10,P006,C034,4,82,0.0,328.0,55,220
T008171,2026-03-10,P010,C018,4,380,0.0,1520.0,260,1040
T008172,2026-03-10,P017,C002,7,420,0.0,2940.0,340,2380
T008173,2026-03-10,P016,C017,4,2100,8.0,7728.0,1400,5600
T008174,2026-03-10,P016,C008,3,2100,0.0,6300.0,1400,4200
T008175,2026-03-10,P001,C040,7,3200,0.0,22400.0,2400,16800
T008176,2026-03-10,P004,C016,1,340,10.0,306.0,220,220
T008177,2026-03-10,P004,C002,1,340,12.0,299.2,220,220
T008178,2026-03-10,P007,C021,3,1850,10.0,4995.0,1200,3600
T008179,2026-03-10,P018,C031,6,78,5.0,444.6,62,372
T008180,2026-03-10,P007,C029,6,1850,5.0,10545.0,1200,7200
T008181,2026-03-11,P008,C039,4,6200,0.0,24800.0,4200,16800
T008182,2026-03-11,P016,C040,6,2100,12.0,11088.0,1400,8400
T008183,2026-03-11,P008,C008,1,6200,0.0,6200.0,4200,4200
T008184,2026-03-11,P001,C029,2,3200,0.0,6400.0,2400,4800
T008185,2026-03-11,P012,C025,5,5200,12.0,22880.0,3800,19000
T008186,2026-03-11,P009,C012,6,600,0.0,3600.0,420,2520
T008187,2026-03-11,P006,C038,5,82,8.0,377.2,55,275
T008188,2026-03-11,P010,C027,3,380,10.0,1026.0,260,780
T008189,2026-03-11,P015,C001,4,520,10.0,1872.0,350,1400
T008190,2026-03-11,P003,C035,2,1250,0.0,2500.0,900,1800
T008191,2026-03-11,P017,C037,4,420,0.0,1680.0,340,1360
T008192,2026-03-11,P010,C002,8,380,0.0,3040.0,260,2080
T008193,2026-03-11,P014,C011,12,260,8.0,2870.4,180,2160
T008194,2026-03-11,P007,C028,1,1850,8.0,1702.0,1200,1200
T008195,2026-03-11,P010,C025,3,380,10.0,1026.0,260,780
T008196,2026-03-11,P004,C010,8,340,8.0,2502.4,220,1760
T008197,2026-03-11,P001,C016,5,3200,8.0,14720.0,2400,12000
T008198,2026-03-11,P007,C025,3,1850,12.0,4884.0,1200,3600
T008199,2026-03-11,P013,C003,2,2900,12.0,5104.0,2100,4200
T008200,2026-03-12,P002,C011,7,900,5.0,5985.0,650,4550
T008201,2026-03-12,P007,C035,2,1850,0.0,3700.0,1200,2400
T008202,2026-03-12,P012,C008,4,5200,0.0,20800.0,3800,15200
T008203,2026-03-12,P013,C031,3,2900,8.0,8004.0,2100,6300
T008204,2026-03-12,P009,C038,13,600,8.0,7176.0,420,5460
T008205,2026-03-12,P017,C021,3,420,0.0,1260.0,340,1020
T008206,2026-03-12,P019,C007,3,230,5.0,655.5,150,450
T008207,2026-03-12,P013,C022,4,2900,0.0,11600.0,2100,8400
T008208,2026-03-12,P006,C011,1,82,12.0,72.16,55,55
T008209,2026-03-12,P017,C032,4,420,10.0,1512.0,340,1360
T008210,2026-03-12,P016,C031,8,2100,12.0,14784.0,1400,11200
T008211,2026-03-12,P010,C032,4,380,0.0,1520.0,260,1040
T008212,2026-03-12,P020,C014,3,3100,0.0,9300.0,2200,6600
T008213,2026-03-12,P020,C006,4,3100,10.0,11160.0,2200,8800
T008214,2026-03-12,P001,C013,3,3200,0.0,9600.0,2400,7200
T008215,2026-03-12,P002,C038,7,900,5.0,5985.0,650,4550
T008216,2026-03-13,P019,C017,7,230,0.0,1610.0,150,1050
T008217,2026-03-13,P007,C013,1,1850,10.0,1665.0,1200,1200
T008218,2026-03-13,P003,C019,9,1250,8.0,10350.0,900,8100
T008219,2026-03-13,P005,C015,4,48,10.0,172.8,32,128
T008220,2026-03-13,P018,C002,6,78,0.0,468.0,62,372
T008221,2026-03-13,P005,C028,20,48,5.0,912.0,32,640
T008222,2026-03-13,P008,C033,6,6200,10.0,33480.0,4200,25200
T008223,2026-03-13,P009,C015,6,600,0.0,3600.0,420,2520
T008224,2026-03-13,P010,C025,10,380,12.0,3344.0,260,2600
T008225,2026-03-13,P012,C035,5,5200,5.0,24700.0,3800,19000
T008226,2026-03-13,P011,C017,12,2600,0.0,31200.0,1800,21600
T008227,2026-03-13,P009,C006,18,600,8.0,9936.0,420,7560
T008228,2026-03-13,P014,C035,5,260,10.0,1170.0,180,900
T008229,2026-03-13,P005,C036,2,48,0.0,96.0,32,64
T008230,2026-03-14,P014,C010,9,260,5.0,2223.0,180,1620
T008231,2026-03-14,P005,C037,4,48,5.0,182.4,32,128
T008232,2026-03-14,P013,C026,1,2900,0.0,2900.0,2100,2100
T008233,2026-03-14,P002,C035,4,900,12.0,3168.0,650,2600
T008234,2026-03-14,P009,C021,4,600,10.0,2160.0,420,1680
T008235,2026-03-14,P015,C004,6,520,12.0,2745.6,350,2100
T008236,2026-03-14,P007,C035,12,1850,8.0,20424.0,1200,14400
T008237,2026-03-14,P014,C016,6,260,12.0,1372.8,180,1080
T008238,2026-03-14,P013,C023,6,2900,8.0,16008.0,2100,12600
T008239,2026-03-14,P015,C027,5,520,5.0,2470.0,350,1750
T008240,2026-03-14,P016,C020,4,2100,0.0,8400.0,1400,5600
T008241,2026-03-14,P010,C017,8,380,5.0,2888.0,260,2080
T008242,2026-03-14,P017,C036,6,420,0.0,2520.0,340,2040
T008243,2026-03-14,P015,C002,3,520,0.0,1560.0,350,1050
T008244,2026-03-14,P018,C017,2,78,5.0,148.2,62,124
T008245,2026-03-14,P011,C006,7,2600,0.0,18200.0,1800,12600
T008246,2026-03-14,P002,C020,6,900,,4860.0,650,3900
T008247,2026-03-15,P010,C012,4,380,5.0,1444.0,260,1040
T008248,2026-03-15,P019,C040,6,230,0.0,1380.0,150,900
T008249,2026-03-15,P005,C001,4,48,5.0,182.4,32,128
T008250,2026-03-15,P006,C034,1,82,5.0,77.9,55,55
T008251,2026-03-15,P010,C027,6,380,0.0,2280.0,260,1560
T008252,2026-03-15,P006,C001,10,82,0.0,820.0,55,550
T008253,2026-03-15,P010,C029,8,380,0.0,3040.0,260,2080
T008254,2026-03-15,P010,C012,4,380,0.0,1520.0,260,1040
T008255,2026-03-15,P006,C007,9,82,5.0,701.1,55,495
T008256,2026-03-15,P010,C016,1,380,12.0,334.4,260,260
T008257,2026-03-15,P019,C008,18,230,5.0,3933.0,150,2700
T008258,2026-03-15,P008,C002,5,6200,8.0,28520.0,4200,21000
T008259,2026-03-15,P006,C012,3,82,8.0,226.32,55,165
T008260,2026-03-15,P007,C005,6,1850,0.0,11100.0,1200,7200
T008261,2026-03-16,P008,C003,2,6200,8.0,11408.0,4200,8400
T008262,2026-03-16,P017,C003,3,420,8.0,1159.2,340,1020
T008263,2026-03-16,P003,C037,4,1250,10.0,4500.0,900,3600
T008264,2026-03-16,P006,C019,8,82,12.0,577.28,55,440
T008265,2026-03-16,P004,C029,5,340,12.0,1496.0,220,1100
T008266,2026-03-16,P014,C034,2,260,0.0,520.0,180,360
T008267,2026-03-16,P017,C008,5,420,5.0,1995.0,340,1700
T008268,2026-03-16,P019,C011,6,230,5.0,1311.0,150,900
T008269,2026-03-16,P018,C021,6,78,0.0,468.0,62,372
T008270,2026-03-16,P010,C022,3,380,8.0,1048.8,260,780
T008271,2026-03-16,P015,C039,1,520,8.0,478.4,350,350
T008272,2026-03-16,P010,C001,2,380,0.0,760.0,260,520
T008273,2026-03-16,P005,C027,1,48,0.0,48.0,32,32
T008274,2026-03-17,P002,C022,3,900,8.0,2484.0,650,1950
T008275,2026-03-17,P010,C013,11,380,0.0,4180.0,260,2860
T008276,2026-03-17,P004,C037,3,340,0.0,1020.0,220,660
T008277,2026-03-17,P010,C031,5,380,10.0,1710.0,260,1300
T008278,2026-03-17,P007,C005,8,1850,8.0,13616.0,1200,9600
T008279,2026-03-17,P003,C023,5,1250,8.0,5750.0,900,4500
T008280,2026-03-17,P002,C017,6,900,0.0,5400.0,650,3900
T008281,2026-03-17,P008,C030,8,6200,0.0,49600.0,4200,33600
T008282,2026-03-17,P001,C019,11,3200,0.0,35200.0,2400,26400
T008283,2026-03-18,P015,C024,3,520,12.0,1372.8,350,1050
T008284,2026-03-18,P006,C033,6,82,8.0,452.64,55,330
T008285,2026-03-18,P002,C010,3,900,8.0,2484.0,650,1950
T008286,2026-03-18,P005,C014,4,48,8.0,176.64,32,128
T008287,2026-03-18,P001,C017,2,3200,8.0,5888.0,2400,4800
T008288,2026-03-18,P005,C032,11,48,0.0,528.0,32,352
T008289,2026-03-18,P010,C009,2,380,8.0,699.2,260,520
T008290,2026-03-18,P001,C009,1,3200,0.0,3200.0,2400,2400
T008291,2026-03-18,P001,C037,5,3200,0.0,16000.0,2400,12000
T008292,2026-03-18,P007,C009,1,1850,5.0,1757.5,1200,1200
T008293,2026-03-18,P011,C021,4,2600,10.0,9360.0,1800,7200
T008294,2026-03-18,P019,C020,3,230,0.0,690.0,150,450
T008295,2026-03-18,P014,C037,2,260,5.0,494.0,180,360
T008296,2026-03-19,P016,C036,3,2100,0.0,6300.0,1400,4200
T008297,2026-03-19,P020,C034,5,3100,10.0,13950.0,2200,11000
T008298,2026-03-19,P004,C025,3,340,8.0,938.4,220,660
T008299,2026-03-19,P015,C037,13,520,0.0,6760.0,350,4550
T008300,2026-03-19,P001,C017,8,3200,0.0,25600.0,2400,19200
T008301,2026-03-19,P016,C004,3,2100,10.0,5670.0,1400,4200
T008302,2026-03-19,P009,C016,2,600,10.0,1080.0,420,840
T008303,2026-03-19,P020,C037,2,3100,8.0,5704.0,2200,4400
T008304,2026-03-19,P012,C016,13,5200,0.0,67600.0,3800,49400
T008305,2026-03-19,P012,C017,5,5200,8.0,23920.0,3800,19000
T008306,2026-03-19,P005,C029,2,48,5.0,91.2,32,64
T008307,2026-03-19,P011,C040,3,2600,0.0,7800.0,1800,5400
T008308,2026-03-19,P001,C002,12,3200,8.0,35328.0,2400,28800
T008309,2026-03-20,P016,C017,2,2100,5.0,3990.0,1400,2800
T008310,2026-03-20,P013,C017,2,2900,0.0,5800.0,2100,4200
T008311,2026-03-20,P016,C034,8,2100,5.0,15960.0,1400,11200
T008312,2026-03-20,P009,C026,1,600,10.0,540.0,420,420
T008313,2026-03-20,P013,C034,11,2900,5.0,30305.0,2100,23100
T008314,2026-03-20,P011,C011,17,2600,5.0,41990.0,1800,30600
T008315,2026-03-20,P009,C031,5,600,8.0,2760.0,420,2100
T008316,2026-03-20,P014,C021,3,260,8.0,717.6,180,540
T008317,2026-03-20,P018,C008,1,78,0.0,78.0,62,62
T008318,2026-03-20,P006,C016,1,82,0.0,82.0,55,55
T008319,2026-03-21,P014,C030,5,260,0.0,1300.0,180,900
T008320,2026-03-21,P007,C023,10,1850,0.0,18500.0,1200,12000
T008321,2026-03-21,P014,C016,2,260,0.0,520.0,180,360
T008322,2026-03-21,P004,C034,6,340,10.0,1836.0,220,1320
T008323,2026-03-21,P002,C010,2,900,8.0,1656.0,650,1300
T008324,2026-03-21,P004,C014,1,340,12.0,299.2,220,220
T008325,2026-03-21,P004,C014,1,340,5.0,323.0,220,220
T008326,2026-03-21,P001,C036,1,3200,5.0,3040.0,2400,2400
T008327,2026-03-21,P019,C032,6,230,0.0,1380.0,150,900
T008328,2026-03-22,P017,C026,5,420,0.0,2100.0,340,1700
T008329,2026-03-22,P015,C008,10,520,8.0,4784.0,350,3500
T008330,2026-03-22,P005,C014,11,48,12.0,464.64,32,352
T008331,2026-03-22,P012,C002,1,5200,12.0,4576.0,3800,3800
T008332,2026-03-22,P004,C014,3,340,0.0,1020.0,220,660
T008333,2026-03-22,P009,C028,4,600,0.0,2400.0,420,1680
T008334,2026-03-22,P004,C031,4,340,8.0,1251.2,220,880
T008335,2026-03-22,P001,C008,1,3200,0.0,3200.0,2400,2400
T008336,2026-03-22,P008,C007,14,6200,12.0,76384.0,4200,58800
T008337,2026-03-22,P004,C019,2,340,5.0,646.0,220,440
T008338,2026-03-22,P009,C023,5,600,8.0,2760.0,420,2100
T008339,2026-03-23,P013,C033,7,2900,0.0,20300.0,2100,14700
T008340,2026-03-23,P011,C025,4,2600,8.0,9568.0,1800,7200
T008341,2026-03-23,P018,C014,1,78,10.0,70.2,62,62
T008342,2026-03-23,P004,C016,8,340,0.0,2720.0,220,1760
T008343,2026-03-23,P004,C012,1,340,0.0,340.0,220,220
T008344,2026-03-23,P014,C014,6,260,0.0,1560.0,180,1080
T008345,2026-03-23,P015,C026,2,520,8.0,956.8,350,700
T008346,2026-03-23,P005,C003,5,48,5.0,228.0,32,160
T008347,2026-03-23,P011,C004,1,2600,8.0,2392.0,1800,1800
T008348,2026-03-23,P001,C010,12,3200,0.0,38400.0,2400,28800
T008349,2026-03-23,P007,C029,3,1850,8.0,5106.0,1200,3600
T008350,2026-03-24,P007,C003,17,1850,8.0,28934.0,1200,20400
T008351,2026-03-24,P006,C020,1,82,10.0,73.8,55,55
T008352,2026-03-24,P019,C030,8,230,,1656.0,150,1200
T008353,2026-03-24,P020,C036,22,3100,10.0,61380.0,2200,48400
T008354,2026-03-24,P009,C011,12,600,10.0,6480.0,420,5040
T008355,2026-03-24,P020,C028,1,3100,8.0,2852.0,2200,2200
T008356,2026-03-24,P012,C007,6,5200,0.0,31200.0,3800,22800
T008357,2026-03-25,P018,C014,1,78,8.0,71.76,62,62
T008358,2026-03-25,P015,C040,5,520,0.0,2600.0,350,1750
T008359,2026-03-25,P014,C019,6,260,0.0,1560.0,180,1080
T008360,2026-03-25,P019,C006,3,230,10.0,621.0,150,450
T008361,2026-03-25,P018,C032,1,78,12.0,68.64,62,62
T008362,2026-03-25,P016,C013,11,2100,8.0,21252.0,1400,15400
T008363,2026-03-25,P012,C035,4,5200,0.0,20800.0,3800,15200
T008364,2026-03-25,P001,C023,8,3200,0.0,25600.0,2400,19200
T008365,2026-03-25,P010,C026,8,380,5.0,2888.0,260,2080
T008366,2026-03-25,P005,C013,9,48,10.0,388.8,32,288
T008367,2026-03-25,P005,C038,8,48,10.0,345.6,32,256
T008368,2026-03-25,P001,C005,9,3200,0.0,28800.0,2400,21600
T008369,2026-03-25,P019,C022,6,230,0.0,1380.0,150,900
T008370,2026-03-25,P015,C005,9,520,8.0,4305.6,350,3150
T008371,2026-03-25,P020,C018,13,3100,0.0,40300.0,2200,28600
T008372,2026-03-25,P005,C008,6,48,10.0,259.2,32,192
T008373,2026-03-25,P018,C023,3,78,0.0,234.0,62,186
T008374,2026-03-25,P011,C030,9,2600,8.0,21528.0,1800,16200
T008375,2026-03-26,P010,C004,6,380,0.0,2280.0,260,1560
T008376,2026-03-26,P017,C031,4,420,0.0,1680.0,340,1360
T008377,2026-03-26,P007,C019,3,1850,12.0,4884.0,1200,3600
T008378,2026-03-26,P007,C003,6,1850,10.0,9990.0,1200,7200
T008379,2026-03-26,P019,C019,6,230,8.0,1269.6,150,900
T008380,2026-03-26,P020,C013,4,3100,10.0,11160.0,2200,8800
T008381,2026-03-27,P014,C013,9,260,12.0,2059.2,180,1620
T008382,2026-03-27,P002,C039,9,900,0.0,8100.0,650,5850
T008383,2026-03-27,P017,C020,3,420,0.0,1260.0,340,1020
T008384,2026-03-27,P008,C040,1,6200,12.0,5456.0,4200,4200
T008385,2026-03-27,P017,C016,13,420,8.0,5023.2,340,4420
T008386,2026-03-27,P018,C039,4,78,0.0,312.0,62,248
T008387,2026-03-27,P003,C032,6,1250,0.0,7500.0,900,5400
T008388,2026-03-27,P013,C034,8,2900,8.0,21344.0,2100,16800
T008389,2026-03-27,P012,C019,10,5200,0.0,52000.0,3800,38000
T008390,2026-03-27,P006,C012,3,82,8.0,226.32,55,165
T008391,2026-03-27,P017,C038,9,420,0.0,3780.0,340,3060
T008392,2026-03-27,P020,C007,-1,3100,0.0,12400.0,2200,8800
T008393,2026-03-27,P020,C021,4,3100,0.0,12400.0,2200,8800
T008394,2026-03-28,P019,C001,1,230,12.0,202.4,150,150
T008395,2026-03-28,P007,C019,2,1850,8.0,3404.0,1200,2400
T008396,2026-03-28,P007,C006,1,1850,8.0,1702.0,1200,1200
T008397,2026-03-28,P007,C034,1,1850,0.0,1850.0,1200,1200
T008398,2026-03-28,P001,C013,8,3200,8.0,23552.0,2400,19200
T008399,2026-03-28,P008,C025,10,6200,0.0,62000.0,4200,42000
T008400,2026-03-28,P001,C016,1,3200,8.0,2944.0,2400,2400
T008401,2026-03-28,P004,C034,1,340,5.0,323.0,220,220
T008402,2026-03-28,P018,C037,11,78,12.0,755.04,62,682
T008403,2026-03-28,P017,C026,2,420,12.0,739.2,340,680
T008404,2026-03-28,P012,C027,4,5200,10.0,18720.0,3800,15200
T008405,2026-03-28,P020,C005,1,3100,0.0,3100.0,2200,2200
T008406,2026-03-28,P018,C010,3,78,0.0,234.0,62,186
T008407,2026-03-28,P006,C030,8,82,0.0,656.0,55,440
T008408,2026-03-29,P004,C003,1,340,10.0,306.0,220,220
T008409,2026-03-29,P010,C017,3,380,12.0,1003.2,260,780
T008410,2026-03-29,P006,C009,4,82,5.0,311.6,55,220
T008411,2026-03-29,P001,C002,4,3200,5.0,12160.0,2400,9600
T008412,2026-03-29,P010,C008,8,380,8.0,2796.8,260,2080
T008413,2026-03-29,P006,C014,1,82,12.0,72.16,55,55
T008414,2026-03-29,P011,C024,9,2600,8.0,21528.0,1800,16200
T008415,2026-03-29,P002,C002,9,900,5.0,7695.0,650,5850
T008416,2026-03-29,P014,C022,5,260,10.0,1170.0,180,900
T008417,2026-03-30,P018,C023,7,78,5.0,518.7,62,434
T008418,2026-03-30,P007,C031,3,1850,0.0,5550.0,1200,3600
T008419,2026-03-30,P019,C022,9,230,,2070.0,150,1350
T008420,2026-03-30,P018,C003,1,78,10.0,70.2,62,62
T008421,2026-03-30,P014,C034,4,260,0.0,1040.0,180,720
T008422,2026-03-30,P009,C014,4,600,0.0,2400.0,420,1680
T008423,2026-03-30,P015,C039,15,520,12.0,6864.0,350,5250
T008424,2026-03-30,P020,C022,2,3100,0.0,6200.0,2200,4400
T008425,2026-03-30,P014,C031,6,260,5.0,1482.0,180,1080
T008426,2026-03-30,P020,C040,10,3100,12.0,27280.0,2200,22000
T008427,2026-03-30,P015,C001,4,520,5.0,1976.0,350,1400
T008428,2026-03-30,P016,C040,6,2100,5.0,11970.0,1400,8400
T008429,2026-03-30,P008,C020,7,6200,0.0,43400.0,4200,29400
T008430,2026-03-30,P004,C005,1,340,0.0,340.0,220,220
T008431,2026-03-31,P013,C023,7,2900,0.0,20300.0,2100,14700
T008432,2026-03-31,P011,C011,2,2600,10.0,4680.0,1800,3600
T008433,2026-03-31,P002,C002,7,900,0.0,6300.0,650,4550
T008434,2026-03-31,P010,C021,5,380,5.0,1805.0,260,1300
T008435,2026-03-31,P010,C012,7,380,12.0,2340.8,260,1820
T008436,2026-03-31,P013,C022,4,2900,0.0,11600.0,2100,8400
T008437,2026-03-31,P007,C013,5,1850,10.0,8325.0,1200,6000
T008438,2026-03-31,P006,C034,8,82,0.0,656.0,55,440
T008439,2026-03-31,P004,C022,7,340,0.0,2380.0,220,1540
T008440,2026-03-31,P019,C003,8,230,5.0,1748.0,150,1200
T008441,2026-03-31,P020,C010,1,3100,0.0,3100.0,2200,2200
T008442,2026-03-31,P015,C010,1,520,0.0,520.0,350,350
T008443,2026-03-31,P005,C014,2,48,0.0,96.0,32,64
T008444,2026-04-01,P013,C008,1,2900,0.0,2900.0,2100,2100
T008445,2026-04-01,P019,C013,5,230,0.0,1150.0,150,750
T008446,2026-04-01,P013,C032,16,2900,0.0,46400.0,2100,33600
T008447,2026-04-01,P012,C002,6,5200,8.0,28704.0,3800,22800
T008448,2026-04-01,P003,C038,4,1250,0.0,5000.0,900,3600
T008449,2026-04-01,P006,C035,3,82,0.0,246.0,55,165
T008450,2026-04-01,P008,C033,2,6200,10.0,11160.0,4200,8400
T008451,2026-04-01,P017,C028,4,420,8.0,1545.6,340,1360
T008452,2026-04-01,P010,C005,8,380,10.0,2736.0,260,2080
T008453,2026-04-01,P008,C008,5,6200,0.0,31000.0,4200,21000
T008454,2026-04-01,P005,C005,1,48,5.0,45.6,32,32
T008455,2026-04-01,P020,C031,9,3100,0.0,27900.0,2200,19800
T008456,2026-04-01,P012,C006,8,5200,12.0,36608.0,3800,30400
T008457,2026-04-01,P015,C040,16,520,0.0,8320.0,350,5600
T008458,2026-04-01,P019,C033,8,230,8.0,1692.8,150,1200
T008459,2026-04-02,P016,C021,7,2100,12.0,12936.0,1400,9800
T008460,2026-04-02,P012,C024,5,5200,0.0,26000.0,3800,19000
T008461,2026-04-02,P006,C030,11,82,0.0,902.0,55,605
T008462,2026-04-02,P017,C040,3,420,8.0,1159.2,340,1020
T008463,2026-04-02,P013,C012,3,2900,8.0,8004.0,2100,6300
T008464,2026-04-02,P008,C012,3,6200,8.0,17112.0,4200,12600
T008465,2026-04-02,P014,C017,8,260,0.0,2080.0,180,1440
T008466,2026-04-02,P004,C024,6,340,10.0,1836.0,220,1320
T008467,2026-04-02,P019,C026,9,230,5.0,1966.5,150,1350
T008468,2026-04-02,P002,C012,2,900,0.0,1800.0,650,1300
T008469,2026-04-02,P010,C033,8,380,0.0,3040.0,260,2080
T008470,2026-04-02,P013,C026,6,2900,10.0,15660.0,2100,12600
T008471,2026-04-02,P003,C020,3,1250,12.0,3300.0,900,2700
T008472,2026-04-02,P016,C003,5,2100,5.0,9975.0,1400,7000
T008473,2026-04-02,P014,C010,3,260,12.0,686.4,180,540
T008474,2026-04-02,P001,C005,2,3200,8.0,5888.0,2400,4800
T008475,2026-04-03,P004,C023,2,340,10.0,612.0,220,440
T008476,2026-04-03,P002,C036,5,900,10.0,4050.0,650,3250
T008477,2026-04-03,P013,C005,2,2900,12.0,5104.0,2100,4200
T008478,2026-04-03,P011,C039,7,2600,0.0,18200.0,1800,12600
T008479,2026-04-03,P003,C035,4,1250,5.0,4750.0,900,3600
T008480,2026-04-03,P019,C010,5,230,0.0,1150.0,150,750
T008481,2026-04-03,P014,C005,1,260,8.0,239.2,180,180
T008482,2026-04-03,P014,C011,1,260,0.0,260.0,180,180
T008483,2026-04-03,P003,C011,12,1250,0.0,15000.0,900,10800
T008484,2026-04-03,P010,C003,1,380,5.0,361.0,260,260
T008485,2026-04-03,P006,C022,15,82,8.0,1131.6,55,825
T008486,2026-04-03,P011,C017,9,2600,10.0,21060.0,1800,16200
T008487,2026-04-03,P017,C028,5,420,0.0,2100.0,340,1700
T008488,2026-04-03,P017,C004,2,420,0.0,840.0,340,680
T008489,2026-04-03,P006,C024,3,82,0.0,246.0,55,165
T008490,2026-04-03,P008,C029,5,6200,5.0,29450.0,4200,21000
T008491,2026-04-03,P009,C018,1,600,5.0,570.0,420,420
T008492,2026-04-03,P011,C038,3,2600,0.0,7800.0,1800,5400
T008493,2026-04-03,P001,C001,7,3200,8.0,20608.0,2400,16800
T008494,2026-04-03,P018,C035,6,78,0.0,468.0,62,372
T008495,2026-04-03,P011,C007,5,2600,5.0,12350.0,1800,9000
T008496,2026-04-03,P016,C028,6,2100,0.0,12600.0,1400,8400
T008497,2026-04-04,P020,C029,10,3100,0.0,31000.0,2200,22000
T008498,2026-04-04,P012,C035,13,5200,8.0,62192.0,3800,49400
T008499,2026-04-04,P016,C002,6,2100,5.0,11970.0,1400,8400
T008500,2026-04-04,P011,C002,4,2600,10.0,9360.0,1800,7200
T008501,2026-04-04,P014,C039,1,260,0.0,260.0,180,180
T008502,2026-04-04,P013,C021,7,2900,12.0,17864.0,2100,14700
T008503,2026-04-04,P005,C011,16,48,5.0,729.6,32,512
T008504,2026-04-04,P005,C032,2,48,10.0,86.4,32,64
T008505,2026-04-04,P019,C008,2,230,5.0,437.0,150,300
T008506,2026-04-04,P017,C006,6,420,5.0,2394.0,340,2040
T008507,2026-04-04,P001,C027,6,3200,12.0,16896.0,2400,14400
T008508,2026-04-04,P019,C024,4,230,10.0,828.0,150,600
T008509,2026-04-04,P009,C033,5,600,0.0,3000.0,420,2100
T008510,2026-04-04,P008,C038,10,6200,0.0,62000.0,4200,42000
T008511,2026-04-04,P018,C009,1,78,0.0,78.0,62,62
T008512,2026-04-05,P004,C022,3,340,0.0,1020.0,220,660
T008513,2026-04-05,P007,C011,6,1850,0.0,11100.0,1200,7200
T008514,2026-04-05,P016,C028,1,2100,8.0,1932.0,1400,1400
T008515,2026-04-05,P014,C025,1,260,8.0,239.2,180,180
T008516,2026-04-05,P020,C012,6,3100,0.0,18600.0,2200,13200
T008517,2026-04-05,P010,C012,19,380,5.0,6859.0,260,4940
T008518,2026-04-05,P011,C033,2,2600,5.0,4940.0,1800,3600
T008519,2026-04-05,P018,C017,1,78,10.0,70.2,62,62
T008520,2026-04-05,P013,C018,1,2900,0.0,2900.0,2100,2100
T008521,2026-04-05,P020,C030,6,3100,12.0,16368.0,2200,13200
T008522,2026-04-05,P006,C032,3,82,8.0,226.32,55,165
T008523,2026-04-05,P007,C006,6,1850,0.0,11100.0,1200,7200
T008524,2026-04-06,P008,C037,2,6200,0.0,12400.0,4200,8400
T008525,2026-04-06,P017,C007,3,420,8.0,1159.2,340,1020
T008526,2026-04-06,P004,C005,2,340,0.0,680.0,220,440
T008527,2026-04-06,P012,C023,6,5200,5.0,29640.0,3800,22800
T008528,2026-04-06,P001,C036,4,3200,0.0,12800.0,2400,9600
T008529,2026-04-06,P018,C005,1,78,12.0,68.64,62,62
T008530,2026-04-06,P016,C022,3,2100,12.0,5544.0,1400,4200
T008531,2026-04-06,P013,C020,4,2900,8.0,10672.0,2100,8400
T008532,2026-04-06,P002,C015,7,900,0.0,6300.0,650,4550
T008533,2026-04-07,P012,C029,5,5200,12.0,22880.0,3800,19000
T008534,2026-04-07,P016,C006,4,2100,8.0,7728.0,1400,5600
T008535,2026-04-07,P019,C026,3,230,5.0,655.5,150,450
T008536,2026-04-07,P013,C036,2,2900,12.0,5104.0,2100,4200
T008537,2026-04-07,P002,C001,2,900,5.0,1710.0,650,1300
T008538,2026-04-07,P010,C011,9,380,0.0,3420.0,260,2340
T008539,2026-04-07,P003,C038,6,1250,12.0,6600.0,900,5400
T008540,2026-04-07,P011,C018,6,2600,0.0,15600.0,1800,10800
T008541,2026-04-08,P015,C023,2,520,0.0,1040.0,350,700
T008542,2026-04-08,P020,C021,4,3100,10.0,11160.0,2200,8800
T008543,2026-04-08,P019,C011,13,230,0.0,2990.0,150,1950
T008544,2026-04-08,P016,C037,5,2100,0.0,10500.0,1400,7000
T008545,2026-04-08,P001,C013,8,3200,10.0,23040.0,2400,19200
T008546,2026-04-08,P019,C035,3,230,0.0,690.0,150,450
T008547,2026-04-08,P004,C004,10,340,0.0,3400.0,220,2200
T008548,2026-04-08,P008,C013,3,6200,0.0,18600.0,4200,12600
T008549,2026-04-08,P016,C013,11,2100,12.0,20328.0,1400,15400
T008550,2026-04-08,P020,C010,3,3100,12.0,8184.0,2200,6600
T008551,2026-04-08,P004,C021,6,340,8.0,1876.8,220,1320
T008552,2026-04-08,P008,C007,7,6200,0.0,43400.0,4200,29400
T008553,2026-04-09,P006,C038,4,82,12.0,288.64,55,220
T008554,2026-04-09,P009,C020,11,600,5.0,6270.0,420,4620
T008555,2026-04-09,P014,C008,1,260,12.0,228.8,180,180
T008556,2026-04-09,P010,C023,2,380,12.0,668.8,260,520
T008557,2026-04-09,P014,C035,1,260,10.0,234.0,180,180
T008558,2026-04-09,P019,C022,10,230,10.0,2070.0,150,1500
T008559,2026-04-09,P008,C024,25,6200,8.0,142600.0,4200,105000
T008560,2026-04-09,P006,C036,11,82,12.0,793.76,55,605
T008561,2026-04-09,P012,C027,3,5200,12.0,13728.0,3800,11400
T008562,2026-04-09,P016,C003,2,2100,5.0,3990.0,1400,2800
T008563,2026-04-10,P017,C017,7,420,8.0,2704.8,340,2380
T008564,2026-04-10,P012,C036,5,5200,0.0,26000.0,3800,19000
T008565,2026-04-10,P006,C018,4,82,12.0,288.64,55,220
T008566,2026-04-10,P001,C005,4,3200,10.0,11520.0,2400,9600
T008567,2026-04-10,P016,C024,4,2100,8.0,7728.0,1400,5600
T008568,2026-04-10,P010,C005,4,380,10.0,1368.0,260,1040
T008569,2026-04-10,P001,C019,22,3200,12.0,61952.0,2400,52800
T008570,2026-04-10,P016,C028,1,2100,12.0,1848.0,1400,1400
T008571,2026-04-10,P011,C018,9,2600,8.0,21528.0,1800,16200
T008572,2026-04-10,P020,C023,2,3100,5.0,5890.0,2200,4400
T008573,2026-04-10,P017,C009,1,420,0.0,420.0,340,340
T008574,2026-04-10,P018,C036,6,78,10.0,421.2,62,372
T008575,2026-04-10,P007,C013,8,1850,0.0,14800.0,1200,9600
T008576,2026-04-10,P013,C037,1,2900,12.0,2552.0,2100,2100
T008577,2026-04-10,P020,C035,9,3100,0.0,27900.0,2200,19800
T008578,2026-04-10,P007,C024,1,1850,5.0,1757.5,1200,1200
T008579,2026-04-10,P013,C007,26,2900,0.0,75400.0,2100,54600
T008580,2026-04-10,P010,C010,2,380,0.0,760.0,260,520
T008581,2026-04-10,P012,C018,3,5200,0.0,15600.0,3800,11400
T008582,2026-04-11,P016,C037,1,2100,12.0,1848.0,1400,1400
T008583,2026-04-11,P004,C036,1,340,0.0,340.0,220,220
T008584,2026-04-11,P012,C016,2,5200,0.0,10400.0,3800,7600
T008585,2026-04-11,P008,C010,3,6200,0.0,18600.0,4200,12600
T008586,2026-04-11,P008,C038,8,6200,0.0,49600.0,4200,33600
T008587,2026-04-11,P011,C036,18,2600,5.0,44460.0,1800,32400
T008588,2026-04-11,P007,C007,4,1850,0.0,7400.0,1200,4800
T008589,2026-04-11,P001,C029,8,3200,5.0,24320.0,2400,19200
T008590,2026-04-11,P008,C016,1,6200,8.0,5704.0,4200,4200
T008591,2026-04-11,P017,C007,4,420,0.0,1680.0,340,1360
T008592,2026-04-11,P001,C037,1,3200,10.0,2880.0,2400,2400
T008593,2026-04-12,P020,C025,7,3100,0.0,21700.0,2200,15400
T008594,2026-04-12,P004,C040,2,340,0.0,680.0,220,440
T008595,2026-04-12,P006,C028,2,82,0.0,164.0,55,110
T008596,2026-04-12,P016,C009,4,2100,12.0,7392.0,1400,5600
T008597,2026-04-12,P016,C012,29,2100,0.0,60900.0,1400,40600
T008598,2026-04-12,P006,C030,14,82,0.0,1148.0,55,770
T008599,2026-04-12,P008,C028,4,6200,0.0,24800.0,4200,16800
T008600,2026-04-12,P005,C036,9,48,12.0,380.16,32,288
T008601,2026-04-12,P018,C031,8,78,0.0,624.0,62,496
T008602,2026-04-12,P017,C002,13,420,12.0,4804.8,340,4420
T008603,2026-04-12,P012,C029,4,5200,5.0,19760.0,3800,15200
T008604,2026-04-12,P003,C014,10,1250,0.0,12500.0,900,9000
T008605,2026-04-12,P020,C030,8,3100,0.0,24800.0,2200,17600
T008606,2026-04-12,P013,C016,6,2900,0.0,17400.0,2100,12600
T008607,2026-04-12,P014,C011,4,260,0.0,1040.0,180,720
T008608,2026-04-13,P018,C014,5,78,0.0,390.0,62,310
T008609,2026-04-13,P017,C038,6,420,0.0,2520.0,340,2040
T008610,2026-04-13,P009,C017,1,600,0.0,600.0,420,420
T008611,2026-04-13,P019,C035,5,230,0.0,1150.0,150,750
T008612,2026-04-13,P004,C025,3,340,12.0,897.6,220,660
T008613,2026-04-13,P012,C012,10,5200,5.0,49400.0,3800,38000
T008614,2026-04-13,P020,C002,2,3100,5.0,5890.0,2200,4400
T008615,2026-04-13,P001,C017,6,3200,10.0,17280.0,2400,14400
T008616,2026-04-13,P001,C034,6,3200,0.0,19200.0,2400,14400
T008617,2026-04-13,P018,C022,11,78,12.0,755.04,62,682
T008618,2026-04-14,P002,C004,2,900,0.0,1800.0,650,1300
T008619,2026-04-14,P006,C010,2,82,8.0,150.88,55,110
T008620,2026-04-14,P019,C032,25,230,0.0,5750.0,150,3750
T008621,2026-04-14,P007,C028,8,1850,10.0,13320.0,1200,9600
T008622,2026-04-14,P007,C007,6,1850,5.0,10545.0,1200,7200
T008623,2026-04-14,P009,C013,2,600,5.0,1140.0,420,840
T008624,2026-04-14,P019,C001,1,230,0.0,230.0,150,150
T008625,2026-04-14,P016,C026,6,2100,5.0,11970.0,1400,8400
T008626,2026-04-14,P001,C016,2,3200,8.0,5888.0,2400,4800
T008627,2026-04-14,P009,C004,5,600,0.0,3000.0,420,2100
T008628,2026-04-14,P015,C020,1,520,5.0,494.0,350,350
T008629,2026-04-14,P009,C005,1,600,12.0,528.0,420,420
T008630,2026-04-15,P020,C018,4,3100,12.0,10912.0,2200,8800
T008631,2026-04-15,P020,C035,2,3100,12.0,5456.0,2200,4400
T008632,2026-04-15,P003,C031,18,1250,0.0,22500.0,900,16200
T008633,2026-04-15,P002,C013,2,900,10.0,1620.0,650,1300
T008634,2026-04-15,P001,C013,8,3200,5.0,24320.0,2400,19200
T008635,2026-04-15,P012,C036,14,5200,0.0,72800.0,3800,53200
T008636,2026-04-15,P014,C037,6,260,10.0,1404.0,180,1080
T008637,2026-04-15,P008,C029,5,6200,8.0,28520.0,4200,21000
T008638,2026-04-15,P002,C001,9,900,0.0,8100.0,650,5850
T008639,2026-04-15,P015,C001,1,520,10.0,468.0,350,350
T008640,2026-04-15,P017,C002,4,420,0.0,1680.0,340,1360
T008641,2026-04-15,P003,C037,3,1250,8.0,3450.0,900,2700
T008642,2026-04-15,P020,C014,2,3100,12.0,5456.0,2200,4400
T008643,2026-04-15,P003,C016,3,1250,12.0,3300.0,900,2700
T008644,2026-04-15,P007,C033,4,1850,0.0,7400.0,1200,4800
T008645,2026-04-15,P018,C038,7,78,12.0,480.48,62,434
T008646,2026-04-15,P004,C023,1,340,0.0,340.0,220,220
T008647,2026-04-16,P007,C009,1,1850,5.0,1757.5,1200,1200
T008648,2026-04-16,P005,C036,16,48,0.0,768.0,32,512
T008649,2026-04-16,P020,C005,7,3100,12.0,19096.0,2200,15400
T008650,2026-04-16,P005,C028,18,48,10.0,777.6,32,576
T008651,2026-04-16,P008,C006,4,6200,0.0,24800.0,4200,16800
T008652,2026-04-16,P014,C037,10,260,12.0,2288.0,180,1800
T008653,2026-04-16,P005,C031,6,48,10.0,259.2,32,192
T008654,2026-04-16,P013,C013,10,2900,8.0,26680.0,2100,21000
T008655,2026-04-16,P015,C025,9,520,0.0,4680.0,350,3150
T008656,2026-04-16,P008,C013,2,6200,0.0,12400.0,4200,8400
T008657,2026-04-16,P006,C030,6,82,5.0,467.4,55,330
T008658,2026-04-16,P020,C021,7,3100,0.0,21700.0,2200,15400
T008659,2026-04-16,P016,C005,4,2100,0.0,8400.0,1400,5600
T008660,2026-04-16,P003,C026,1,1250,5.0,1187.5,900,900
T008661,2026-04-16,P005,C011,2,48,0.0,96.0,32,64
T008662,2026-04-17,P016,C017,3,2100,0.0,6300.0,1400,4200
T008663,2026-04-17,P010,C008,1,380,8.0,349.6,260,260
T008664,2026-04-17,P010,C018,4,380,0.0,1520.0,260,1040
T008665,2026-04-17,P016,C037,3,2100,10.0,5670.0,1400,4200
T008666,2026-04-17,P020,C016,2,3100,0.0,6200.0,2200,4400
T008667,2026-04-17,P015,C011,6,520,8.0,2870.4,350,2100
T008668,2026-04-17,P010,C009,8,380,10.0,2736.0,260,2080
T008669,2026-04-17,P009,C018,10,600,0.0,6000.0,420,4200
T008670,2026-04-17,P001,C026,8,3200,10.0,23040.0,2400,19200
T008671,2026-04-17,P015,C025,6,520,0.0,3120.0,350,2100
T008672,2026-04-17,P008,C037,10,6200,12.0,54560.0,4200,42000
T008673,2026-04-17,P007,C030,3,1850,10.0,4995.0,1200,3600
T008674,2026-04-17,P018,C015,1,78,0.0,78.0,62,62
T008675,2026-04-18,P006,C015,9,82,5.0,701.1,55,495
T008676,2026-04-18,P006,C039,9,82,0.0,738.0,55,495
T008677,2026-04-18,P013,C011,12,2900,8.0,32016.0,2100,25200
T008678,2026-04-18,P003,C014,3,1250,0.0,3750.0,900,2700
T008679,2026-04-18,P006,C006,1,82,0.0,82.0,55,55
T008680,2026-04-18,P019,C034,9,230,0.0,2070.0,150,1350
T008681,2026-04-18,P001,C002,11,3200,0.0,35200.0,2400,26400
T008682,2026-04-18,P011,C009,12,2600,12.0,27456.0,1800,21600
T008683,2026-04-18,P010,C023,26,380,8.0,9089.6,260,6760
T008684,2026-04-18,P015,C034,1,520,0.0,520.0,350,350
T008685,2026-04-18,P015,C006,5,520,0.0,2600.0,350,1750
T008686,2026-04-18,P008,C004,4,6200,0.0,24800.0,4200,16800
T008687,2026-04-18,P018,C015,5,78,12.0,343.2,62,310
T008688,2026-04-18,P006,C003,1,82,5.0,77.9,55,55
T008689,2026-04-18,P018,C036,5,78,5.0,370.5,62,310
T008690,2026-04-18,P019,C017,5,230,12.0,1012.0,150,750
T008691,2026-04-19,P009,C020,8,600,10.0,4320.0,420,3360
T008692,2026-04-19,P004,C030,8,340,8.0,2502.4,220,1760
T008693,2026-04-19,P020,C016,4,3100,0.0,12400.0,2200,8800
T008694,2026-04-19,P011,C027,3,2600,5.0,7410.0,1800,5400
T008695,2026-04-19,P017,C028,6,420,0.0,2520.0,340,2040
T008696,2026-04-19,P010,C014,4,380,5.0,1444.0,260,1040
T008697,2026-04-19,P014,C033,14,260,0.0,3640.0,180,2520
T008698,2026-04-19,P003,C021,3,1250,10.0,3375.0,900,2700
T008699,2026-04-19,P008,C009,5,6200,12.0,27280.0,4200,21000
T008700,2026-04-19,P015,C011,1,520,0.0,520.0,350,350
T008701,2026-04-19,P008,C008,9,6200,0.0,55800.0,4200,37800
T008702,2026-04-19,P007,C035,4,1850,0.0,7400.0,1200,4800
T008703,2026-04-19,P013,C010,1,2900,0.0,2900.0,2100,2100
T008704,2026-04-19,P012,C031,6,5200,12.0,27456.0,3800,22800
T008705,2026-04-20,P003,C027,3,1250,10.0,3375.0,900,2700
T008706,2026-04-20,P006,C040,1,82,0.0,82.0,55,55
T008707,2026-04-20,P014,C032,12,260,0.0,3120.0,180,2160
T008708,2026-04-20,P002,C024,1,900,10.0,810.0,650,650
T008709,2026-04-20,P003,C036,3,1250,0.0,3750.0,900,2700
T008710,2026-04-20,P013,C012,3,2900,8.0,8004.0,2100,6300
T008711,2026-04-20,P005,C009,1,48,0.0,48.0,32,32
T008712,2026-04-20,P003,C001,1,1250,0.0,1250.0,900,900
T008713,2026-04-20,P009,C024,15,600,12.0,7920.0,420,6300
T008714,2026-04-20,P014,C016,1,260,8.0,239.2,180,180
T008715,2026-04-20,P011,C027,4,2600,0.0,10400.0,1800,7200
T008716,2026-04-20,P007,C002,6,1850,5.0,10545.0,1200,7200
T008717,2026-04-20,P002,C021,3,900,5.0,2565.0,650,1950
T008718,2026-04-20,P018,C007,7,78,8.0,502.32,62,434
T008719,2026-04-20,P014,C008,8,260,0.0,2080.0,180,1440
T008720,2026-04-21,P010,C015,3,380,12.0,1003.2,260,780
T008721,2026-04-21,P007,C005,4,1850,8.0,6808.0,1200,4800
T008722,2026-04-21,P019,C012,2,230,0.0,460.0,150,300
T008723,2026-04-21,P011,C013,3,2600,10.0,7020.0,1800,5400
T008724,2026-04-21,P010,C027,1,380,0.0,380.0,260,260
T008725,2026-04-21,P003,C037,8,1250,0.0,10000.0,900,7200
T008726,2026-04-21,P002,C038,2,900,0.0,1800.0,650,1300
T008727,2026-04-21,P005,C037,7,48,10.0,302.4,32,224
T008728,2026-04-21,P003,C040,9,1250,8.0,10350.0,900,8100
T008729,2026-04-21,P003,C025,6,1250,5.0,7125.0,900,5400
T008730,2026-04-21,P015,C019,3,520,12.0,1372.8,350,1050
T008731,2026-04-21,P014,C013,6,260,0.0,1560.0,180,1080
T008732,2026-04-21,P005,C001,2,48,0.0,96.0,32,64
T008733,2026-04-21,P002,C031,6,900,8.0,4968.0,650,3900
T008734,2026-04-21,P009,C010,1,600,10.0,540.0,420,420
T008735,2026-04-21,P017,C032,8,420,0.0,3360.0,340,2720
T008736,2026-04-21,P014,C017,11,260,0.0,2860.0,180,1980
T008737,2026-04-21,P014,C014,2,260,0.0,520.0,180,360
T008738,2026-04-22,P014,C022,16,260,0.0,4160.0,180,2880
T008739,2026-04-22,P007,C016,5,1850,0.0,9250.0,1200,6000
T008740,2026-04-22,P007,C040,11,1850,0.0,20350.0,1200,13200
T008741,2026-04-22,P020,C031,3,3100,8.0,8556.0,2200,6600
T008742,2026-04-22,P002,C027,10,900,10.0,8100.0,650,6500
T008743,2026-04-22,P011,C031,18,2600,0.0,46800.0,1800,32400
T008744,2026-04-22,P016,C012,8,2100,0.0,16800.0,1400,11200
T008745,2026-04-22,P008,C033,12,6200,0.0,74400.0,4200,50400
T008746,2026-04-22,P001,C014,6,3200,0.0,19200.0,2400,14400
T008747,2026-04-22,P010,C036,2,380,5.0,722.0,260,520
T008748,2026-04-22,P013,C039,1,2900,5.0,2755.0,2100,2100
T008749,2026-04-22,P012,C010,4,5200,0.0,20800.0,3800,15200
T008750,2026-04-22,P005,C039,11,48,0.0,528.0,32,352
T008751,2026-04-22,P009,C037,8,600,5.0,4560.0,420,3360
T008752,2026-04-23,P015,C035,2,520,12.0,915.2,350,700
T008753,2026-04-23,P020,C033,2,3100,0.0,6200.0,2200,4400
T008754,2026-04-23,P006,C027,6,82,5.0,467.4,55,330
T008755,2026-04-23,P007,C010,6,1850,5.0,10545.0,1200,7200
T008756,2026-04-23,P002,C011,5,900,8.0,4140.0,650,3250
T008757,2026-04-23,P002,C035,5,900,0.0,4500.0,650,3250
T008758,2026-04-23,P005,C020,9,48,0.0,432.0,32,288
T008759,2026-04-23,P014,C025,2,260,10.0,468.0,180,360
T008760,2026-04-23,P019,C018,8,230,5.0,1748.0,150,1200
T008761,2026-04-23,P008,C010,3,6200,12.0,16368.0,4200,12600
T008762,2026-04-23,P010,C028,8,380,0.0,3040.0,260,2080
T008763,2026-04-23,P003,C007,1,1250,10.0,1125.0,900,900
T008764,2026-04-23,P010,C012,4,380,0.0,1520.0,260,1040
T008765,2026-04-23,P016,C015,12,2100,8.0,23184.0,1400,16800
T008766,2026-04-23,P003,C030,2,1250,0.0,2500.0,900,1800
T008767,2026-04-24,P009,C015,13,600,12.0,6864.0,420,5460
T008768,2026-04-24,P014,C001,6,260,10.0,1404.0,180,1080
T008769,2026-04-24,P005,C035,1,48,12.0,42.24,32,32
T008770,2026-04-24,P020,C014,3,3100,0.0,9300.0,2200,6600
T008771,2026-04-24,P003,C037,14,1250,12.0,15400.0,900,12600
T008772,2026-04-24,P004,C026,2,340,12.0,598.4,220,440
T008773,2026-04-24,P001,C002,8,3200,0.0,25600.0,2400,19200
T008774,2026-04-24,P016,C032,3,2100,5.0,5985.0,1400,4200
T008775,2026-04-24,P017,C022,10,420,5.0,3990.0,340,3400
T008776,2026-04-24,P015,C003,8,520,0.0,4160.0,350,2800
T008777,2026-04-24,P018,C027,3,78,12.0,205.92,62,186
T008778,2026-04-24,P015,C014,13,520,0.0,6760.0,350,4550
T008779,2026-04-24,P004,C025,10,340,0.0,3400.0,220,2200
T008780,2026-04-24,P006,C026,2,82,12.0,144.32,55,110
T008781,2026-04-24,P010,C021,4,380,0.0,1520.0,260,1040
T008782,2026-04-24,P016,C005,5,2100,0.0,10500.0,1400,7000
T008783,2026-04-25,P015,C006,1,520,0.0,520.0,350,350
T008784,2026-04-25,P006,C031,5,82,8.0,377.2,55,275
T008785,2026-04-25,P017,C031,5,420,8.0,1932.0,340,1700
T008786,2026-04-25,P011,C005,2,2600,0.0,5200.0,1800,3600
T008787,2026-04-25,P015,C033,2,520,5.0,988.0,350,700
T008788,2026-04-25,P012,C005,4,5200,8.0,19136.0,3800,15200
T008789,2026-04-25,P010,C027,11,380,10.0,3762.0,260,2860
T008790,2026-04-25,P005,C025,8,48,10.0,345.6,32,256
T008791,2026-04-25,P012,C010,2,5200,0.0,10400.0,3800,7600
T008792,2026-04-25,P001,C032,1,3200,0.0,3200.0,2400,2400
T008793,2026-04-25,P013,C011,8,2900,0.0,23200.0,2100,16800
T008794,2026-04-25,P013,C010,6,2900,5.0,16530.0,2100,12600
T008795,2026-04-25,P003,C016,5,1250,0.0,6250.0,900,4500
T008796,2026-04-26,P020,C011,6,3100,10.0,16740.0,2200,13200
T008797,2026-04-26,P019,C023,7,230,5.0,1529.5,150,1050
T008798,2026-04-26,P007,C038,5,1850,10.0,8325.0,1200,6000
T008799,2026-04-26,P010,C022,3,380,5.0,1083.0,260,780
T008800,2026-04-26,P014,C002,3,260,8.0,717.6,180,540
T008801,2026-04-26,P014,C006,1,260,12.0,228.8,180,180
T008802,2026-04-26,P010,C010,8,380,0.0,3040.0,260,2080
T008803,2026-04-26,P019,C005,4,230,0.0,920.0,150,600
T008804,2026-04-26,P015,C015,16,520,0.0,8320.0,350,5600
T008805,2026-04-26,P020,C003,2,3100,0.0,6200.0,2200,4400
T008806,2026-04-26,P001,C020,10,3200,10.0,28800.0,2400,24000
T008807,2026-04-26,P018,C036,6,78,10.0,421.2,62,372
T008808,2026-04-26,P019,C012,2,230,0.0,460.0,150,300
T008809,2026-04-26,P015,C030,5,520,0.0,2600.0,350,1750
T008810,2026-04-26,P010,C034,1,380,10.0,342.0,260,260
T008811,2026-04-26,P002,C009,13,900,10.0,10530.0,650,8450
T008812,2026-04-26,P015,C009,3,520,10.0,1404.0,350,1050
T008813,2026-04-26,P005,C025,18,48,10.0,777.6,32,576
T008814,2026-04-26,P010,C023,4,380,12.0,1337.6,260,1040
T008815,2026-04-26,P010,C037,9,380,0.0,3420.0,260,2340
T008816,2026-04-26,P019,C033,9,230,0.0,2070.0,150,1350
T008817,2026-04-27,P001,C040,4,3200,0.0,12800.0,2400,9600
T008818,2026-04-27,P020,C026,10,3100,10.0,27900.0,2200,22000
T008819,2026-04-27,P015,C039,6,520,0.0,3120.0,350,2100
T008820,2026-04-27,P018,C036,3,78,10.0,210.6,62,186
T008821,2026-04-27,P001,C028,6,3200,8.0,17664.0,2400,14400
T008822,2026-04-27,P007,C038,5,1850,0.0,9250.0,1200,6000
T008823,2026-04-27,P011,C001,5,2600,5.0,12350.0,1800,9000
T008824,2026-04-27,P009,C003,13,600,12.0,6864.0,420,5460
T008825,2026-04-27,P005,C016,7,48,0.0,336.0,32,224
T008826,2026-04-27,P001,C027,6,3200,8.0,17664.0,2400,14400
T008827,2026-04-27,P002,C005,1,900,8.0,828.0,650,650
T008828,2026-04-27,P009,C028,10,600,12.0,5280.0,420,4200
T008829,2026-04-27,P018,C032,1,78,8.0,71.76,62,62
T008830,2026-04-28,P014,C023,1,260,0.0,260.0,180,180
T008831,2026-04-28,P002,C021,6,900,5.0,5130.0,650,3900
T008832,2026-04-28,P016,C018,15,2100,10.0,28350.0,1400,21000
T008833,2026-04-28,P006,C019,2,82,0.0,164.0,55,110
T008834,2026-04-28,P009,C009,13,600,5.0,7410.0,420,5460
T008835,2026-04-28,P009,C036,-1,600,0.0,2400.0,420,1680
T008836,2026-04-28,P018,C028,3,78,10.0,210.6,62,186
T008837,2026-04-28,P015,C033,9,520,5.0,4446.0,350,3150
T008838,2026-04-28,P016,C030,10,2100,0.0,21000.0,1400,14000
T008839,2026-04-28,P001,C026,1,3200,0.0,3200.0,2400,2400
T008840,2026-04-28,P007,C022,6,1850,12.0,9768.0,1200,7200
T008841,2026-04-28,P007,C018,3,1850,10.0,4995.0,1200,3600
T008842,2026-04-28,P004,C040,1,340,10.0,306.0,220,220
T008843,2026-04-29,P018,C020,14,78,5.0,1037.4,62,868
T008844,2026-04-29,P008,C034,1,6200,5.0,5890.0,4200,4200
T008845,2026-04-29,P003,C024,19,1250,0.0,23750.0,900,17100
T008846,2026-04-29,P004,C018,7,340,10.0,2142.0,220,1540
T008847,2026-04-29,P006,C040,3,82,0.0,246.0,55,165
T008848,2026-04-29,P018,C008,5,78,12.0,343.2,62,310
T008849,2026-04-29,P015,C003,9,520,8.0,4305.6,350,3150
T008850,2026-04-29,P020,C017,8,3100,0.0,24800.0,2200,17600
T008851,2026-04-29,P014,C008,13,260,5.0,3211.0,180,2340
T008852,2026-04-29,P001,C023,6,3200,5.0,18240.0,2400,14400
T008853,2026-04-29,P007,C020,1,1850,8.0,1702.0,1200,1200
T008854,2026-04-29,P012,C010,18,5200,0.0,93600.0,3800,68400
T008855,2026-04-29,P020,C002,3,3100,0.0,9300.0,2200,6600
T008856,2026-04-30,P019,C029,3,230,10.0,621.0,150,450
T008857,2026-04-30,P017,C028,1,420,10.0,378.0,340,340
T008858,2026-04-30,P004,C011,13,340,0.0,4420.0,220,2860
T008859,2026-04-30,P013,C022,9,2900,0.0,26100.0,2100,18900
T008860,2026-04-30,P006,C039,7,82,10.0,516.6,55,385
T008861,2026-04-30,P005,C033,6,48,12.0,253.44,32,192
T008862,2026-04-30,P004,C010,2,340,12.0,598.4,220,440
T008863,2026-04-30,P001,C032,11,3200,8.0,32384.0,2400,26400
T008864,2026-04-30,P005,C036,4,48,8.0,176.64,32,128
T008865,2026-04-30,P006,C009,2,82,12.0,144.32,55,110
T008866,2026-04-30,P018,C021,2,78,0.0,156.0,62,124
T008867,2026-04-30,P002,C008,5,900,12.0,3960.0,650,3250
T008868,2026-05-01,P002,C005,6,900,0.0,5400.0,650,3900
T008869,2026-05-01,P006,C039,3,82,12.0,216.48,55,165
T008870,2026-05-01,P013,C001,8,2900,12.0,20416.0,2100,16800
T008871,2026-05-01,P016,C034,2,2100,12.0,3696.0,1400,2800
T008872,2026-05-01,P004,C038,1,340,0.0,340.0,220,220
T008873,2026-05-01,P015,C030,2,520,10.0,936.0,350,700
T008874,2026-05-01,P014,C028,8,260,10.0,1872.0,180,1440
T008875,2026-05-01,P013,C002,4,2900,0.0,11600.0,2100,8400
T008876,2026-05-01,P007,C002,3,1850,0.0,5550.0,1200,3600
T008877,2026-05-01,P012,C034,2,5200,8.0,9568.0,3800,7600
T008878,2026-05-01,P008,C013,8,6200,12.0,43648.0,4200,33600
T008879,2026-05-01,P012,C026,2,5200,12.0,9152.0,3800,7600
T008880,2026-05-01,P018,C039,1,78,0.0,78.0,62,62
T008881,2026-05-01,P013,C026,6,2900,8.0,16008.0,2100,12600
T008882,2026-05-01,P011,C021,13,2600,8.0,31096.0,1800,23400
T008883,2026-05-02,P010,C030,9,380,12.0,3009.6,260,2340
T008884,2026-05-02,P002,C037,13,900,0.0,11700.0,650,8450
T008885,2026-05-02,P018,C010,8,78,0.0,624.0,62,496
T008886,2026-05-02,P018,C023,5,78,10.0,351.0,62,310
T008887,2026-05-02,P012,C006,1,5200,12.0,4576.0,3800,3800
T008888,2026-05-02,P020,C009,23,3100,0.0,71300.0,2200,50600
T008889,2026-05-02,P005,C032,2,48,8.0,88.32,32,64
T008890,2026-05-02,P011,C005,10,2600,0.0,26000.0,1800,18000
T008891,2026-05-02,P019,C027,5,230,5.0,1092.5,150,750
T008892,2026-05-03,P007,C034,10,1850,0.0,18500.0,1200,12000
T008893,2026-05-03,P007,C025,1,1850,0.0,1850.0,1200,1200
T008894,2026-05-03,P007,C011,7,1850,0.0,12950.0,1200,8400
T008895,2026-05-03,P017,C038,2,420,12.0,739.2,340,680
T008896,2026-05-03,P011,C023,3,2600,12.0,6864.0,1800,5400
T008897,2026-05-03,P002,C030,4,900,0.0,3600.0,650,2600
T008898,2026-05-03,P012,C019,8,5200,0.0,41600.0,3800,30400
T008899,2026-05-03,P006,C017,1,82,0.0,82.0,55,55
T008900,2026-05-03,P007,C025,3,1850,0.0,5550.0,1200,3600
T008901,2026-05-03,P018,C009,2,78,0.0,156.0,62,124
T008902,2026-05-03,P009,C026,3,600,10.0,1620.0,420,1260
T008903,2026-05-03,P012,C018,4,5200,0.0,20800.0,3800,15200
T008904,2026-05-03,P017,C014,13,420,12.0,4804.8,340,4420
T008905,2026-05-03,P007,C025,10,1850,5.0,17575.0,1200,12000
T008906,2026-05-03,P009,C039,11,600,0.0,6600.0,420,4620
T008907,2026-05-03,P006,C040,8,82,0.0,656.0,55,440
T008908,2026-05-03,P014,C002,11,260,5.0,2717.0,180,1980
T008909,2026-05-03,P014,C024,2,260,0.0,520.0,180,360
T008910,2026-05-03,P007,C003,17,1850,8.0,28934.0,1200,20400
T008911,2026-05-03,P004,C033,1,340,10.0,306.0,220,220
T008912,2026-05-04,P020,C026,3,3100,0.0,9300.0,2200,6600
T008913,2026-05-04,P004,C036,7,340,0.0,2380.0,220,1540
T008914,2026-05-04,P009,C024,9,600,0.0,5400.0,420,3780
T008915,2026-05-04,P012,C018,11,5200,0.0,57200.0,3800,41800
T008916,2026-05-04,P018,C040,4,78,0.0,312.0,62,248
T008917,2026-05-04,P001,C011,7,3200,0.0,22400.0,2400,16800
T008918,2026-05-04,P012,C034,7,5200,10.0,32760.0,3800,26600
T008919,2026-05-04,P008,C008,6,6200,12.0,32736.0,4200,25200
T008920,2026-05-04,P010,C026,7,380,10.0,2394.0,260,1820
T008921,2026-05-04,P012,C034,24,5200,8.0,114816.0,3800,91200
T008922,2026-05-04,P015,C022,3,520,0.0,1560.0,350,1050
T008923,2026-05-04,P007,C021,2,1850,0.0,3700.0,1200,2400
T008924,2026-05-04,P015,C005,3,520,12.0,1372.8,350,1050
T008925,2026-05-04,P010,C002,4,380,0.0,1520.0,260,1040
T008926,2026-05-05,P014,C033,5,260,10.0,1170.0,180,900
T008927,2026-05-05,P019,C020,3,230,8.0,634.8,150,450
T008928,2026-05-05,P020,C035,2,3100,0.0,6200.0,2200,4400
T008929,2026-05-05,P002,C020,3,900,0.0,2700.0,650,1950
T008930,2026-05-05,P019,C025,5,230,0.0,1150.0,150,750
T008931,2026-05-05,P008,C035,6,6200,0.0,37200.0,4200,25200
T008932,2026-05-05,P015,C040,4,520,10.0,1872.0,350,1400
T008933,2026-05-05,P007,C007,1,1850,5.0,1757.5,1200,1200
T008934,2026-05-05,P001,C021,7,3200,0.0,22400.0,2400,16800
T008935,2026-05-05,P017,C017,5,420,10.0,1890.0,340,1700
T008936,2026-05-05,P004,C024,1,340,0.0,340.0,220,220
T008937,2026-05-05,P015,C033,6,520,0.0,3120.0,350,2100
T008938,2026-05-05,P019,C003,1,230,0.0,230.0,150,150
T008939,2026-05-05,P020,C025,4,3100,5.0,11780.0,2200,8800
T008940,2026-05-05,P003,C007,1,1250,0.0,1250.0,900,900
T008941,2026-05-05,P018,C005,2,78,8.0,143.52,62,124
T008942,2026-05-05,P019,C017,8,230,0.0,1840.0,150,1200
T008943,2026-05-05,P012,C026,2,5200,5.0,9880.0,3800,7600
T008944,2026-05-05,P012,C017,3,5200,0.0,15600.0,3800,11400
T008945,2026-05-05,P015,C039,11,520,8.0,5262.4,350,3850
T008946,2026-05-05,P005,C004,1,48,12.0,42.24,32,32
T008947,2026-05-06,P019,C003,1,230,5.0,218.5,150,150
T008948,2026-05-06,P009,C030,1,600,8.0,552.0,420,420
T008949,2026-05-06,P016,C009,6,2100,0.0,12600.0,1400,8400
T008950,2026-05-06,P020,C008,8,3100,8.0,22816.0,2200,17600
T008951,2026-05-06,P010,C027,4,380,0.0,1520.0,260,1040
T008952,2026-05-06,P003,C031,4,1250,5.0,4750.0,900,3600
T008953,2026-05-06,P007,C015,1,1850,0.0,1850.0,1200,1200
T008954,2026-05-06,P010,C007,11,380,5.0,3971.0,260,2860
T008955,2026-05-06,P004,C012,3,340,0.0,1020.0,220,660
T008956,2026-05-06,P012,C028,11,5200,0.0,57200.0,3800,41800
T008957,2026-05-06,P019,C013,5,230,0.0,1150.0,150,750
T008958,2026-05-06,P008,C002,5,6200,0.0,31000.0,4200,21000
T008959,2026-05-06,P015,C016,1,520,8.0,478.4,350,350
T008960,2026-05-06,P015,C004,1,520,0.0,520.0,350,350
T008961,2026-05-06,P003,C040,3,1250,5.0,3562.5,900,2700
T008962,2026-05-06,P009,C003,2,600,8.0,1104.0,420,840
T008963,2026-05-06,P005,C036,6,48,12.0,253.44,32,192
T008964,2026-05-07,P010,C022,4,380,12.0,1337.6,260,1040
T008965,2026-05-07,P011,C037,1,2600,0.0,2600.0,1800,1800
T008966,2026-05-07,P017,C039,1,420,8.0,386.4,340,340
T008967,2026-05-07,P020,C004,6,3100,0.0,18600.0,2200,13200
T008968,2026-05-07,P003,C007,2,1250,10.0,2250.0,900,1800
T008969,2026-05-07,P003,C021,1,1250,0.0,1250.0,900,900
T008970,2026-05-07,P018,C001,-1,78,0.0,702.0,62,558
T008971,2026-05-07,P010,C027,-1,380,0.0,760.0,260,520
T008972,2026-05-07,P011,C032,5,2600,12.0,11440.0,1800,9000
T008973,2026-05-07,P010,C015,4,380,0.0,1520.0,260,1040
T008974,2026-05-07,P006,C027,2,82,10.0,147.6,55,110
T008975,2026-05-07,P009,C040,4,600,0.0,2400.0,420,1680
T008976,2026-05-07,P017,C022,1,420,8.0,386.4,340,340
T008977,2026-05-07,P002,C024,1,900,10.0,810.0,650,650
T008978,2026-05-07,P002,C032,8,900,0.0,7200.0,650,5200
T008979,2026-05-07,P005,C012,5,48,10.0,216.0,32,160
T008980,2026-05-07,P005,C001,5,48,0.0,240.0,32,160
T008981,2026-05-07,P005,C007,1,48,10.0,43.2,32,32
T008982,2026-05-07,P008,C022,10,6200,10.0,55800.0,4200,42000
T008983,2026-05-07,P001,C015,1,3200,0.0,3200.0,2400,2400
T008984,2026-05-08,P008,C012,7,6200,0.0,43400.0,4200,29400
T008985,2026-05-08,P015,C002,2,520,5.0,988.0,350,700
T008986,2026-05-08,P020,C026,4,3100,0.0,12400.0,2200,8800
T008987,2026-05-08,P013,C012,3,2900,12.0,7656.0,2100,6300
T008988,2026-05-08,P011,C024,6,2600,10.0,14040.0,1800,10800
T008989,2026-05-08,P003,C006,6,1250,10.0,6750.0,900,5400
T008990,2026-05-08,P015,C019,2,520,10.0,936.0,350,700
T008991,2026-05-08,P015,C036,5,520,0.0,2600.0,350,1750
T008992,2026-05-08,P011,C011,11,2600,0.0,28600.0,1800,19800
T008993,2026-05-08,P006,C032,7,82,0.0,574.0,55,385
T008994,2026-05-08,P012,C032,4,5200,5.0,19760.0,3800,15200
T008995,2026-05-08,P008,C019,1,6200,5.0,5890.0,4200,4200
T008996,2026-05-08,P014,C019,4,260,10.0,936.0,180,720
T008997,2026-05-08,P014,C011,1,260,0.0,260.0,180,180
T008998,2026-05-08,P002,C023,2,900,0.0,1800.0,650,1300
T008999,2026-05-08,P016,C023,1,2100,0.0,2100.0,1400,1400
T009000,2026-05-09,P020,C033,10,3100,10.0,27900.0,2200,22000
T009001,2026-05-09,P003,C031,3,1250,12.0,3300.0,900,2700
T009002,2026-05-09,P009,C020,8,600,10.0,4320.0,420,3360
T009003,2026-05-09,P015,C011,9,520,0.0,4680.0,350,3150
T009004,2026-05-09,P004,C008,7,340,0.0,2380.0,220,1540
T009005,2026-05-09,P020,C030,4,3100,5.0,11780.0,2200,8800
T009006,2026-05-09,P009,C023,3,600,0.0,1800.0,420,1260
T009007,2026-05-09,P004,C032,10,340,12.0,2992.0,220,2200
T009008,2026-05-09,P003,C027,6,1250,12.0,6600.0,900,5400
T009009,2026-05-09,P009,C006,13,600,12.0,6864.0,420,5460
T009010,2026-05-09,P017,C028,5,420,0.0,2100.0,340,1700
T009011,2026-05-09,P009,C010,11,600,0.0,6600.0,420,4620
T009012,2026-05-09,P010,C020,10,380,0.0,3800.0,260,2600
T009013,2026-05-09,P006,C014,5,82,0.0,410.0,55,275
T009014,2026-05-09,P017,C036,4,420,10.0,1512.0,340,1360
T009015,2026-05-09,P019,C028,2,230,0.0,460.0,150,300
T009016,2026-05-09,P020,C040,8,3100,0.0,24800.0,2200,17600
T009017,2026-05-09,P017,C002,2,420,5.0,798.0,340,680
T009018,2026-05-10,P019,C034,4,230,10.0,828.0,150,600
T009019,2026-05-10,P006,C034,6,82,0.0,492.0,55,330
T009020,2026-05-10,P006,C028,1,82,0.0,82.0,55,55
T009021,2026-05-10,P008,C038,3,6200,0.0,18600.0,4200,12600
T009022,2026-05-10,P018,C012,13,78,5.0,963.3,62,806
T009023,2026-05-10,P005,C037,5,48,5.0,228.0,32,160
T009024,2026-05-10,P011,C037,1,2600,0.0,2600.0,1800,1800
T009025,2026-05-10,P003,C010,9,1250,0.0,11250.0,900,8100
T009026,2026-05-10,P017,C005,6,420,12.0,2217.6,340,2040
T009027,2026-05-10,P018,C035,1,78,0.0,78.0,62,62
T009028,2026-05-10,P002,C022,2,900,0.0,1800.0,650,1300
T009029,2026-05-10,P012,C017,4,5200,8.0,19136.0,3800,15200
T009030,2026-05-10,P002,C011,3,900,0.0,2700.0,650,1950
T009031,2026-05-10,P015,C032,2,520,8.0,956.8,350,700
T009032,2026-05-10,P008,C032,7,6200,5.0,41230.0,4200,29400
T009033,2026-05-10,P018,C025,4,78,8.0,287.04,62,248
T009034,2026-05-10,P005,C013,16,48,0.0,768.0,32,512
T009035,2026-05-10,P012,C037,1,5200,0.0,5200.0,3800,3800
T009036,2026-05-10,P019,C001,8,230,0.0,1840.0,150,1200
T009037,2026-05-10,P016,C004,1,2100,12.0,1848.0,1400,1400
T009038,2026-05-10,P003,C031,1,1250,10.0,1125.0,900,900
T009039,2026-05-10,P016,C040,12,2100,12.0,22176.0,1400,16800
T009040,2026-05-11,P002,C037,3,900,0.0,2700.0,650,1950
T009041,2026-05-11,P016,C029,6,2100,8.0,11592.0,1400,8400
T009042,2026-05-11,P019,C040,4,230,10.0,828.0,150,600
T009043,2026-05-11,P020,C012,9,3100,8.0,25668.0,2200,19800
T009044,2026-05-11,P016,C022,8,2100,0.0,16800.0,1400,11200
T009045,2026-05-12,P006,C022,4,82,0.0,328.0,55,220
T009046,2026-05-12,P009,C018,5,600,0.0,3000.0,420,2100
T009047,2026-05-12,P001,C023,17,3200,10.0,48960.0,2400,40800
T009048,2026-05-12,P012,C020,1,5200,0.0,5200.0,3800,3800
T009049,2026-05-12,P014,C003,3,260,10.0,702.0,180,540
T009050,2026-05-12,P002,C022,10,900,10.0,8100.0,650,6500
T009051,2026-05-12,P016,C018,1,2100,0.0,2100.0,1400,1400
T009052,2026-05-12,P014,C039,8,260,12.0,1830.4,180,1440
T009053,2026-05-12,P020,C016,10,3100,0.0,31000.0,2200,22000
T009054,2026-05-12,P010,C014,15,380,5.0,5415.0,260,3900
T009055,2026-05-12,P015,C040,1,520,12.0,457.6,350,350
T009056,2026-05-12,P006,C034,16,82,0.0,1312.0,55,880
T009057,2026-05-12,P004,C036,-1,340,0.0,2040.0,220,1320
T009058,2026-05-12,P007,C031,-1,1850,5.0,8787.5,1200,6000
T009059,2026-05-12,P012,C011,1,5200,8.0,4784.0,3800,3800
T009060,2026-05-12,P003,C006,10,1250,0.0,12500.0,900,9000
T009061,2026-05-13,P005,C009,9,48,5.0,410.4,32,288
T009062,2026-05-13,P002,C001,7,900,5.0,5985.0,650,4550
T009063,2026-05-13,P014,C015,3,260,12.0,686.4,180,540
T009064,2026-05-13,P003,C032,14,1250,0.0,17500.0,900,12600
T009065,2026-05-13,P012,C036,6,5200,0.0,31200.0,3800,22800
T009066,2026-05-13,P020,C038,12,3100,0.0,37200.0,2200,26400
T009067,2026-05-13,P016,C026,3,2100,12.0,5544.0,1400,4200
T009068,2026-05-14,P019,C034,5,230,5.0,1092.5,150,750
T009069,2026-05-14,P003,C034,9,1250,12.0,9900.0,900,8100
T009070,2026-05-14,P009,C018,6,600,10.0,3240.0,420,2520
T009071,2026-05-14,P016,C004,1,2100,5.0,1995.0,1400,1400
T009072,2026-05-14,P001,C019,2,3200,10.0,5760.0,2400,4800
T009073,2026-05-14,P017,C012,6,420,5.0,2394.0,340,2040
T009074,2026-05-14,P017,C005,9,420,0.0,3780.0,340,3060
T009075,2026-05-14,P017,C014,4,420,0.0,1680.0,340,1360
T009076,2026-05-14,P008,C008,9,6200,0.0,55800.0,4200,37800
T009077,2026-05-15,P019,C022,4,230,8.0,846.4,150,600
T009078,2026-05-15,P005,C003,6,48,12.0,253.44,32,192
T009079,2026-05-15,P013,C040,1,2900,8.0,2668.0,2100,2100
T009080,2026-05-15,P001,C032,5,3200,0.0,16000.0,2400,12000
T009081,2026-05-15,P015,C036,5,520,10.0,2340.0,350,1750
T009082,2026-05-15,P009,C027,2,600,0.0,1200.0,420,840
T009083,2026-05-15,P020,C026,15,3100,12.0,40920.0,2200,33000
T009084,2026-05-15,P008,C027,2,6200,5.0,11780.0,4200,8400
T009085,2026-05-15,P002,C037,5,900,5.0,4275.0,650,3250
T009086,2026-05-15,P012,C006,5,5200,12.0,22880.0,3800,19000
T009087,2026-05-15,P002,C017,2,900,12.0,1584.0,650,1300
T009088,2026-05-15,P012,C006,8,5200,0.0,41600.0,3800,30400
T009089,2026-05-15,P001,C013,6,3200,0.0,19200.0,2400,14400
T009090,2026-05-15,P018,C040,5,78,10.0,351.0,62,310
T009091,2026-05-16,P012,C020,3,5200,0.0,15600.0,3800,11400
T009092,2026-05-16,P015,C002,8,520,10.0,3744.0,350,2800
T009093,2026-05-16,P017,C029,3,420,8.0,1159.2,340,1020
T009094,2026-05-16,P001,C002,2,3200,0.0,6400.0,2400,4800
T009095,2026-05-16,P003,C006,3,1250,12.0,3300.0,900,2700
T009096,2026-05-16,P018,C018,11,78,12.0,755.04,62,682
T009097,2026-05-16,P007,C009,2,1850,0.0,3700.0,1200,2400
T009098,2026-05-16,P006,C029,13,82,5.0,1012.7,55,715
T009099,2026-05-16,P014,C005,8,260,0.0,2080.0,180,1440
T009100,2026-05-16,P013,C028,5,2900,10.0,13050.0,2100,10500
T009101,2026-05-16,P019,C019,1,230,5.0,218.5,150,150
T009102,2026-05-16,P015,C004,7,520,12.0,3203.2,350,2450
T009103,2026-05-16,P004,C018,7,340,0.0,2380.0,220,1540
T009104,2026-05-16,P010,C009,9,380,5.0,3249.0,260,2340
T009105,2026-05-17,P011,C001,1,2600,12.0,2288.0,1800,1800
T009106,2026-05-17,P020,C024,4,3100,0.0,12400.0,2200,8800
T009107,2026-05-17,P012,C026,10,5200,5.0,49400.0,3800,38000
T009108,2026-05-17,P010,C029,5,380,10.0,1710.0,260,1300
T009109,2026-05-17,P007,C031,2,1850,0.0,3700.0,1200,2400
T009110,2026-05-17,P015,C024,13,520,0.0,6760.0,350,4550
T009111,2026-05-17,P013,C012,13,2900,0.0,37700.0,2100,27300
T009112,2026-05-17,P010,C016,1,380,8.0,349.6,260,260
T009113,2026-05-17,P008,C009,2,6200,8.0,11408.0,4200,8400
T009114,2026-05-17,P002,C001,2,900,12.0,1584.0,650,1300
T009115,2026-05-17,P009,C002,6,600,12.0,3168.0,420,2520
T009116,2026-05-17,P015,C034,5,520,10.0,2340.0,350,1750
T009117,2026-05-17,P013,C038,3,2900,12.0,7656.0,2100,6300
T009118,2026-05-17,P013,C029,1,2900,12.0,2552.0,2100,2100
T009119,2026-05-18,P015,C010,6,520,5.0,2964.0,350,2100
T009120,2026-05-18,P001,C009,5,3200,0.0,16000.0,2400,12000
T009121,2026-05-18,P009,C016,1,600,8.0,552.0,420,420
T009122,2026-05-18,P007,C010,4,1850,5.0,7030.0,1200,4800
T009123,2026-05-18,P016,C005,7,2100,12.0,12936.0,1400,9800
T009124,2026-05-18,P008,C005,1,6200,0.0,6200.0,4200,4200
T009125,2026-05-18,P006,C029,11,82,5.0,856.9,55,605
T009126,2026-05-18,P004,C014,4,340,5.0,1292.0,220,880
T009127,2026-05-18,P018,C028,4,78,12.0,274.56,62,248
T009128,2026-05-18,P015,C002,8,520,12.0,3660.8,350,2800
T009129,2026-05-18,P007,C040,9,1850,5.0,15817.5,1200,10800
T009130,2026-05-18,P019,C013,5,230,0.0,1150.0,150,750
T009131,2026-05-18,P002,C009,6,900,10.0,4860.0,650,3900
T009132,2026-05-18,P017,C021,2,420,0.0,840.0,340,680
T009133,2026-05-18,P009,C005,7,600,8.0,3864.0,420,2940
T009134,2026-05-18,P017,C012,1,420,0.0,420.0,340,340
T009135,2026-05-18,P008,C009,7,6200,0.0,43400.0,4200,29400
T009136,2026-05-18,P004,C018,3,340,12.0,897.6,220,660
T009137,2026-05-18,P007,C021,2,1850,0.0,3700.0,1200,2400
T009138,2026-05-19,P002,C002,12,900,0.0,10800.0,650,7800
T009139,2026-05-19,P006,C016,1,82,0.0,82.0,55,55
T009140,2026-05-19,P003,C010,1,1250,10.0,1125.0,900,900
T009141,2026-05-19,P007,C023,1,1850,0.0,1850.0,1200,1200
T009142,2026-05-19,P014,C037,8,260,0.0,2080.0,180,1440
T009143,2026-05-19,P016,C018,13,2100,8.0,25116.0,1400,18200
T009144,2026-05-19,P004,C019,7,340,0.0,2380.0,220,1540
T009145,2026-05-19,P006,C023,6,82,5.0,467.4,55,330
T009146,2026-05-19,P008,C009,20,6200,0.0,124000.0,4200,84000
T009147,2026-05-19,P003,C004,3,1250,0.0,3750.0,900,2700
T009148,2026-05-19,P015,C018,6,520,0.0,3120.0,350,2100
T009149,2026-05-19,P003,C021,4,1250,0.0,5000.0,900,3600
T009150,2026-05-19,P013,C018,11,2900,12.0,28072.0,2100,23100
T009151,2026-05-19,P015,C025,4,520,5.0,1976.0,350,1400
T009152,2026-05-20,P016,C035,1,2100,0.0,2100.0,1400,1400
T009153,2026-05-20,P002,C034,2,900,0.0,1800.0,650,1300
T009154,2026-05-20,P012,C026,11,5200,0.0,57200.0,3800,41800
T009155,2026-05-20,P010,C013,6,380,10.0,2052.0,260,1560
T009156,2026-05-20,P011,C022,3,2600,12.0,6864.0,1800,5400
T009157,2026-05-20,P010,C006,8,380,10.0,2736.0,260,2080
T009158,2026-05-20,P014,C035,4,260,10.0,936.0,180,720
T009159,2026-05-20,P004,C030,2,340,10.0,612.0,220,440
T009160,2026-05-20,P015,C007,1,520,0.0,520.0,350,350
T009161,2026-05-20,P016,C035,9,2100,0.0,18900.0,1400,12600
T009162,2026-05-20,P007,C039,2,1850,0.0,3700.0,1200,2400
T009163,2026-05-20,P004,C020,4,340,8.0,1251.2,220,880
T009164,2026-05-20,P004,C010,3,340,5.0,969.0,220,660
T009165,2026-05-20,P009,C012,4,600,12.0,2112.0,420,1680
T009166,2026-05-20,P008,C011,2,6200,12.0,10912.0,4200,8400
T009167,2026-05-20,P016,C017,9,2100,0.0,18900.0,1400,12600
T009168,2026-05-21,P004,C027,17,340,5.0,5491.0,220,3740
T009169,2026-05-21,P012,C024,3,5200,12.0,13728.0,3800,11400
T009170,2026-05-21,P005,C002,1,48,0.0,48.0,32,32
T009171,2026-05-21,P002,C040,4,900,0.0,3600.0,650,2600
T009172,2026-05-21,P006,C004,7,82,10.0,516.6,55,385
T009173,2026-05-21,P001,C018,5,3200,8.0,14720.0,2400,12000
T009174,2026-05-21,P019,C015,9,230,8.0,1904.4,150,1350
T009175,2026-05-21,P003,C004,10,1250,12.0,11000.0,900,9000
T009176,2026-05-21,P014,C028,11,260,12.0,2516.8,180,1980
T009177,2026-05-21,P015,C016,7,520,5.0,3458.0,350,2450
T009178,2026-05-21,P013,C002,3,2900,8.0,8004.0,2100,6300
T009179,2026-05-21,P009,C014,4,600,0.0,2400.0,420,1680
T009180,2026-05-21,P007,C032,6,1850,12.0,9768.0,1200,7200
T009181,2026-05-21,P017,C024,1,420,0.0,420.0,340,340
T009182,2026-05-21,P017,C017,19,420,0.0,7980.0,340,6460
T009183,2026-05-21,P009,C021,7,600,0.0,4200.0,420,2940
T009184,2026-05-21,P007,C011,1,1850,12.0,1628.0,1200,1200
T009185,2026-05-21,P008,C035,9,6200,5.0,53010.0,4200,37800
T009186,2026-05-21,P018,C030,1,78,10.0,70.2,62,62
T009187,2026-05-21,P008,C007,4,6200,8.0,22816.0,4200,16800
T009188,2026-05-22,P002,C029,3,900,0.0,2700.0,650,1950
T009189,2026-05-22,P013,C037,3,2900,12.0,7656.0,2100,6300
T009190,2026-05-22,P015,C014,4,520,0.0,2080.0,350,1400
T009191,2026-05-22,P018,C015,4,78,10.0,280.8,62,248
T009192,2026-05-22,P004,C029,5,340,10.0,1530.0,220,1100
T009193,2026-05-22,P005,C028,4,48,5.0,182.4,32,128
T009194,2026-05-22,P003,C037,6,1250,0.0,7500.0,900,5400
T009195,2026-05-22,P002,C036,2,900,0.0,1800.0,650,1300
T009196,2026-05-22,P005,C015,7,48,5.0,319.2,32,224
T009197,2026-05-22,P005,C016,1,48,0.0,48.0,32,32
T009198,2026-05-23,P015,C019,1,520,5.0,494.0,350,350
T009199,2026-05-23,P014,C004,4,260,0.0,1040.0,180,720
T009200,2026-05-23,P004,C004,2,340,12.0,598.4,220,440
T009201,2026-05-23,P011,C013,5,2600,0.0,13000.0,1800,9000
T009202,2026-05-23,P001,C005,6,3200,12.0,16896.0,2400,14400
T009203,2026-05-23,P019,C024,1,230,0.0,230.0,150,150
T009204,2026-05-23,P001,C016,3,3200,8.0,8832.0,2400,7200
T009205,2026-05-23,P004,C007,5,340,10.0,1530.0,220,1100
T009206,2026-05-23,P003,C037,3,1250,0.0,3750.0,900,2700
T009207,2026-05-23,P009,C012,7,600,0.0,4200.0,420,2940
T009208,2026-05-23,P018,C004,9,78,0.0,702.0,62,558
T009209,2026-05-23,P017,C035,11,420,10.0,4158.0,340,3740
T009210,2026-05-23,P020,C006,18,3100,0.0,55800.0,2200,39600
T009211,2026-05-23,P015,C026,6,520,8.0,2870.4,350,2100
T009212,2026-05-23,P017,C007,5,420,0.0,2100.0,340,1700
T009213,2026-05-23,P002,C016,4,900,10.0,3240.0,650,2600
T009214,2026-05-23,P002,C010,1,900,8.0,828.0,650,650
T009215,2026-05-23,P018,C003,20,78,0.0,1560.0,62,1240
T009216,2026-05-24,P020,C022,6,3100,12.0,16368.0,2200,13200
T009217,2026-05-24,P007,C021,13,1850,0.0,24050.0,1200,15600
T009218,2026-05-24,P010,C004,5,380,0.0,1900.0,260,1300
T009219,2026-05-24,P011,C017,1,2600,0.0,2600.0,1800,1800
T009220,2026-05-24,P009,C022,6,600,0.0,3600.0,420,2520
T009221,2026-05-24,P014,C038,1,260,0.0,260.0,180,180
T009222,2026-05-24,P002,C040,5,900,0.0,4500.0,650,3250
T009223,2026-05-24,P007,C004,15,1850,0.0,27750.0,1200,18000
T009224,2026-05-24,P005,C036,10,48,10.0,432.0,32,320
T009225,2026-05-24,P019,C009,3,230,0.0,690.0,150,450
T009226,2026-05-24,P012,C030,10,5200,12.0,45760.0,3800,38000
T009227,2026-05-24,P013,C029,8,2900,10.0,20880.0,2100,16800
T009228,2026-05-24,P006,C012,9,82,0.0,738.0,55,495
T009229,2026-05-24,P003,C004,2,1250,0.0,2500.0,900,1800
T009230,2026-05-24,P015,C034,2,520,0.0,1040.0,350,700
T009231,2026-05-25,P001,C036,1,3200,12.0,2816.0,2400,2400
T009232,2026-05-25,P020,C025,7,3100,10.0,19530.0,2200,15400
T009233,2026-05-25,P017,C010,3,420,5.0,1197.0,340,1020
T009234,2026-05-25,P015,C001,14,520,0.0,7280.0,350,4900
T009235,2026-05-25,P005,C007,10,48,5.0,456.0,32,320
T009236,2026-05-25,P019,C021,5,230,10.0,1035.0,150,750
T009237,2026-05-25,P003,C035,9,1250,0.0,11250.0,900,8100
T009238,2026-05-25,P016,C004,1,2100,10.0,1890.0,1400,1400
T009239,2026-05-25,P015,C013,6,520,0.0,3120.0,350,2100
T009240,2026-05-25,P008,C012,6,6200,0.0,37200.0,4200,25200
T009241,2026-05-25,P002,C003,22,900,0.0,19800.0,650,14300
T009242,2026-05-25,P014,C029,12,260,0.0,3120.0,180,2160
T009243,2026-05-26,P009,C009,7,600,0.0,4200.0,420,2940
T009244,2026-05-26,P009,C027,1,600,0.0,600.0,420,420
T009245,2026-05-26,P012,C020,2,5200,0.0,10400.0,3800,7600
T009246,2026-05-26,P019,C015,3,230,12.0,607.2,150,450
T009247,2026-05-26,P014,C034,2,260,0.0,520.0,180,360
T009248,2026-05-26,P001,C001,3,3200,0.0,9600.0,2400,7200
T009249,2026-05-26,P018,C018,3,78,10.0,210.6,62,186
T009250,2026-05-26,P006,C036,2,82,8.0,150.88,55,110
T009251,2026-05-26,P007,C040,5,1850,0.0,9250.0,1200,6000
T009252,2026-05-26,P005,C038,10,48,0.0,480.0,32,320
T009253,2026-05-26,P018,C019,-1,78,0.0,156.0,62,124
T009254,2026-05-26,P005,C014,6,48,0.0,288.0,32,192
T009255,2026-05-27,P019,C007,11,230,12.0,2226.4,150,1650
T009256,2026-05-27,P010,C021,1,380,12.0,334.4,260,260
T009257,2026-05-27,P005,C020,10,48,0.0,480.0,32,320
T009258,2026-05-27,P006,C023,1,82,10.0,73.8,55,55
T009259,2026-05-27,P001,C028,5,3200,8.0,14720.0,2400,12000
T009260,2026-05-27,P007,C039,6,1850,0.0,11100.0,1200,7200
T009261,2026-05-27,P003,C035,2,1250,8.0,2300.0,900,1800
T009262,2026-05-27,P006,C018,14,82,0.0,1148.0,55,770
T009263,2026-05-27,P018,C033,2,78,5.0,148.2,62,124
T009264,2026-05-27,P017,C039,23,420,0.0,9660.0,340,7820
T009265,2026-05-27,P005,C032,4,48,0.0,192.0,32,128
T009266,2026-05-27,P005,C036,6,48,0.0,288.0,32,192
T009267,2026-05-27,P019,C018,1,230,0.0,230.0,150,150
T009268,2026-05-27,P018,C001,1,78,0.0,78.0,62,62
T009269,2026-05-28,P009,C019,3,600,10.0,1620.0,420,1260
T009270,2026-05-28,P005,C020,5,48,5.0,228.0,32,160
T009271,2026-05-28,P003,C036,1,1250,12.0,1100.0,900,900
T009272,2026-05-28,P004,C036,9,340,8.0,2815.2,220,1980
T009273,2026-05-28,P015,C040,6,520,0.0,3120.0,350,2100
T009274,2026-05-28,P020,C040,4,3100,12.0,10912.0,2200,8800
T009275,2026-05-28,P020,C014,14,3100,0.0,43400.0,2200,30800
T009276,2026-05-28,P008,C006,10,6200,0.0,62000.0,4200,42000
T009277,2026-05-28,P002,C003,20,900,0.0,18000.0,650,13000
T009278,2026-05-28,P020,C029,12,3100,0.0,37200.0,2200,26400
T009279,2026-05-28,P019,C004,6,230,12.0,1214.4,150,900
T009280,2026-05-28,P020,C011,5,3100,0.0,15500.0,2200,11000
T009281,2026-05-28,P001,C004,8,3200,10.0,23040.0,2400,19200
T009282,2026-05-28,P001,C004,5,3200,8.0,14720.0,2400,12000
T009283,2026-05-28,P011,C032,2,2600,0.0,5200.0,1800,3600
T009284,2026-05-29,P017,C016,2,420,0.0,840.0,340,680
T009285,2026-05-29,P020,C038,5,3100,12.0,13640.0,2200,11000
T009286,2026-05-29,P012,C002,2,5200,0.0,10400.0,3800,7600
T009287,2026-05-29,P013,C006,5,2900,0.0,14500.0,2100,10500
T009288,2026-05-29,P001,C003,11,3200,0.0,35200.0,2400,26400
T009289,2026-05-29,P006,C039,2,82,10.0,147.6,55,110
T009290,2026-05-29,P017,C030,3,420,8.0,1159.2,340,1020
T009291,2026-05-29,P012,C017,3,5200,12.0,13728.0,3800,11400
T009292,2026-05-29,P013,C013,5,2900,10.0,13050.0,2100,10500
T009293,2026-05-30,P003,C020,3,1250,12.0,3300.0,900,2700
T009294,2026-05-30,P014,C016,1,260,10.0,234.0,180,180
T009295,2026-05-30,P012,C011,5,5200,0.0,26000.0,3800,19000
T009296,2026-05-30,P018,C002,1,78,10.0,70.2,62,62
T009297,2026-05-30,P005,C001,9,48,0.0,432.0,32,288
T009298,2026-05-30,P019,C030,2,230,10.0,414.0,150,300
T009299,2026-05-30,P012,C021,5,5200,0.0,26000.0,3800,19000
T009300,2026-05-30,P015,C005,8,520,0.0,4160.0,350,2800
T009301,2026-05-30,P019,C014,3,230,0.0,690.0,150,450
T009302,2026-05-30,P004,C038,2,340,0.0,680.0,220,440
T009303,2026-05-30,P016,C014,8,2100,12.0,14784.0,1400,11200
T009304,2026-05-30,P004,C034,11,340,0.0,3740.0,220,2420
T009305,2026-05-30,P008,C015,4,6200,12.0,21824.0,4200,16800
T009306,2026-05-31,P019,C010,5,230,5.0,1092.5,150,750
T009307,2026-05-31,P010,C040,1,380,0.0,380.0,260,260
T009308,2026-05-31,P017,C024,3,420,10.0,1134.0,340,1020
T009309,2026-05-31,P005,C027,4,48,0.0,192.0,32,128
T009310,2026-05-31,P003,C020,9,1250,12.0,9900.0,900,8100
T009311,2026-05-31,P008,C035,7,6200,0.0,43400.0,4200,29400
T009312,2026-05-31,P017,C004,5,420,0.0,2100.0,340,1700
T009313,2026-05-31,P003,C038,4,1250,0.0,5000.0,900,3600
T009314,2026-05-31,P002,C024,1,900,12.0,792.0,650,650
T009315,2026-06-01,P007,C016,20,1850,0.0,37000.0,1200,24000
T009316,2026-06-01,P014,C009,10,260,5.0,2470.0,180,1800
T009317,2026-06-01,P018,C032,10,78,5.0,741.0,62,620
T009318,2026-06-01,P006,C028,7,82,0.0,574.0,55,385
T009319,2026-06-01,P015,C025,3,520,12.0,1372.8,350,1050
T009320,2026-06-01,P002,C037,2,900,8.0,1656.0,650,1300
T009321,2026-06-01,P011,C012,1,2600,0.0,2600.0,1800,1800
T009322,2026-06-01,P009,C003,2,600,0.0,1200.0,420,840
T009323,2026-06-01,P011,C022,1,2600,8.0,2392.0,1800,1800
T009324,2026-06-01,P011,C017,6,2600,12.0,13728.0,1800,10800
T009325,2026-06-02,P015,C019,1,520,12.0,457.6,350,350
T009326,2026-06-02,P008,C035,3,6200,0.0,18600.0,4200,12600
T009327,2026-06-02,P002,C006,1,900,12.0,792.0,650,650
T009328,2026-06-02,P007,C004,1,1850,8.0,1702.0,1200,1200
T009329,2026-06-02,P016,C017,3,2100,0.0,6300.0,1400,4200
T009330,2026-06-02,P019,C006,5,230,0.0,1150.0,150,750
T009331,2026-06-02,P009,C008,2,600,12.0,1056.0,420,840
T009332,2026-06-03,P003,C013,1,1250,0.0,1250.0,900,900
T009333,2026-06-03,P012,C001,4,5200,0.0,20800.0,3800,15200
T009334,2026-06-03,P007,C024,7,1850,0.0,12950.0,1200,8400
T009335,2026-06-03,P019,C017,2,230,10.0,414.0,150,300
T009336,2026-06-03,P003,C019,5,1250,0.0,6250.0,900,4500
T009337,2026-06-03,P003,C009,1,1250,0.0,1250.0,900,900
T009338,2026-06-03,P020,C004,11,3100,0.0,34100.0,2200,24200
T009339,2026-06-03,P010,C036,1,380,5.0,361.0,260,260
T009340,2026-06-03,P010,C019,13,380,0.0,4940.0,260,3380
T009341,2026-06-03,P015,C019,12,520,0.0,6240.0,350,4200
T009342,2026-06-03,P001,C020,4,3200,0.0,12800.0,2400,9600
T009343,2026-06-04,P001,C001,6,3200,8.0,17664.0,2400,14400
T009344,2026-06-04,P007,C029,3,1850,0.0,5550.0,1200,3600
T009345,2026-06-04,P016,C018,2,2100,12.0,3696.0,1400,2800
T009346,2026-06-04,P014,C014,3,260,5.0,741.0,180,540
T009347,2026-06-04,P017,C022,9,420,0.0,3780.0,340,3060
T009348,2026-06-05,P014,C013,1,260,5.0,247.0,180,180
T009349,2026-06-05,P018,C009,2,78,0.0,156.0,62,124
T009350,2026-06-05,P004,C028,4,340,10.0,1224.0,220,880
T009351,2026-06-05,P009,C031,1,600,0.0,600.0,420,420
T009352,2026-06-05,P018,C036,10,78,12.0,686.4,62,620
T009353,2026-06-05,P017,C015,12,420,12.0,4435.2,340,4080
T009354,2026-06-05,P020,C006,2,3100,5.0,5890.0,2200,4400
T009355,2026-06-05,P020,C012,5,3100,5.0,14725.0,2200,11000
T009356,2026-06-05,P007,C024,1,1850,0.0,1850.0,1200,1200
T009357,2026-06-05,P018,C015,7,78,0.0,546.0,62,434
T009358,2026-06-05,P020,C021,8,3100,8.0,22816.0,2200,17600
T009359,2026-06-06,P016,C007,5,2100,5.0,9975.0,1400,7000
T009360,2026-06-06,P008,C035,10,6200,5.0,58900.0,4200,42000
T009361,2026-06-06,P016,C023,5,2100,12.0,9240.0,1400,7000
T009362,2026-06-06,P003,C026,2,1250,0.0,2500.0,900,1800
T009363,2026-06-06,P001,C012,8,3200,0.0,25600.0,2400,19200
T009364,2026-06-06,P013,C016,10,2900,0.0,29000.0,2100,21000
T009365,2026-06-06,P015,C038,10,520,5.0,4940.0,350,3500
T009366,2026-06-07,P019,C006,1,230,12.0,202.4,150,150
T009367,2026-06-07,P006,C021,11,82,8.0,829.84,55,605
T009368,2026-06-07,P002,C034,2,900,5.0,1710.0,650,1300
T009369,2026-06-07,P007,C028,7,1850,10.0,11655.0,1200,8400
T009370,2026-06-07,P011,C008,11,2600,12.0,25168.0,1800,19800
T009371,2026-06-07,P007,C035,1,1850,0.0,1850.0,1200,1200
T009372,2026-06-07,P014,C029,4,260,12.0,915.2,180,720
T009373,2026-06-07,P002,C024,1,900,10.0,810.0,650,650
T009374,2026-06-07,P006,C005,8,82,0.0,656.0,55,440
T009375,2026-06-07,P012,C024,8,5200,0.0,41600.0,3800,30400
T009376,2026-06-07,P001,C021,13,3200,0.0,41600.0,2400,31200
T009377,2026-06-08,P007,C039,12,1850,12.0,19536.0,1200,14400
T009378,2026-06-08,P005,C019,1,48,0.0,48.0,32,32
T009379,2026-06-08,P008,C018,1,6200,0.0,6200.0,4200,4200
T009380,2026-06-08,P013,C016,2,2900,10.0,5220.0,2100,4200
T009381,2026-06-08,P010,C018,9,380,10.0,3078.0,260,2340
T009382,2026-06-08,P005,C031,9,48,8.0,397.44,32,288
T009383,2026-06-08,P002,C025,10,900,0.0,9000.0,650,6500
T009384,2026-06-08,P014,C024,1,260,0.0,260.0,180,180
T009385,2026-06-09,P019,C013,4,230,0.0,920.0,150,600
T009386,2026-06-09,P017,C020,10,420,5.0,3990.0,340,3400
T009387,2026-06-09,P015,C032,2,520,8.0,956.8,350,700
T009388,2026-06-09,P013,C033,4,2900,8.0,10672.0,2100,8400
T009389,2026-06-09,P002,C011,6,900,12.0,4752.0,650,3900
T009390,2026-06-10,P002,C022,10,900,0.0,9000.0,650,6500
T009391,2026-06-10,P010,C010,7,380,10.0,2394.0,260,1820
T009392,2026-06-10,P019,C009,3,230,5.0,655.5,150,450
T009393,2026-06-10,P003,C033,8,1250,0.0,10000.0,900,7200
T009394,2026-06-10,P012,C039,8,5200,0.0,41600.0,3800,30400
T009395,2026-06-10,P001,C001,2,3200,8.0,5888.0,2400,4800
T009396,2026-06-10,P010,C002,8,380,5.0,2888.0,260,2080
T009397,2026-06-10,P005,C040,3,48,10.0,129.6,32,96
T009398,2026-06-10,P011,C039,3,2600,12.0,6864.0,1800,5400
T009399,2026-06-10,P014,C022,5,260,0.0,1300.0,180,900
T009400,2026-06-10,P009,C036,2,600,0.0,1200.0,420,840
T009401,2026-06-10,P004,C018,14,340,8.0,4379.2,220,3080
T009402,2026-06-10,P013,C022,9,2900,0.0,26100.0,2100,18900
T009403,2026-06-10,P010,C030,4,380,12.0,1337.6,260,1040
T009404,2026-06-10,P006,C027,3,82,0.0,246.0,55,165
T009405,2026-06-11,P014,C025,1,260,8.0,239.2,180,180
T009406,2026-06-11,P006,C018,2,82,5.0,155.8,55,110
T009407,2026-06-11,P013,C040,1,2900,8.0,2668.0,2100,2100
T009408,2026-06-11,P011,C034,6,2600,8.0,14352.0,1800,10800
T009409,2026-06-11,P015,C002,3,520,8.0,1435.2,350,1050
T009410,2026-06-11,P002,C006,6,900,0.0,5400.0,650,3900
T009411,2026-06-11,P008,C016,11,6200,5.0,64790.0,4200,46200
T009412,2026-06-12,P016,C009,16,2100,12.0,29568.0,1400,22400
T009413,2026-06-12,P007,C031,14,1850,8.0,23828.0,1200,16800
T009414,2026-06-12,P007,C025,2,1850,0.0,3700.0,1200,2400
T009415,2026-06-12,P009,C029,6,600,0.0,3600.0,420,2520
T009416,2026-06-12,P002,C011,2,900,12.0,1584.0,650,1300
T009417,2026-06-12,P002,C031,9,900,12.0,7128.0,650,5850
T009418,2026-06-12,P014,C019,4,260,0.0,1040.0,180,720
T009419,2026-06-12,P014,C005,9,260,0.0,2340.0,180,1620
T009420,2026-06-13,P015,C001,2,520,0.0,1040.0,350,700
T009421,2026-06-13,P019,C036,3,230,12.0,607.2,150,450
T009422,2026-06-13,P013,C010,2,2900,0.0,5800.0,2100,4200
T009423,2026-06-13,P006,C021,8,82,0.0,656.0,55,440
T009424,2026-06-13,P008,C005,5,6200,0.0,31000.0,4200,21000
T009425,2026-06-13,P017,C001,3,420,0.0,1260.0,340,1020
T009426,2026-06-13,P005,C005,4,48,10.0,172.8,32,128
T009427,2026-06-13,P003,C028,4,1250,8.0,4600.0,900,3600
T009428,2026-06-13,P014,C024,5,260,10.0,1170.0,180,900
T009429,2026-06-13,P001,C007,13,3200,10.0,37440.0,2400,31200
T009430,2026-06-13,P002,C022,2,900,5.0,1710.0,650,1300
T009431,2026-06-13,P015,C028,2,520,5.0,988.0,350,700
T009432,2026-06-13,P012,C014,11,5200,12.0,50336.0,3800,41800
T009433,2026-06-14,P001,C009,1,3200,5.0,3040.0,2400,2400
T009434,2026-06-14,P014,C025,3,260,0.0,780.0,180,540
T009435,2026-06-14,P007,C025,1,1850,8.0,1702.0,1200,1200
T009436,2026-06-14,P018,C005,5,78,12.0,343.2,62,310
T009437,2026-06-14,P007,C005,7,1850,12.0,11396.0,1200,8400
T009438,2026-06-14,P011,C040,7,2600,10.0,16380.0,1800,12600
T009439,2026-06-14,P004,C007,7,340,5.0,2261.0,220,1540
T009440,2026-06-15,P007,C005,4,1850,0.0,7400.0,1200,4800
T009441,2026-06-15,P002,C030,4,900,0.0,3600.0,650,2600
T009442,2026-06-15,P006,C001,5,82,12.0,360.8,55,275
T009443,2026-06-15,P009,C002,3,600,0.0,1800.0,420,1260
T009444,2026-06-15,P013,C021,5,2900,10.0,13050.0,2100,10500
T009445,2026-06-15,P009,C039,1,600,12.0,528.0,420,420
T009446,2026-06-15,P015,C032,1,520,0.0,520.0,350,350
T009447,2026-06-16,P010,C007,5,380,5.0,1805.0,260,1300
T009448,2026-06-16,P009,C021,12,600,8.0,6624.0,420,5040
T009449,2026-06-16,P014,C016,1,260,10.0,234.0,180,180
T009450,2026-06-16,P001,C038,3,3200,0.0,9600.0,2400,7200
T009451,2026-06-16,P003,C013,14,1250,8.0,16100.0,900,12600
T009452,2026-06-16,P004,C002,1,340,0.0,340.0,220,220
T009453,2026-06-17,P002,C018,6,900,0.0,5400.0,650,3900
T009454,2026-06-17,P016,C001,5,2100,0.0,10500.0,1400,7000
T009455,2026-06-17,P018,C036,3,78,12.0,205.92,62,186
T009456,2026-06-17,P005,C018,1,48,12.0,42.24,32,32
T009457,2026-06-17,P012,C039,13,5200,5.0,64220.0,3800,49400
T009458,2026-06-17,P013,C040,6,2900,0.0,17400.0,2100,12600
T009459,2026-06-17,P005,C015,9,48,5.0,410.4,32,288
T009460,2026-06-17,P005,C037,3,48,0.0,144.0,32,96
T009461,2026-06-17,P016,C033,2,2100,0.0,4200.0,1400,2800
T009462,2026-06-17,P012,C020,5,5200,5.0,24700.0,3800,19000
T009463,2026-06-17,P002,C011,3,900,0.0,2700.0,650,1950
T009464,2026-06-18,P007,C030,1,1850,0.0,1850.0,1200,1200
T009465,2026-06-18,P019,C014,3,230,12.0,607.2,150,450
T009466,2026-06-18,P018,C012,3,78,12.0,205.92,62,186
T009467,2026-06-18,P009,C027,1,600,5.0,570.0,420,420
T009468,2026-06-18,P008,C039,1,6200,10.0,5580.0,4200,4200
T009469,2026-06-18,P003,C007,3,1250,8.0,3450.0,900,2700
T009470,2026-06-18,P004,C014,7,340,0.0,2380.0,220,1540
T009471,2026-06-18,P006,C024,7,82,0.0,574.0,55,385
T009472,2026-06-18,P008,C037,11,6200,10.0,61380.0,4200,46200
T009473,2026-06-18,P017,C028,16,420,0.0,6720.0,340,5440
T009474,2026-06-18,P009,C037,5,600,0.0,3000.0,420,2100
T009475,2026-06-18,P011,C009,13,2600,12.0,29744.0,1800,23400
T009476,2026-06-19,P010,C007,2,380,8.0,699.2,260,520
T009477,2026-06-19,P012,C011,5,5200,0.0,26000.0,3800,19000
T009478,2026-06-19,P017,C012,3,420,10.0,1134.0,340,1020
T009479,2026-06-19,P010,C004,10,380,5.0,3610.0,260,2600
T009480,2026-06-19,P017,C030,3,420,0.0,1260.0,340,1020
T009481,2026-06-19,P016,C027,1,2100,5.0,1995.0,1400,1400
T009482,2026-06-19,P015,C031,2,520,10.0,936.0,350,700
T009483,2026-06-19,P005,C013,8,48,0.0,384.0,32,256
T009484,2026-06-19,P003,C038,1,1250,12.0,1100.0,900,900
T009485,2026-06-19,P004,C036,2,340,0.0,680.0,220,440
T009486,2026-06-19,P012,C027,5,5200,10.0,23400.0,3800,19000
T009487,2026-06-19,P013,C018,8,2900,5.0,22040.0,2100,16800
T009488,2026-06-20,P001,C006,1,3200,5.0,3040.0,2400,2400
T009489,2026-06-20,P010,C005,9,380,12.0,3009.6,260,2340
T009490,2026-06-20,P018,C023,13,78,8.0,932.88,62,806
T009491,2026-06-20,P017,C025,1,420,10.0,378.0,340,340
T009492,2026-06-20,P009,C018,1,600,0.0,600.0,420,420
T009493,2026-06-21,P003,C024,2,1250,12.0,2200.0,900,1800
T009494,2026-06-21,P014,C024,5,260,12.0,1144.0,180,900
T009495,2026-06-21,P003,C018,3,1250,0.0,3750.0,900,2700
T009496,2026-06-21,P003,C013,5,1250,0.0,6250.0,900,4500
T009497,2026-06-21,P011,C017,13,2600,0.0,33800.0,1800,23400
T009498,2026-06-21,P006,C020,7,82,0.0,574.0,55,385
T009499,2026-06-21,P016,C022,25,2100,10.0,47250.0,1400,35000
T009500,2026-06-21,P001,C011,18,3200,0.0,57600.0,2400,43200
T009501,2026-06-21,P014,C025,6,260,12.0,1372.8,180,1080
T009502,2026-06-21,P014,C010,10,260,5.0,2470.0,180,1800
T009503,2026-06-21,P003,C024,2,1250,0.0,2500.0,900,1800
T009504,2026-06-22,P004,C040,8,340,0.0,2720.0,220,1760
T009505,2026-06-22,P020,C033,5,3100,10.0,13950.0,2200,11000
T009506,2026-06-22,P002,C026,-1,900,12.0,3168.0,650,2600
T009507,2026-06-22,P006,C014,10,82,5.0,779.0,55,550
T009508,2026-06-22,P010,C037,8,380,10.0,2736.0,260,2080
T009509,2026-06-22,P007,C035,3,1850,5.0,5272.5,1200,3600
T009510,2026-06-22,P003,C037,1,1250,0.0,1250.0,900,900
T009511,2026-06-23,P012,C020,10,5200,0.0,52000.0,3800,38000
T009512,2026-06-23,P019,C005,1,230,8.0,211.6,150,150
T009513,2026-06-23,P006,C035,8,82,0.0,656.0,55,440
T009514,2026-06-23,P004,C031,4,340,12.0,1196.8,220,880
T009515,2026-06-23,P009,C021,1,600,5.0,570.0,420,420
T009516,2026-06-23,P018,C038,13,78,12.0,892.32,62,806
T009517,2026-06-23,P005,C018,14,48,0.0,672.0,32,448
T009518,2026-06-23,P002,C027,8,900,0.0,7200.0,650,5200
T009519,2026-06-23,P001,C024,5,3200,0.0,16000.0,2400,12000
T009520,2026-06-23,P006,C040,6,82,8.0,452.64,55,330
T009521,2026-06-23,P013,C039,10,2900,0.0,29000.0,2100,21000
T009522,2026-06-24,P004,C016,2,340,10.0,612.0,220,440
T009523,2026-06-24,P003,C034,2,1250,0.0,2500.0,900,1800
T009524,2026-06-24,P007,C038,10,1850,10.0,16650.0,1200,12000
T009525,2026-06-24,P007,C028,6,1850,5.0,10545.0,1200,7200
T009526,2026-06-24,P020,C035,8,3100,10.0,22320.0,2200,17600
T009527,2026-06-24,P002,C014,10,900,0.0,9000.0,650,6500
T009528,2026-06-24,P002,C028,2,900,0.0,1800.0,650,1300
T009529,2026-06-24,P007,C040,5,1850,5.0,8787.5,1200,6000
T009530,2026-06-24,P010,C021,5,380,10.0,1710.0,260,1300
T009531,2026-06-24,P018,C015,1,78,0.0,78.0,62,62
T009532,2026-06-24,P001,C016,8,3200,5.0,24320.0,2400,19200
T009533,2026-06-24,P014,C035,2,260,10.0,468.0,180,360
T009534,2026-06-24,P003,C028,4,1250,12.0,4400.0,900,3600
T009535,2026-06-25,P017,C017,3,420,0.0,1260.0,340,1020
T009536,2026-06-25,P016,C036,3,2100,5.0,5985.0,1400,4200
T009537,2026-06-25,P016,C039,3,2100,0.0,6300.0,1400,4200
T009538,2026-06-25,P011,C026,6,2600,5.0,14820.0,1800,10800
T009539,2026-06-25,P017,C011,1,420,12.0,369.6,340,340
T009540,2026-06-25,P004,C004,4,340,10.0,1224.0,220,880
T009541,2026-06-25,P003,C035,2,1250,5.0,2375.0,900,1800
T009542,2026-06-25,P001,C001,4,3200,5.0,12160.0,2400,9600
T009543,2026-06-25,P011,C017,2,2600,0.0,5200.0,1800,3600
T009544,2026-06-25,P019,C026,1,230,8.0,211.6,150,150
T009545,2026-06-25,P019,C019,2,230,12.0,404.8,150,300
T009546,2026-06-26,P015,C025,5,520,8.0,2392.0,350,1750
T009547,2026-06-26,P015,C029,5,520,0.0,2600.0,350,1750
T009548,2026-06-26,P008,C032,10,6200,0.0,62000.0,4200,42000
T009549,2026-06-26,P006,C016,5,82,0.0,410.0,55,275
T009550,2026-06-26,P007,C037,5,1850,0.0,9250.0,1200,6000
T009551,2026-06-26,P010,C030,2,380,10.0,684.0,260,520
T009552,2026-06-26,P019,C012,5,230,12.0,1012.0,150,750
T009553,2026-06-26,P009,C001,4,600,12.0,2112.0,420,1680
T009554,2026-06-26,P004,C023,1,340,12.0,299.2,220,220
T009555,2026-06-27,P016,C016,6,2100,8.0,11592.0,1400,8400
T009556,2026-06-27,P008,C018,7,6200,8.0,39928.0,4200,29400
T009557,2026-06-27,P012,C030,3,5200,10.0,14040.0,3800,11400
T009558,2026-06-27,P007,C013,5,1850,0.0,9250.0,1200,6000
T009559,2026-06-27,P020,C035,1,3100,8.0,2852.0,2200,2200
T009560,2026-06-27,P004,C011,8,340,0.0,2720.0,220,1760
T009561,2026-06-27,P010,C037,3,380,0.0,1140.0,260,780
T009562,2026-06-27,P016,C015,16,2100,0.0,33600.0,1400,22400
T009563,2026-06-28,P009,C011,2,600,0.0,1200.0,420,840
T009564,2026-06-28,P014,C017,6,260,10.0,1404.0,180,1080
T009565,2026-06-28,P018,C029,7,78,0.0,546.0,62,434
T009566,2026-06-28,P007,C025,1,1850,0.0,1850.0,1200,1200
T009567,2026-06-28,P002,C014,1,900,12.0,792.0,650,650
T009568,2026-06-28,P004,C038,5,340,0.0,1700.0,220,1100
T009569,2026-06-28,P003,C014,4,1250,12.0,4400.0,900,3600
T009570,2026-06-28,P018,C027,1,78,0.0,78.0,62,62
T009571,2026-06-28,P019,C028,7,230,5.0,1529.5,150,1050
T009572,2026-06-28,P008,C023,10,6200,10.0,55800.0,4200,42000
T009573,2026-06-28,P019,C016,5,230,8.0,1058.0,150,750
T009574,2026-06-29,P013,C034,2,2900,12.0,5104.0,2100,4200
T009575,2026-06-29,P004,C018,2,340,12.0,598.4,220,440
T009576,2026-06-29,P013,C009,18,2900,0.0,52200.0,2100,37800
T009577,2026-06-29,P019,C010,1,230,5.0,218.5,150,150
T009578,2026-06-29,P008,C039,4,6200,5.0,23560.0,4200,16800
T009579,2026-06-29,P014,C031,1,260,0.0,260.0,180,180
T009580,2026-06-29,P013,C014,5,2900,8.0,13340.0,2100,10500
T009581,2026-06-29,P012,C008,1,5200,10.0,4680.0,3800,3800
T002152,2024-06-29,P018,C010,7,78,5.0,518.7,62,434
T004423,2025-03-08,P003,C019,1,1250,5.0,1187.5,900,900
T004838,2025-04-09,P009,C018,22,600,12.0,11616.0,420,9240
T001987,2024-06-13,P012,C002,7,5200,5.0,34580.0,3800,26600
T005183,2025-05-04,P019,C023,10,230,5.0,2185.0,150,1500
T002306,2024-07-22,P010,C015,1,380,8.0,349.6,260,260
T004072,2025-02-04,P020,C026,7,3100,0.0,21700.0,2200,15400
T008713,2026-04-20,P009,C024,15,600,12.0,7920.0,420,6300
T007580,2026-01-06,P012,C025,2,5200,10.0,9360.0,3800,7600
T007272,2025-12-05,P003,C040,10,1250,5.0,11875.0,900,9000
T007030,2025-11-15,P003,C012,3,1250,0.0,3750.0,900,2700
T004364,2025-03-04,P010,C007,15,380,0.0,5700.0,260,3900
T004196,2025-02-16,P003,C038,10,1250,12.0,11000.0,900,9000
T002980,2024-10-14,P011,C009,11,2600,0.0,28600.0,1800,19800
T002210,2024-07-07,P016,C039,4,2100,5.0,7980.0,1400,5600
T006013,2025-07-30,P003,C016,5,1250,10.0,5625.0,900,4500
T005858,2025-07-03,P009,C024,6,600,5.0,3420.0,420,2520
T004535,2025-03-17,P008,C024,6,6200,0.0,37200.0,4200,25200
T002652,2024-09-12,P001,C030,9,3200,10.0,25920.0,2400,21600
T004669,2025-03-27,P002,C014,1,900,0.0,900.0,650,650
T008400,2026-03-28,P001,C016,1,3200,8.0,2944.0,2400,2400
T008168,2026-03-10,P017,C009,4,420,0.0,1680.0,340,1360
T008715,2026-04-20,P011,C027,4,2600,0.0,10400.0,1800,7200
T003473,2024-11-27,P002,C018,6,900,0.0,5400.0,650,3900
T006927,2025-11-07,P014,C006,2,260,10.0,468.0,180,360
T000308,2024-02-02,P006,C016,5,82,10.0,369.0,55,275
T001471,2024-05-04,P008,C020,5,6200,10.0,27900.0,4200,21000
T003870,2025-01-11,P005,C018,8,48,10.0,345.6,32,256
T007931,2026-02-15,P007,C027,7,1850,0.0,12950.0,1200,8400
T002962,2024-10-13,P020,C025,11,3100,0.0,34100.0,2200,24200
